"category","category_id","sub_category","sub_category_id","plan_title_en","plan_title_id","subtitle_en","subtitle_id","total_days","summary_en","summary_id","cover_prompt","cover_url","day","section_title_en","section_title_id","devotion_en","devotion_id","verses_en","verses_id","reflection_en","reflection_id","prayer_en","prayer_id"
"Family","Keluarga","Parenting with Faith","Mendidik Anak dengan Iman","Little Hearts, Big Faith","Hati Kecil, Iman yang Besar","Planting the seeds of faith in your young child","Menanamkan benih iman pada anak kecil Anda","5","A five-day devotional for parents of young children, exploring how ordinary moments — bedtime prayers, mealtime blessings, a scraped knee, a bedtime story — become the soil where a child's faith first takes root, and how a parent's quiet, consistent example teaches more than any sermon ever could.","Renungan lima hari bagi orang tua dengan anak kecil, yang menelusuri bagaimana momen-momen sederhana — doa sebelum tidur, syukur sebelum makan, lutut yang terluka, cerita sebelum tidur — menjadi tanah tempat iman anak mulai berakar, dan bagaimana teladan orang tua yang tenang dan konsisten mengajarkan lebih banyak daripada khotbah mana pun.","A gentle watercolor illustration in soft, luminous washes: a young mother and father kneeling beside a small child's bed at dusk, hands folded together in prayer, a single warm lamp glowing on the nightstand beside a picture-book and a small wooden cross. Loose, bleeding watercolor edges, visible paper texture, and soft bloom effects give the scene a tender, handmade, storybook quality. Palette: dusty rose, warm honey-gold, soft sage green, and muted lavender-blue shadows, with cream-white negative space. Mood is hushed, safe, and quietly luminous, like the last page of a bedtime story. All lettering is grouped together at the very top of the composition for maximum legibility, stacked on a soft solid-color band or gentle scrim so it stays readable against the artwork behind it: the title ""Little Hearts, Big Faith"" first, largest, in a rounded, hand-lettered brush script; directly beneath it the smaller subtitle ""Planting the seeds of faith in your young child""; and directly beneath the subtitle a compact rounded pill reading ""5 DAYS"" in bold small caps. Nothing else overlaps the illustration below. Mood: tender, hushed, storybook warmth.","","1","The Soil Beneath Their Feet","Tanah di Bawah Kaki Mereka","Long before a child can recite a creed or understand a sermon, they are already learning what faith looks like — from the way we fold our hands before dinner, the way we pause to thank God for a sunny morning, the way we speak about Him at all. Faith in the early years is caught far more than it is taught. A three-year-old cannot follow a theological argument, but she can absolutely notice whether Mommy and Daddy actually pray, or just talk about praying.

This is both a comfort and a gentle challenge. It is a comfort because it means we don't need elaborate programs or perfect words to raise a faithful child — we simply need to live our own faith honestly and warmly in front of them. It is a challenge because children are remarkably perceptive; they notice the gap between what we say on Sunday and how we act on Tuesday. Many parents find that the desire to raise faithful children becomes one of the strongest motivations to deepen their own walk with God.

Deuteronomy 6 gives us a beautiful picture of what this looks like in daily life — not a formal curriculum, but faith woven into walking, sitting, lying down, and rising up. It happens in the car, at the table, during bath time. The soil of a child's heart is being prepared every single day, in ways that feel unremarkable in the moment but accumulate into something lasting.

Today, consider one ordinary moment in your day — a meal, a car ride, a goodnight — where you might let your child see your faith a little more plainly. Not a lecture. Just a visible, honest moment of turning toward God together.","Jauh sebelum seorang anak dapat mengucapkan pengakuan iman atau memahami sebuah khotbah, mereka sudah belajar seperti apa rupa iman itu — dari cara kita melipat tangan sebelum makan, cara kita berhenti sejenak untuk bersyukur atas pagi yang cerah, cara kita berbicara tentang Tuhan sama sekali. Iman pada tahun-tahun awal lebih banyak ditangkap daripada diajarkan. Seorang anak berusia tiga tahun tidak dapat mengikuti argumen teologis, tetapi ia benar-benar dapat memperhatikan apakah Ayah dan Ibu sungguh-sungguh berdoa, atau hanya membicarakan tentang berdoa.

Ini adalah penghiburan sekaligus tantangan yang lembut. Penghiburan, karena ini berarti kita tidak memerlukan program yang rumit atau kata-kata yang sempurna untuk membesarkan anak yang beriman — kita hanya perlu menjalani iman kita sendiri dengan jujur dan hangat di hadapan mereka. Tantangan, karena anak-anak sangat peka; mereka memperhatikan jarak antara apa yang kita katakan pada hari Minggu dan bagaimana kita bersikap pada hari Selasa. Banyak orang tua merasa bahwa keinginan untuk membesarkan anak yang beriman justru menjadi salah satu dorongan terkuat untuk memperdalam perjalanan iman mereka sendiri.

Ulangan 6 memberi kita gambaran indah tentang seperti apa hal ini dalam kehidupan sehari-hari — bukan kurikulum formal, melainkan iman yang dijalin ke dalam saat berjalan, duduk, berbaring, dan bangun. Ini terjadi di dalam mobil, di meja makan, saat waktu mandi. Tanah hati seorang anak sedang disiapkan setiap hari, dengan cara yang terasa biasa saja pada saat itu tetapi terkumpul menjadi sesuatu yang bertahan lama.

Hari ini, pikirkanlah satu momen biasa dalam hari Anda — makan bersama, perjalanan dengan mobil, ucapan selamat malam — di mana Anda bisa membiarkan anak Anda melihat iman Anda sedikit lebih nyata. Bukan ceramah. Hanya momen yang terlihat, jujur, saat berpaling bersama kepada Tuhan.","Deuteronomy 6:6-7 | These commandments that I give you today are to be on your hearts. Impress them on your children. Talk about them when you sit at home and when you walk along the road, when you lie down and when you get up.","Ulangan 6:6-7 | Apa yang kuperintahkan kepadamu pada hari ini haruslah engkau perhatikan, haruslah engkau mengajarkannya berulang-ulang kepada anak-anakmu dan membicarakannya apabila engkau duduk di rumahmu, apabila engkau sedang dalam perjalanan, apabila engkau berbaring dan apabila engkau bangun.","Faith is caught in the ordinary moments of your day — where might your child be watching you today?","Iman ditangkap dalam momen-momen biasa harimu — di manakah anak Anda mungkin sedang memperhatikan Anda hari ini?","Lord, make my ordinary days into holy ground for my child. Let them see You in the small things I do — in my patience, my gratitude, my prayers. Teach me to live my faith out loud, not because I am perfect, but because I am honest. Amen.","Tuhan, jadikanlah hari-hariku yang biasa menjadi tanah yang kudus bagi anakku. Biarlah mereka melihat Engkau dalam hal-hal kecil yang kulakukan — dalam kesabaranku, rasa syukurku, doa-doaku. Ajarku untuk menghidupi imanku secara nyata, bukan karena aku sempurna, tetapi karena aku jujur. Amin."
"Family","Keluarga","Parenting with Faith","Mendidik Anak dengan Iman","Little Hearts, Big Faith","Hati Kecil, Iman yang Besar","Planting the seeds of faith in your young child","Menanamkan benih iman pada anak kecil Anda","5","A five-day devotional for parents of young children, exploring how ordinary moments — bedtime prayers, mealtime blessings, a scraped knee, a bedtime story — become the soil where a child's faith first takes root, and how a parent's quiet, consistent example teaches more than any sermon ever could.","Renungan lima hari bagi orang tua dengan anak kecil, yang menelusuri bagaimana momen-momen sederhana — doa sebelum tidur, syukur sebelum makan, lutut yang terluka, cerita sebelum tidur — menjadi tanah tempat iman anak mulai berakar, dan bagaimana teladan orang tua yang tenang dan konsisten mengajarkan lebih banyak daripada khotbah mana pun.","A gentle watercolor illustration in soft, luminous washes: a young mother and father kneeling beside a small child's bed at dusk, hands folded together in prayer, a single warm lamp glowing on the nightstand beside a picture-book and a small wooden cross. Loose, bleeding watercolor edges, visible paper texture, and soft bloom effects give the scene a tender, handmade, storybook quality. Palette: dusty rose, warm honey-gold, soft sage green, and muted lavender-blue shadows, with cream-white negative space. Mood is hushed, safe, and quietly luminous, like the last page of a bedtime story. All lettering is grouped together at the very top of the composition for maximum legibility, stacked on a soft solid-color band or gentle scrim so it stays readable against the artwork behind it: the title ""Little Hearts, Big Faith"" first, largest, in a rounded, hand-lettered brush script; directly beneath it the smaller subtitle ""Planting the seeds of faith in your young child""; and directly beneath the subtitle a compact rounded pill reading ""5 DAYS"" in bold small caps. Nothing else overlaps the illustration below. Mood: tender, hushed, storybook warmth.","","2","A Gift, Not a Possession","Anugerah, Bukan Milik","It is easy, especially in the exhausting early years, to slip into thinking of our children as projects to manage or extensions of ourselves to shape into our own image. Psalm 127 offers a different, freeing perspective: children are a heritage from the Lord, a reward. They are gifts entrusted to us, not possessions we own outright. This distinction changes everything about how we parent.

When we see our children as gifts, we hold them with open hands rather than a clenched fist. We can still guide, correct, and teach — but we do it as stewards caring for something precious that ultimately belongs to God, not as owners defending our territory. This posture takes real pressure off. We are not solely responsible for engineering a perfect outcome; we are invited to partner with God, who loves this child even more than we do.

Many parents describe a particular moment — watching a sleeping child, or hearing an unexpected word of wisdom from a small mouth — when this truth becomes suddenly, tearfully real: this child was never fully ours to control. They were lent to us for a season, to love, to guide, and eventually to release into their own calling. That realization can soften the grip of anxiety that so often comes with parenting.

Today, try holding your child a little more loosely in your heart — not with less love, but with less fear. Thank God specifically for this particular child, with their particular quirks and questions and stubbornness, as the gift they are.","Sangat mudah, terutama pada tahun-tahun awal yang melelahkan, untuk mulai memandang anak-anak kita sebagai proyek yang harus dikelola atau perpanjangan diri kita yang harus dibentuk menurut gambaran kita sendiri. Mazmur 127 menawarkan perspektif lain yang membebaskan: anak-anak adalah milik pusaka dari TUHAN, suatu upah. Mereka adalah anugerah yang dipercayakan kepada kita, bukan milik yang kita kuasai sepenuhnya. Perbedaan ini mengubah segalanya tentang cara kita mendidik anak.

Ketika kita memandang anak-anak kita sebagai anugerah, kita memegang mereka dengan tangan terbuka, bukan dengan kepalan tangan. Kita tetap dapat membimbing, menegur, dan mengajar — tetapi kita melakukannya sebagai penatalayan yang merawat sesuatu yang berharga yang pada akhirnya adalah milik Tuhan, bukan sebagai pemilik yang mempertahankan wilayahnya. Sikap ini benar-benar meringankan beban. Kita tidak sepenuhnya bertanggung jawab untuk merekayasa hasil yang sempurna; kita diundang untuk bekerja sama dengan Tuhan, yang mengasihi anak ini bahkan lebih dari kita.

Banyak orang tua menggambarkan suatu momen tertentu — memandangi anak yang sedang tidur, atau mendengar kata-kata bijak yang tak terduga dari mulut yang kecil — ketika kebenaran ini tiba-tiba terasa nyata, bahkan mengharukan: anak ini tidak pernah sepenuhnya milik kita untuk dikendalikan. Mereka dipinjamkan kepada kita untuk suatu musim, untuk dikasihi, dibimbing, dan pada akhirnya dilepaskan menuju panggilan mereka sendiri. Kesadaran itu dapat melembutkan cengkeraman kecemasan yang begitu sering menyertai peran sebagai orang tua.

Hari ini, cobalah memegang anak Anda sedikit lebih longgar di dalam hati Anda — bukan dengan kasih yang lebih sedikit, melainkan dengan rasa takut yang lebih sedikit. Bersyukurlah secara khusus kepada Tuhan atas anak Anda yang ini, dengan keunikan, pertanyaan, dan kekeraskepalaannya, sebagai anugerah yang memang ia adanya.","Psalm 127:3 | Children are a heritage from the Lord, offspring a reward from him.","Mazmur 127:3 | Sesungguhnya anak-anak lelaki adalah milik pusaka dari TUHAN, dan buah kandungan adalah suatu upah.","Can you thank God today for exactly this child, quirks and all, as a gift rather than a task to complete?","Dapatkah Anda bersyukur kepada Tuhan hari ini atas anak Anda ini apa adanya, dengan segala keunikannya, sebagai anugerah dan bukan sekadar tugas yang harus diselesaikan?","Father, thank You for the gift of my child. Help me hold them with open hands, trusting that You love them even more than I do. Free me from the fear of getting everything right, and fill me instead with gratitude for this season of loving them. Amen.","Bapa, terima kasih atas anugerah anakku. Tolong aku untuk memegangnya dengan tangan terbuka, percaya bahwa Engkau mengasihinya bahkan lebih daripada aku. Bebaskan aku dari rasa takut harus melakukan semuanya dengan sempurna, dan penuhilah aku sebaliknya dengan rasa syukur atas musim mengasihi mereka ini. Amin."
"Family","Keluarga","Parenting with Faith","Mendidik Anak dengan Iman","Little Hearts, Big Faith","Hati Kecil, Iman yang Besar","Planting the seeds of faith in your young child","Menanamkan benih iman pada anak kecil Anda","5","A five-day devotional for parents of young children, exploring how ordinary moments — bedtime prayers, mealtime blessings, a scraped knee, a bedtime story — become the soil where a child's faith first takes root, and how a parent's quiet, consistent example teaches more than any sermon ever could.","Renungan lima hari bagi orang tua dengan anak kecil, yang menelusuri bagaimana momen-momen sederhana — doa sebelum tidur, syukur sebelum makan, lutut yang terluka, cerita sebelum tidur — menjadi tanah tempat iman anak mulai berakar, dan bagaimana teladan orang tua yang tenang dan konsisten mengajarkan lebih banyak daripada khotbah mana pun.","A gentle watercolor illustration in soft, luminous washes: a young mother and father kneeling beside a small child's bed at dusk, hands folded together in prayer, a single warm lamp glowing on the nightstand beside a picture-book and a small wooden cross. Loose, bleeding watercolor edges, visible paper texture, and soft bloom effects give the scene a tender, handmade, storybook quality. Palette: dusty rose, warm honey-gold, soft sage green, and muted lavender-blue shadows, with cream-white negative space. Mood is hushed, safe, and quietly luminous, like the last page of a bedtime story. All lettering is grouped together at the very top of the composition for maximum legibility, stacked on a soft solid-color band or gentle scrim so it stays readable against the artwork behind it: the title ""Little Hearts, Big Faith"" first, largest, in a rounded, hand-lettered brush script; directly beneath it the smaller subtitle ""Planting the seeds of faith in your young child""; and directly beneath the subtitle a compact rounded pill reading ""5 DAYS"" in bold small caps. Nothing else overlaps the illustration below. Mood: tender, hushed, storybook warmth.","","3","Let the Little Ones Come","Biarkan Anak-Anak Kecil Itu Datang","There is a scene in the Gospels that never fails to move parents of young children: the disciples, trying to protect Jesus' time and energy, turning away parents who were bringing their little ones to Him. And Jesus, indignant, says the opposite of what they expected — let the children come, do not hinder them, for the kingdom of God belongs to such as these. He did not see children as an interruption. He saw them as a picture of the kingdom itself.

This should shape how we think about a young child's spirituality. We sometimes assume real faith begins later — after they can read, after they can sit still, after they can articulate doctrine. But Jesus points the other direction: children already model something essential about faith — trust, dependence, uncomplicated love. We are not merely preparing our children for faith someday; in some ways, they are already showing us what faith looks like today.

This changes how we treat a toddler's prayers, however simple, however interrupted by giggles or a wandering mind. A three-year-old's clumsy, sincere 'thank you God for my dog and my blanket' is not a lesser prayer waiting to mature into something more sophisticated — it may be closer to the trust Jesus was describing than our own anxious, wordy adult prayers.

Today, watch your child's simple faith with fresh eyes. Let their uncomplicated trust in God, and in you, teach you something about the kind of faith Jesus welcomed.","Ada satu adegan dalam Injil yang selalu menyentuh hati para orang tua dengan anak kecil: para murid, yang berusaha melindungi waktu dan tenaga Yesus, mengusir orang tua yang membawa anak-anak kecil mereka kepada-Nya. Dan Yesus, dengan hati yang tergerak, berkata sebaliknya dari yang mereka duga — biarkan anak-anak itu datang, jangan menghalangi mereka, sebab orang-orang yang seperti itulah yang empunya Kerajaan Allah. Ia tidak memandang anak-anak sebagai gangguan. Ia melihat mereka sebagai gambaran dari Kerajaan itu sendiri.

Hal ini seharusnya membentuk cara kita memandang kerohanian seorang anak kecil. Kita kadang mengira iman yang sungguh-sungguh baru dimulai kemudian — setelah mereka bisa membaca, setelah mereka bisa duduk diam, setelah mereka bisa mengungkapkan ajaran dengan jelas. Namun Yesus menunjuk ke arah yang berbeda: anak-anak sudah menunjukkan sesuatu yang mendasar tentang iman — kepercayaan, ketergantungan, kasih yang tidak rumit. Kita tidak sekadar menyiapkan anak-anak kita untuk beriman suatu hari nanti; dalam banyak hal, mereka sudah menunjukkan kepada kita seperti apa iman itu hari ini.

Ini mengubah cara kita memandang doa seorang balita, sesederhana apa pun, sesering apa pun terputus oleh tawa cekikikan atau pikiran yang melayang. Doa seorang anak berusia tiga tahun yang kikuk namun tulus, 'terima kasih Tuhan untuk anjingku dan selimutku,' bukanlah doa yang lebih rendah yang menunggu untuk berkembang menjadi sesuatu yang lebih canggih — doa itu mungkin lebih dekat dengan kepercayaan yang digambarkan Yesus dibandingkan doa-doa panjang dan cemas kita sebagai orang dewasa.

Hari ini, pandanglah iman sederhana anak Anda dengan mata yang baru. Biarkan kepercayaan mereka yang tidak rumit kepada Tuhan, dan kepada Anda, mengajarkan sesuatu kepada Anda tentang iman seperti apa yang disambut Yesus.","Mark 10:14 | Let the little children come to me, and do not hinder them, for the kingdom of God belongs to such as these.","Markus 10:14 | Biarkan anak-anak itu datang kepada-Ku, jangan menghalang-halangi mereka, sebab orang-orang yang seperti itulah yang empunya Kerajaan Allah.","What might your child's simple, trusting prayers be teaching you about faith right now?","Apa yang mungkin sedang diajarkan oleh doa anak Anda yang sederhana dan penuh percaya kepada Anda tentang iman saat ini?","Jesus, thank You for welcoming children so warmly. Help me never treat my child's presence, or their questions, or their simple prayers, as an interruption. Let me learn from their trust even as I try to teach them. Amen.","Tuhan Yesus, terima kasih karena Engkau menyambut anak-anak dengan begitu hangat. Tolong aku untuk tidak pernah menganggap kehadiran anakku, pertanyaan-pertanyaannya, atau doa-doanya yang sederhana sebagai gangguan. Biarkan aku belajar dari kepercayaan mereka bahkan sambil aku berusaha mengajar mereka. Amin."
"Family","Keluarga","Parenting with Faith","Mendidik Anak dengan Iman","Little Hearts, Big Faith","Hati Kecil, Iman yang Besar","Planting the seeds of faith in your young child","Menanamkan benih iman pada anak kecil Anda","5","A five-day devotional for parents of young children, exploring how ordinary moments — bedtime prayers, mealtime blessings, a scraped knee, a bedtime story — become the soil where a child's faith first takes root, and how a parent's quiet, consistent example teaches more than any sermon ever could.","Renungan lima hari bagi orang tua dengan anak kecil, yang menelusuri bagaimana momen-momen sederhana — doa sebelum tidur, syukur sebelum makan, lutut yang terluka, cerita sebelum tidur — menjadi tanah tempat iman anak mulai berakar, dan bagaimana teladan orang tua yang tenang dan konsisten mengajarkan lebih banyak daripada khotbah mana pun.","A gentle watercolor illustration in soft, luminous washes: a young mother and father kneeling beside a small child's bed at dusk, hands folded together in prayer, a single warm lamp glowing on the nightstand beside a picture-book and a small wooden cross. Loose, bleeding watercolor edges, visible paper texture, and soft bloom effects give the scene a tender, handmade, storybook quality. Palette: dusty rose, warm honey-gold, soft sage green, and muted lavender-blue shadows, with cream-white negative space. Mood is hushed, safe, and quietly luminous, like the last page of a bedtime story. All lettering is grouped together at the very top of the composition for maximum legibility, stacked on a soft solid-color band or gentle scrim so it stays readable against the artwork behind it: the title ""Little Hearts, Big Faith"" first, largest, in a rounded, hand-lettered brush script; directly beneath it the smaller subtitle ""Planting the seeds of faith in your young child""; and directly beneath the subtitle a compact rounded pill reading ""5 DAYS"" in bold small caps. Nothing else overlaps the illustration below. Mood: tender, hushed, storybook warmth.","","4","Blessing at the Table","Berkat di Meja Makan","So much of a child's earliest sense of God is shaped not in church but at the kitchen table, in the small ritual of pausing before a meal to give thanks. It seems almost too ordinary to matter — a few seconds of folded hands before spaghetti or scrambled eggs. But these tiny, repeated rituals build something enormous over years: a child's instinctive sense that gratitude to God is simply part of how our family lives.

3 John speaks of a joy greater than any other — hearing that one's children are walking in the truth. That kind of joy is rarely built through one dramatic conversation. It is built through thousands of small, faithful repetitions: grace before meals, a blessing at bedtime, a quiet 'thank You, God' after good news and even after disappointment. None of these moments feels significant on its own. Together, over years, they form the architecture of a child's faith.

There is a temptation to think these small rituals don't matter because they seem to lack depth — a four-year-old rushing through 'God is great, God is good' hardly seems like theology. But consistency itself teaches something theology cannot: that God is present in ordinary time, not just in special moments. Children absorb rhythm before they absorb doctrine.

Today, notice one small ritual of thanksgiving in your home — a grace, a blessing, a bedtime prayer — and receive it not as a chore to check off, but as a quiet investment in your child's lifelong sense that God belongs at the table of everyday life.","Sebagian besar dari kesan pertama seorang anak tentang Tuhan dibentuk bukan di gereja, melainkan di meja dapur, dalam ritual kecil berhenti sejenak sebelum makan untuk mengucap syukur. Rasanya hampir terlalu sederhana untuk berarti — beberapa detik tangan terlipat sebelum makan spageti atau telur dadar. Namun ritual-ritual kecil yang berulang ini membangun sesuatu yang besar selama bertahun-tahun: kesadaran alami seorang anak bahwa bersyukur kepada Tuhan adalah bagian sederhana dari cara keluarga kita hidup.

Surat 3 Yohanes berbicara tentang sukacita yang lebih besar dari yang lain — mendengar bahwa anak-anak kita hidup dalam kebenaran. Sukacita semacam itu jarang dibangun melalui satu percakapan yang dramatis. Ia dibangun melalui ribuan pengulangan kecil yang setia: doa sebelum makan, berkat sebelum tidur, 'terima kasih Tuhan' yang tenang setelah kabar baik dan bahkan setelah kekecewaan. Tidak satu pun dari momen-momen ini terasa signifikan dengan sendirinya. Bersama-sama, selama bertahun-tahun, momen-momen itu membentuk struktur iman seorang anak.

Ada godaan untuk berpikir bahwa ritual-ritual kecil ini tidak penting karena tampaknya kurang mendalam — seorang anak berusia empat tahun yang terburu-buru mengucap 'Tuhan itu besar, Tuhan itu baik' rasanya jauh dari teologi. Namun konsistensi itu sendiri mengajarkan sesuatu yang tidak bisa diajarkan oleh teologi: bahwa Tuhan hadir dalam waktu yang biasa, bukan hanya pada momen-momen istimewa. Anak-anak menyerap irama sebelum mereka menyerap ajaran.

Hari ini, perhatikan satu ritual syukur kecil di rumah Anda — doa makan, berkat, doa sebelum tidur — dan terimalah itu bukan sebagai tugas yang harus dicentang, melainkan sebagai investasi yang tenang bagi kesadaran anak Anda seumur hidup bahwa Tuhan hadir di meja kehidupan sehari-hari.","3 John 1:4 | I have no greater joy than to hear that my children are walking in the truth.","3 Yohanes 1:4 | Bagiku tidak ada sukacita yang lebih besar daripada mendengar, bahwa anak-anakku hidup dalam kebenaran.","What small daily ritual of thanksgiving could become a steady root of faith for your child?","Ritual syukur kecil apa dalam keseharian yang bisa menjadi akar iman yang mantap bagi anak Anda?","Lord, thank You for the small rituals that shape my child's heart. Even when they feel routine to me, use them to build in my child a lasting sense that You belong at every table, every bedtime, every ordinary day. Amen.","Tuhan, terima kasih atas ritual-ritual kecil yang membentuk hati anakku. Bahkan ketika terasa rutin bagiku, pakailah itu untuk membangun dalam diri anakku kesadaran yang bertahan bahwa Engkau hadir di setiap meja, setiap waktu tidur, setiap hari yang biasa. Amin."
"Family","Keluarga","Parenting with Faith","Mendidik Anak dengan Iman","Little Hearts, Big Faith","Hati Kecil, Iman yang Besar","Planting the seeds of faith in your young child","Menanamkan benih iman pada anak kecil Anda","5","A five-day devotional for parents of young children, exploring how ordinary moments — bedtime prayers, mealtime blessings, a scraped knee, a bedtime story — become the soil where a child's faith first takes root, and how a parent's quiet, consistent example teaches more than any sermon ever could.","Renungan lima hari bagi orang tua dengan anak kecil, yang menelusuri bagaimana momen-momen sederhana — doa sebelum tidur, syukur sebelum makan, lutut yang terluka, cerita sebelum tidur — menjadi tanah tempat iman anak mulai berakar, dan bagaimana teladan orang tua yang tenang dan konsisten mengajarkan lebih banyak daripada khotbah mana pun.","A gentle watercolor illustration in soft, luminous washes: a young mother and father kneeling beside a small child's bed at dusk, hands folded together in prayer, a single warm lamp glowing on the nightstand beside a picture-book and a small wooden cross. Loose, bleeding watercolor edges, visible paper texture, and soft bloom effects give the scene a tender, handmade, storybook quality. Palette: dusty rose, warm honey-gold, soft sage green, and muted lavender-blue shadows, with cream-white negative space. Mood is hushed, safe, and quietly luminous, like the last page of a bedtime story. All lettering is grouped together at the very top of the composition for maximum legibility, stacked on a soft solid-color band or gentle scrim so it stays readable against the artwork behind it: the title ""Little Hearts, Big Faith"" first, largest, in a rounded, hand-lettered brush script; directly beneath it the smaller subtitle ""Planting the seeds of faith in your young child""; and directly beneath the subtitle a compact rounded pill reading ""5 DAYS"" in bold small caps. Nothing else overlaps the illustration below. Mood: tender, hushed, storybook warmth.","","5","The Path They Will Not Depart","Jalan yang Tidak Akan Ditinggalkannya","Proverbs 22:6 is one of the most quoted, and sometimes most misunderstood, verses about parenting: 'Start children off on the way they should go, and even when they are old they will not turn from it.' It can sound like a formula or a guarantee — do this and that outcome is certain. But read as wisdom literature, it is better understood as a description of how formation tends to work: the direction we point a child in the early years shapes the direction they tend to travel, even through detours later in life.

This is not a promise that removes free will, nor a verse meant to burden parents with guilt when a grown child wanders. It is, instead, an encouragement: the seeds you plant now are not wasted, even when you cannot yet see them grow. A foundation laid in these early years — habits of prayer, a sense of belonging to a loving God, a home where faith is normal rather than forced — becomes part of the very ground a child stands on, long after they've left your house.

Many parents of grown children look back and say the same thing: they cannot point to one decisive conversation that secured their child's faith. What they can point to is years of small, faithful starts — bedtime prayers, Sunday mornings, a home where God's name was spoken with love rather than fear. That is the 'starting off' this proverb describes.

As you close this week, take heart. You do not need to finish the whole journey today. You are simply starting your child off on the way — one bedtime prayer, one grace before dinner, one honest example at a time. Trust the rest to the God who loves this child even more than you do.","Amsal 22:6 adalah salah satu ayat tentang mendidik anak yang paling sering dikutip, dan kadang paling disalahpahami: 'Didiklah orang muda menurut jalan yang patut baginya, maka pada masa tuanya pun ia tidak akan menyimpang dari pada jalan itu.' Ayat ini bisa terdengar seperti rumus atau jaminan — lakukan ini dan itu, maka hasilnya pasti. Namun jika dibaca sebagai sastra hikmat, ayat ini lebih tepat dipahami sebagai gambaran tentang bagaimana pembentukan biasanya bekerja: arah yang kita tunjukkan kepada seorang anak pada tahun-tahun awal membentuk arah yang cenderung mereka tempuh, bahkan melalui jalan memutar di kemudian hari.

Ini bukan janji yang menghapus kehendak bebas, juga bukan ayat yang dimaksudkan untuk membebani orang tua dengan rasa bersalah ketika anak yang sudah dewasa mengembara. Sebaliknya, ini adalah dorongan semangat: benih yang Anda tanam sekarang tidak sia-sia, bahkan ketika Anda belum dapat melihatnya bertumbuh. Fondasi yang diletakkan pada tahun-tahun awal ini — kebiasaan berdoa, kesadaran akan menjadi milik Tuhan yang mengasihi, rumah tempat iman terasa wajar bukan dipaksakan — menjadi bagian dari tanah tempat seorang anak berdiri, jauh setelah mereka meninggalkan rumah Anda.

Banyak orang tua dengan anak yang sudah dewasa menoleh ke belakang dan mengatakan hal yang sama: mereka tidak dapat menunjuk satu percakapan yang menentukan yang mengukuhkan iman anak mereka. Yang dapat mereka tunjuk adalah bertahun-tahun permulaan kecil yang setia — doa sebelum tidur, pagi hari Minggu, rumah tempat nama Tuhan diucapkan dengan kasih dan bukan dengan rasa takut. Itulah 'permulaan' yang digambarkan amsal ini.

Saat Anda menutup minggu ini, kuatkanlah hati. Anda tidak perlu menyelesaikan seluruh perjalanan hari ini. Anda hanya sedang memulai anak Anda pada jalan itu — satu doa sebelum tidur, satu syukur sebelum makan, satu teladan yang jujur, pada satu waktu. Percayakan sisanya kepada Tuhan yang mengasihi anak ini bahkan lebih daripada Anda.","Proverbs 22:6 | Start children off on the way they should go, and even when they are old they will not turn from it.","Amsal 22:6 | Didiklah orang muda menurut jalan yang patut baginya, maka pada masa tuanya pun ia tidak akan menyimpang dari pada jalan itu.","What small, faithful 'start' can you offer your child today, trusting God with the years ahead?","Permulaan kecil apa yang setia dapat Anda berikan kepada anak Anda hari ini, sambil mempercayakan tahun-tahun mendatang kepada Tuhan?","Lord, I entrust the whole journey of my child's faith to You. Help me be faithful in these small early starts, and trust You with the years I cannot control. Root my child so deeply in Your love that even life's detours cannot fully uproot them. Amen.","Tuhan, kupercayakan seluruh perjalanan iman anakku kepada-Mu. Tolong aku setia dalam permulaan-permulaan kecil ini, dan percayakan kepada-Mu tahun-tahun yang tidak dapat kukendalikan. Akarkanlah anakku begitu dalam pada kasih-Mu sehingga bahkan jalan memutar dalam hidup tidak akan sepenuhnya mencabutnya. Amin."
"Family","Keluarga","Parenting with Faith","Mendidik Anak dengan Iman","Letting Go, Holding On in Prayer","Melepaskan, namun Tetap Berpegang dalam Doa","A seven-day journey of entrusting your children to God","Perjalanan tujuh hari mempercayakan anak-anak Anda kepada Tuhan","7","A seven-day devotional for parents learning the lifelong art of releasing their children into God's hands — through prayer, trust, and surrender — rather than trying to control every outcome, drawing on the examples of Hannah, the psalmists, and the promises of a Father who never stops watching over our children.","Renungan tujuh hari bagi orang tua yang sedang belajar seni seumur hidup untuk melepaskan anak-anak mereka ke dalam tangan Tuhan — melalui doa, kepercayaan, dan penyerahan diri — alih-alih berusaha mengendalikan setiap hasil, dengan belajar dari teladan Hana, para pemazmur, dan janji-janji Bapa yang tidak pernah berhenti menjaga anak-anak kita.","A serene gouache and ink-wash illustration: a mother's silhouette standing at an open window at early dawn, arms slightly lifted in prayer, as a flock of small birds lifts off from her open palms into a wide pastel sky — a visual metaphor for releasing a child into God's care. Soft layered ink-wash clouds, delicate gouache highlights, and a light hand-brushed texture throughout give the piece a calm, meditative, Japanese-influenced painterly quality. Palette: dawn peach, muted indigo-blue, warm cream, and soft gold for the light breaking through. Mood is quiet, hopeful, and surrendered — like a held breath finally released. All lettering is grouped together at the very top of the composition for maximum legibility, stacked on a soft solid-color band or gentle scrim so it stays readable against the artwork behind it: the title ""Letting Go, Holding On in Prayer"" first, largest, in an elegant thin serif; directly beneath it the smaller subtitle ""A seven-day journey of entrusting your children to God""; and directly beneath the subtitle a compact rounded pill reading ""7 DAYS"" in bold small caps. Nothing else overlaps the illustration below. Mood: quiet surrender, dawn-light hope.","","1","A Prayer Before They Existed","Doa Sebelum Mereka Ada","Hannah's story begins not with a child, but with years of longing and a desperate prayer poured out before God in the temple. When her son Samuel was finally born, she did something remarkable: she dedicated him back to the Lord, keeping her promise even though it meant releasing him into the temple's care while still young. Her love for Samuel was not diminished by this surrender — if anything, it was purified by it.

Many parents pray fervently for a child before that child ever exists — for conception, for a safe birth, for a healthy start. But somewhere in the daily grind of parenting, that posture of surrendered prayer can quietly shift into a posture of control, as if the goal were now to manage every outcome ourselves rather than continuing to entrust this child to the God who gave them in the first place.

Hannah's prayer of dedication offers a corrective. It reminds us that our children were never truly ours to begin with — they were asked for, prayed over, and given. The same posture that brought us to our knees in longing can bring us back to our knees in trust, again and again, at every stage of a child's life, not just at the beginning.

Today, consider returning to that original posture of prayer — the one you may have had before your child was even born, or when they were first placed in your arms. What would it look like to entrust them to God again today, as freshly as you did then?","Kisah Hana dimulai bukan dengan seorang anak, melainkan dengan bertahun-tahun kerinduan dan doa yang tercurah dengan putus asa di hadapan Tuhan di bait suci. Ketika putranya, Samuel, akhirnya lahir, ia melakukan sesuatu yang luar biasa: ia mempersembahkan Samuel kembali kepada TUHAN, menepati janjinya meskipun itu berarti melepaskannya ke dalam perawatan bait suci sejak usia dini. Kasihnya kepada Samuel tidak berkurang karena penyerahan ini — justru, kasih itu dimurnikan olehnya.

Banyak orang tua berdoa dengan sungguh-sungguh untuk seorang anak bahkan sebelum anak itu ada — untuk kehamilan, untuk kelahiran yang selamat, untuk permulaan yang sehat. Namun di suatu titik dalam kesibukan sehari-hari mendidik anak, sikap doa yang penuh penyerahan itu bisa diam-diam bergeser menjadi sikap mengendalikan, seolah-olah tujuannya kini adalah mengatur sendiri setiap hasil, bukannya terus mempercayakan anak ini kepada Tuhan yang memberikannya sejak semula.

Doa pentahbisan Hana memberikan koreksi. Ini mengingatkan kita bahwa anak-anak kita sesungguhnya tidak pernah sepenuhnya milik kita — mereka diminta, didoakan, dan diberikan. Sikap yang sama yang membawa kita berlutut dalam kerinduan dapat membawa kita kembali berlutut dalam kepercayaan, berulang kali, di setiap tahap kehidupan seorang anak, bukan hanya di awal.

Hari ini, pertimbangkan untuk kembali ke sikap doa yang semula itu — sikap yang mungkin Anda miliki sebelum anak Anda bahkan lahir, atau ketika mereka pertama kali diletakkan di pelukan Anda. Seperti apa rasanya mempercayakan mereka kepada Tuhan lagi hari ini, sesegar saat itu?","1 Samuel 1:27 | I prayed for this child, and the Lord has granted me what I asked of him.","1 Samuel 1:27 | Untuk anak inilah aku berdoa dan TUHAN telah memberikan kepadaku apa yang kuminta dari pada-Nya.","What would it look like to entrust your child to God again today, as freshly as the day they were given to you?","Seperti apa rasanya mempercayakan anak Anda kepada Tuhan lagi hari ini, sesegar hari ketika mereka diberikan kepada Anda?","Lord, this child was always Yours before he or she was mine. Help me return, again and again, to a posture of surrendered prayer rather than anxious control. I entrust my child to You today, just as freshly as the day You gave them to me. Amen.","Tuhan, anak ini selalu menjadi milik-Mu sebelum menjadi milikku. Tolong aku untuk kembali, berulang kali, kepada sikap doa yang penuh penyerahan dan bukan kendali yang cemas. Aku mempercayakan anakku kepada-Mu hari ini, sesegar hari ketika Engkau memberikannya kepadaku. Amin."
"Family","Keluarga","Parenting with Faith","Mendidik Anak dengan Iman","Letting Go, Holding On in Prayer","Melepaskan, namun Tetap Berpegang dalam Doa","A seven-day journey of entrusting your children to God","Perjalanan tujuh hari mempercayakan anak-anak Anda kepada Tuhan","7","A seven-day devotional for parents learning the lifelong art of releasing their children into God's hands — through prayer, trust, and surrender — rather than trying to control every outcome, drawing on the examples of Hannah, the psalmists, and the promises of a Father who never stops watching over our children.","Renungan tujuh hari bagi orang tua yang sedang belajar seni seumur hidup untuk melepaskan anak-anak mereka ke dalam tangan Tuhan — melalui doa, kepercayaan, dan penyerahan diri — alih-alih berusaha mengendalikan setiap hasil, dengan belajar dari teladan Hana, para pemazmur, dan janji-janji Bapa yang tidak pernah berhenti menjaga anak-anak kita.","A serene gouache and ink-wash illustration: a mother's silhouette standing at an open window at early dawn, arms slightly lifted in prayer, as a flock of small birds lifts off from her open palms into a wide pastel sky — a visual metaphor for releasing a child into God's care. Soft layered ink-wash clouds, delicate gouache highlights, and a light hand-brushed texture throughout give the piece a calm, meditative, Japanese-influenced painterly quality. Palette: dawn peach, muted indigo-blue, warm cream, and soft gold for the light breaking through. Mood is quiet, hopeful, and surrendered — like a held breath finally released. All lettering is grouped together at the very top of the composition for maximum legibility, stacked on a soft solid-color band or gentle scrim so it stays readable against the artwork behind it: the title ""Letting Go, Holding On in Prayer"" first, largest, in an elegant thin serif; directly beneath it the smaller subtitle ""A seven-day journey of entrusting your children to God""; and directly beneath the subtitle a compact rounded pill reading ""7 DAYS"" in bold small caps. Nothing else overlaps the illustration below. Mood: quiet surrender, dawn-light hope.","","2","The Weight We Were Never Meant to Carry","Beban yang Tidak Pernah Dimaksudkan untuk Kita Pikul","Anxiety about our children can be one of the heaviest burdens a parent carries. Will they be safe? Will they make good choices? Will they keep the faith we've tried to give them? These worries are not foolish — they come from real love — but left unchecked, they can grow into a weight we were never designed to bear alone.

Paul's words to the Philippians were not written to parents specifically, but they land with particular force in a parent's heart: do not be anxious about anything, but in every situation, through prayer and petition, present your requests to God. This is not a call to stop caring. It is an invitation to stop carrying the anxiety alone and instead hand it, specifically and repeatedly, to God.

There is a real difference between concern and anxiety. Concern moves us to pray, to guide, to have honest conversations with our children. Anxiety, by contrast, often just circles endlessly in our minds, solving nothing, exhausting us, and sometimes even communicating fear to our children rather than faith. The peace Paul promises — a peace that transcends understanding — is not the absence of a reason to worry. It is God's presence guarding our hearts even while real challenges remain.

Today, try naming one specific worry about your child out loud in prayer, handing it to God by name rather than letting it circle silently in your mind. Notice whether simply speaking it as a prayer, rather than carrying it as a private burden, begins to loosen its grip.","Kecemasan tentang anak-anak kita bisa menjadi salah satu beban terberat yang dipikul seorang orang tua. Akankah mereka aman? Akankah mereka membuat pilihan yang baik? Akankah mereka mempertahankan iman yang telah kita coba berikan? Kekhawatiran ini bukanlah hal yang bodoh — ia lahir dari kasih yang sungguh — tetapi jika dibiarkan, ia dapat tumbuh menjadi beban yang tidak pernah dirancang untuk kita pikul sendirian.

Kata-kata Paulus kepada jemaat di Filipi tidak ditulis khusus untuk para orang tua, tetapi kata-kata itu mengena dengan kekuatan tersendiri di hati seorang orang tua: janganlah hendaknya kamu kuatir tentang apa pun juga, tetapi dalam segala hal nyatakanlah keinginanmu kepada Allah dalam doa dan permohonan. Ini bukan ajakan untuk berhenti peduli. Ini adalah undangan untuk berhenti memikul kecemasan itu sendirian dan sebaliknya menyerahkannya, secara khusus dan berulang kali, kepada Tuhan.

Ada perbedaan nyata antara kepedulian dan kecemasan. Kepedulian menggerakkan kita untuk berdoa, membimbing, dan berbicara secara jujur dengan anak-anak kita. Kecemasan, sebaliknya, sering kali hanya berputar-putar tanpa henti dalam pikiran kita, tidak menyelesaikan apa pun, menguras tenaga kita, dan kadang bahkan menyampaikan rasa takut kepada anak-anak kita, bukan iman. Damai sejahtera yang dijanjikan Paulus — damai yang melampaui segala akal — bukanlah ketiadaan alasan untuk khawatir. Itu adalah kehadiran Tuhan yang menjaga hati kita bahkan ketika tantangan yang nyata masih ada.

Hari ini, cobalah menyebutkan satu kekhawatiran tertentu tentang anak Anda dengan suara, dalam doa, menyerahkannya kepada Tuhan dengan nama, alih-alih membiarkannya berputar diam-diam dalam pikiran Anda. Perhatikan apakah sekadar mengucapkannya sebagai doa, alih-alih memikulnya sebagai beban pribadi, mulai melonggarkan cengkeramannya.","Philippians 4:6-7 | Do not be anxious about anything, but in every situation, by prayer and petition, with thanksgiving, present your requests to God. And the peace of God, which transcends all understanding, will guard your hearts and your minds in Christ Jesus.","Filipi 4:6-7 | Janganlah hendaknya kamu kuatir tentang apa pun juga, tetapi nyatakanlah dalam segala hal keinginanmu kepada Allah dalam doa dan permohonan dengan ucapan syukur. Damai sejahtera Allah, yang melampaui segala akal, akan memelihara hati dan pikiranmu dalam Kristus Yesus.","What one worry about your child can you name out loud to God today, instead of carrying it silently?","Kekhawatiran apa tentang anak Anda yang dapat Anda ucapkan dengan suara kepada Tuhan hari ini, alih-alih memikulnya diam-diam?","Father, I bring You my worries about my child, named one by one. I was never meant to carry this weight alone. Guard my heart and mind with Your peace, even while real challenges remain, and remind me that You love my child more than my anxiety ever could protect them. Amen.","Bapa, aku membawa kepada-Mu kekhawatiranku tentang anakku, satu per satu dengan nama. Aku tidak pernah dimaksudkan untuk memikul beban ini sendirian. Jagalah hati dan pikiranku dengan damai sejahtera-Mu, bahkan ketika tantangan yang nyata masih ada, dan ingatkan aku bahwa Engkau mengasihi anakku lebih daripada kecemasanku pernah bisa melindunginya. Amin."
"Family","Keluarga","Parenting with Faith","Mendidik Anak dengan Iman","Letting Go, Holding On in Prayer","Melepaskan, namun Tetap Berpegang dalam Doa","A seven-day journey of entrusting your children to God","Perjalanan tujuh hari mempercayakan anak-anak Anda kepada Tuhan","7","A seven-day devotional for parents learning the lifelong art of releasing their children into God's hands — through prayer, trust, and surrender — rather than trying to control every outcome, drawing on the examples of Hannah, the psalmists, and the promises of a Father who never stops watching over our children.","Renungan tujuh hari bagi orang tua yang sedang belajar seni seumur hidup untuk melepaskan anak-anak mereka ke dalam tangan Tuhan — melalui doa, kepercayaan, dan penyerahan diri — alih-alih berusaha mengendalikan setiap hasil, dengan belajar dari teladan Hana, para pemazmur, dan janji-janji Bapa yang tidak pernah berhenti menjaga anak-anak kita.","A serene gouache and ink-wash illustration: a mother's silhouette standing at an open window at early dawn, arms slightly lifted in prayer, as a flock of small birds lifts off from her open palms into a wide pastel sky — a visual metaphor for releasing a child into God's care. Soft layered ink-wash clouds, delicate gouache highlights, and a light hand-brushed texture throughout give the piece a calm, meditative, Japanese-influenced painterly quality. Palette: dawn peach, muted indigo-blue, warm cream, and soft gold for the light breaking through. Mood is quiet, hopeful, and surrendered — like a held breath finally released. All lettering is grouped together at the very top of the composition for maximum legibility, stacked on a soft solid-color band or gentle scrim so it stays readable against the artwork behind it: the title ""Letting Go, Holding On in Prayer"" first, largest, in an elegant thin serif; directly beneath it the smaller subtitle ""A seven-day journey of entrusting your children to God""; and directly beneath the subtitle a compact rounded pill reading ""7 DAYS"" in bold small caps. Nothing else overlaps the illustration below. Mood: quiet surrender, dawn-light hope.","","3","Taught by the Lord","Diajar oleh TUHAN","Isaiah 54:13 carries a promise that quiets the heart of any parent who wonders whether they are teaching their child enough, well enough, or in the right way: 'All your children will be taught by the Lord, and great will be their peace.' It is a striking reminder that God Himself is the primary teacher of our children's souls — we are important participants, but not the only, or even the final, source of their formation.

This does not excuse us from our responsibility to teach and model faith. But it does relieve us of an impossible burden many parents unconsciously carry: the sense that our child's entire spiritual future rests solely on our performance as parents. It doesn't. God has been pursuing this child's heart since before they were born, and He will continue long after they've grown and left home, through people, circumstances, and quiet moments we will never see or know about.

This truth is especially comforting on the days when we feel we've failed — when patience ran out, when we snapped instead of taught, when a lesson didn't land the way we hoped. God is not limited by our best or worst days. He is teaching our children in ways that run alongside our efforts, filling gaps we didn't even know were there.

Today, release the pressure of being your child's only teacher of faith. Ask God to keep teaching them directly, in ways only He can, even through the parts of parenting you feel you're getting wrong.","Yesaya 54:13 membawa janji yang menenangkan hati setiap orang tua yang bertanya-tanya apakah mereka telah mengajar anak mereka cukup, cukup baik, atau dengan cara yang benar: 'Semua anakmu akan menjadi murid TUHAN, dan besarlah kesejahteraan anak-anakmu.' Ini adalah pengingat yang mencolok bahwa Allah sendirilah pengajar utama jiwa anak-anak kita — kita adalah peserta yang penting, tetapi bukan satu-satunya, atau bahkan bukan sumber akhir, dari pembentukan mereka.

Ini tidak membebaskan kita dari tanggung jawab untuk mengajar dan menjadi teladan iman. Tetapi ini meringankan kita dari beban yang mustahil yang secara tidak sadar dipikul banyak orang tua: perasaan bahwa seluruh masa depan rohani anak kita bergantung semata-mata pada kinerja kita sebagai orang tua. Tidak demikian. Allah telah mengejar hati anak ini sejak sebelum mereka lahir, dan Ia akan terus melakukannya jauh setelah mereka dewasa dan meninggalkan rumah, melalui orang-orang, keadaan, dan momen-momen tenang yang tidak akan pernah kita lihat atau ketahui.

Kebenaran ini sangat menghibur pada hari-hari ketika kita merasa telah gagal — ketika kesabaran habis, ketika kita membentak alih-alih mengajar, ketika sebuah pelajaran tidak tersampaikan seperti yang kita harapkan. Allah tidak dibatasi oleh hari terbaik atau terburuk kita. Ia sedang mengajar anak-anak kita dengan cara yang berjalan bersama usaha kita, mengisi celah-celah yang bahkan tidak kita sadari ada.

Hari ini, lepaskan tekanan menjadi satu-satunya pengajar iman bagi anak Anda. Mintalah Tuhan untuk terus mengajar mereka secara langsung, dengan cara yang hanya Ia yang bisa, bahkan melalui bagian-bagian mendidik anak yang Anda rasa telah Anda lakukan dengan salah.","Isaiah 54:13 | All your children will be taught by the Lord, and great will be their peace.","Yesaya 54:13 | Semua anakmu akan menjadi murid TUHAN, dan besarlah kesejahteraan anak-anakmu.","Where do you need to release the pressure of being your child's only teacher of faith?","Di bagian mana Anda perlu melepaskan tekanan menjadi satu-satunya pengajar iman bagi anak Anda?","Lord, teach my child in ways I cannot. On the days I fall short, keep pursuing their heart directly. Thank You that their faith does not rest on my performance alone, but on Your faithfulness. Amen.","Tuhan, ajarilah anakku dengan cara yang tidak dapat kulakukan. Pada hari-hari aku gagal, teruslah mengejar hati mereka secara langsung. Terima kasih bahwa iman mereka tidak bergantung semata-mata pada kinerjaku, tetapi pada kesetiaan-Mu. Amin."
"Family","Keluarga","Parenting with Faith","Mendidik Anak dengan Iman","Letting Go, Holding On in Prayer","Melepaskan, namun Tetap Berpegang dalam Doa","A seven-day journey of entrusting your children to God","Perjalanan tujuh hari mempercayakan anak-anak Anda kepada Tuhan","7","A seven-day devotional for parents learning the lifelong art of releasing their children into God's hands — through prayer, trust, and surrender — rather than trying to control every outcome, drawing on the examples of Hannah, the psalmists, and the promises of a Father who never stops watching over our children.","Renungan tujuh hari bagi orang tua yang sedang belajar seni seumur hidup untuk melepaskan anak-anak mereka ke dalam tangan Tuhan — melalui doa, kepercayaan, dan penyerahan diri — alih-alih berusaha mengendalikan setiap hasil, dengan belajar dari teladan Hana, para pemazmur, dan janji-janji Bapa yang tidak pernah berhenti menjaga anak-anak kita.","A serene gouache and ink-wash illustration: a mother's silhouette standing at an open window at early dawn, arms slightly lifted in prayer, as a flock of small birds lifts off from her open palms into a wide pastel sky — a visual metaphor for releasing a child into God's care. Soft layered ink-wash clouds, delicate gouache highlights, and a light hand-brushed texture throughout give the piece a calm, meditative, Japanese-influenced painterly quality. Palette: dawn peach, muted indigo-blue, warm cream, and soft gold for the light breaking through. Mood is quiet, hopeful, and surrendered — like a held breath finally released. All lettering is grouped together at the very top of the composition for maximum legibility, stacked on a soft solid-color band or gentle scrim so it stays readable against the artwork behind it: the title ""Letting Go, Holding On in Prayer"" first, largest, in an elegant thin serif; directly beneath it the smaller subtitle ""A seven-day journey of entrusting your children to God""; and directly beneath the subtitle a compact rounded pill reading ""7 DAYS"" in bold small caps. Nothing else overlaps the illustration below. Mood: quiet surrender, dawn-light hope.","","4","Trust With Your Whole Heart","Percayalah dengan Segenap Hatimu","Proverbs 3:5-6 is a verse most of us learned long before we became parents, but it takes on new depth once we are the ones watching over a child: 'Trust in the Lord with all your heart and lean not on your own understanding; in all your ways submit to him, and he will make your paths straight.' Parenting has a way of exposing exactly how much we still lean on our own understanding — our plans, our timelines, our idea of what a 'successful' child looks like.

There are seasons in parenting when our own understanding runs completely dry. A child's illness, a struggle we can't fix, a choice they make that we never would have chosen for them — these moments strip away the illusion that we can reason or plan our way to a guaranteed good outcome. It is precisely in these moments that this proverb becomes less of a nice sentiment and more of a lifeline.

Trusting with 'all your heart' does not mean pretending not to have your own understanding or ideas. It means holding those ideas loosely, checking them against God's ways, and being willing to be redirected. Many parents find that their most meaningful growth in faith happens not during the easy seasons of parenting, but during the ones where they were forced to genuinely let go and trust.

Today, name one area of your child's life where you are leaning heavily on your own understanding — your own plan for how things should go. Practice, even briefly, handing that plan back to God and asking Him to make the path straight in His own way and timing.","Amsal 3:5-6 adalah ayat yang kita banyak pelajari jauh sebelum kita menjadi orang tua, tetapi ayat ini memiliki kedalaman baru begitu kita menjadi orang yang menjaga seorang anak: 'Percayalah kepada TUHAN dengan segenap hatimu, dan janganlah bersandar kepada pengertianmu sendiri. Akuilah Dia dalam segala lakumu, maka Ia akan meluruskan jalanmu.' Mendidik anak memiliki cara untuk mengungkapkan sejauh mana kita masih bersandar pada pengertian kita sendiri — rencana kita, jadwal kita, gambaran kita tentang seperti apa anak yang 'berhasil'.

Ada musim-musim dalam mendidik anak ketika pengertian kita sendiri benar-benar habis. Sakitnya seorang anak, pergumulan yang tidak dapat kita perbaiki, pilihan yang mereka buat yang tidak akan pernah kita pilihkan untuk mereka — momen-momen ini melucuti ilusi bahwa kita dapat bernalar atau merencanakan jalan menuju hasil yang baik yang terjamin. Justru di momen-momen inilah amsal ini menjadi lebih dari sekadar kata-kata yang indah, melainkan tali penyelamat.

Percaya dengan 'segenap hati' tidak berarti berpura-pura tidak memiliki pengertian atau gagasan sendiri. Ini berarti memegang gagasan-gagasan itu dengan longgar, memeriksanya terhadap jalan-jalan Tuhan, dan bersedia diarahkan ulang. Banyak orang tua merasa bahwa pertumbuhan iman mereka yang paling berarti terjadi bukan pada musim-musim mudah dalam mendidik anak, tetapi pada musim-musim ketika mereka dipaksa untuk sungguh-sungguh melepaskan dan percaya.

Hari ini, sebutkan satu bidang dalam kehidupan anak Anda di mana Anda sangat bersandar pada pengertian Anda sendiri — rencana Anda sendiri tentang bagaimana seharusnya segala sesuatu berjalan. Latihlah, bahkan sejenak, menyerahkan rencana itu kembali kepada Tuhan dan memohon agar Ia meluruskan jalan itu dengan cara dan waktu-Nya sendiri.","Proverbs 3:5-6 | Trust in the Lord with all your heart and lean not on your own understanding; in all your ways submit to him, and he will make your paths straight.","Amsal 3:5-6 | Percayalah kepada TUHAN dengan segenap hatimu, dan janganlah bersandar kepada pengertianmu sendiri. Akuilah Dia dalam segala lakumu, maka Ia akan meluruskan jalanmu.","Where are you leaning on your own understanding of your child's life instead of trusting God's path for them?","Di bagian mana Anda bersandar pada pengertian Anda sendiri tentang kehidupan anak Anda, alih-alih mempercayai jalan Tuhan bagi mereka?","Lord, I confess how tightly I hold my own plans for my child. Teach me to trust You with all my heart, especially where I cannot see the way forward. Make their paths straight in Your timing, not mine. Amen.","Tuhan, aku mengakui betapa erat aku memegang rencanaku sendiri bagi anakku. Ajarku untuk percaya kepada-Mu dengan segenap hatiku, terutama di tempat aku tidak dapat melihat jalan ke depan. Luruskanlah jalan mereka menurut waktu-Mu, bukan waktuku. Amin."
"Family","Keluarga","Parenting with Faith","Mendidik Anak dengan Iman","Letting Go, Holding On in Prayer","Melepaskan, namun Tetap Berpegang dalam Doa","A seven-day journey of entrusting your children to God","Perjalanan tujuh hari mempercayakan anak-anak Anda kepada Tuhan","7","A seven-day devotional for parents learning the lifelong art of releasing their children into God's hands — through prayer, trust, and surrender — rather than trying to control every outcome, drawing on the examples of Hannah, the psalmists, and the promises of a Father who never stops watching over our children.","Renungan tujuh hari bagi orang tua yang sedang belajar seni seumur hidup untuk melepaskan anak-anak mereka ke dalam tangan Tuhan — melalui doa, kepercayaan, dan penyerahan diri — alih-alih berusaha mengendalikan setiap hasil, dengan belajar dari teladan Hana, para pemazmur, dan janji-janji Bapa yang tidak pernah berhenti menjaga anak-anak kita.","A serene gouache and ink-wash illustration: a mother's silhouette standing at an open window at early dawn, arms slightly lifted in prayer, as a flock of small birds lifts off from her open palms into a wide pastel sky — a visual metaphor for releasing a child into God's care. Soft layered ink-wash clouds, delicate gouache highlights, and a light hand-brushed texture throughout give the piece a calm, meditative, Japanese-influenced painterly quality. Palette: dawn peach, muted indigo-blue, warm cream, and soft gold for the light breaking through. Mood is quiet, hopeful, and surrendered — like a held breath finally released. All lettering is grouped together at the very top of the composition for maximum legibility, stacked on a soft solid-color band or gentle scrim so it stays readable against the artwork behind it: the title ""Letting Go, Holding On in Prayer"" first, largest, in an elegant thin serif; directly beneath it the smaller subtitle ""A seven-day journey of entrusting your children to God""; and directly beneath the subtitle a compact rounded pill reading ""7 DAYS"" in bold small caps. Nothing else overlaps the illustration below. Mood: quiet surrender, dawn-light hope.","","5","Watching Over Their Coming and Going","Menjaga Keluar Masuk Mereka","There is a particular kind of fear that grips a parent the moment a child walks out the door alone for the first time — the first day of school, the first solo errand, the first time driving a car. In that instant, control visibly ends, and trust must begin, whether or not we feel ready for it. Psalm 121 was written for exactly this feeling: 'the Lord will watch over your coming and going both now and forevermore.'

This psalm was originally a song for travelers, sung on the way up to worship in Jerusalem, offering assurance that God's watchfulness did not pause when a person left the safety of home. It applies with striking directness to parents watching their children step, again and again, beyond the reach of our own eyes and hands — to school, to friends' houses, eventually into their own independent adult lives.

We cannot follow our children everywhere. We were never meant to. But God can, and does. He watches their coming and going not with distant oversight but with the same tender attentiveness a parent has for a child, and far more consistently than we ever could manage ourselves. This truth does not eliminate the ache of releasing a child into the world piece by piece — but it does offer a place to put that ache.

Today, as your child leaves your side for school, for play, for any small independence, try silently praying this psalm over their coming and going. Let it become a habit that outlasts the specific fears of any one day.","Ada ketakutan tertentu yang mencengkeram seorang orang tua pada saat seorang anak melangkah keluar pintu sendirian untuk pertama kalinya — hari pertama sekolah, tugas pertama sendirian, kali pertama mengemudikan mobil. Pada saat itu, kendali secara nyata berakhir, dan kepercayaan harus dimulai, entah kita merasa siap atau tidak. Mazmur 121 ditulis justru untuk perasaan ini: 'TUHAN akan menjaga keluar masukmu, dari sekarang sampai selama-lamanya.'

Mazmur ini awalnya adalah nyanyian bagi para musafir, dinyanyikan dalam perjalanan naik untuk beribadah di Yerusalem, memberikan jaminan bahwa kewaspadaan Tuhan tidak berhenti ketika seseorang meninggalkan keamanan rumah. Ini berlaku dengan sangat nyata bagi para orang tua yang menyaksikan anak-anak mereka melangkah, berulang kali, di luar jangkauan mata dan tangan kita sendiri — ke sekolah, ke rumah teman, akhirnya ke dalam kehidupan mandiri mereka sendiri sebagai orang dewasa.

Kita tidak dapat mengikuti anak-anak kita ke mana-mana. Kita memang tidak pernah dimaksudkan untuk itu. Tetapi Tuhan bisa, dan Ia melakukannya. Ia menjaga keluar masuk mereka bukan dengan pengawasan yang jauh, melainkan dengan perhatian yang lembut yang sama seperti yang dimiliki seorang orang tua bagi anaknya, dan jauh lebih konsisten daripada yang pernah bisa kita kelola sendiri. Kebenaran ini tidak menghilangkan rasa sakit melepaskan seorang anak ke dunia sedikit demi sedikit — tetapi ini menawarkan tempat untuk meletakkan rasa sakit itu.

Hari ini, saat anak Anda meninggalkan sisi Anda untuk sekolah, untuk bermain, untuk kemandirian kecil apa pun, cobalah berdoa diam-diam mazmur ini atas keluar masuk mereka. Biarkan ini menjadi kebiasaan yang bertahan lebih lama dari ketakutan spesifik pada hari tertentu.","Psalm 121:8 | The Lord will watch over your coming and going both now and forevermore.","Mazmur 121:8 | TUHAN akan menjaga keluar masukmu, dari sekarang sampai selama-lamanya.","Can you turn today's moment of letting your child go — even a small one — into a silent prayer of this psalm?","Dapatkah Anda mengubah momen melepaskan anak Anda hari ini — bahkan yang kecil sekalipun — menjadi doa diam-diam dari mazmur ini?","Lord, watch over my child's coming and going today, in the places I can follow and the places I cannot. Steady my heart with the knowledge that Your care for them does not end where my sight ends. Amen.","Tuhan, jagalah keluar masuk anakku hari ini, di tempat-tempat yang dapat kuikuti maupun yang tidak. Teguhkanlah hatiku dengan pengetahuan bahwa perhatian-Mu bagi mereka tidak berakhir di mana pandanganku berakhir. Amin."
"Family","Keluarga","Parenting with Faith","Mendidik Anak dengan Iman","Letting Go, Holding On in Prayer","Melepaskan, namun Tetap Berpegang dalam Doa","A seven-day journey of entrusting your children to God","Perjalanan tujuh hari mempercayakan anak-anak Anda kepada Tuhan","7","A seven-day devotional for parents learning the lifelong art of releasing their children into God's hands — through prayer, trust, and surrender — rather than trying to control every outcome, drawing on the examples of Hannah, the psalmists, and the promises of a Father who never stops watching over our children.","Renungan tujuh hari bagi orang tua yang sedang belajar seni seumur hidup untuk melepaskan anak-anak mereka ke dalam tangan Tuhan — melalui doa, kepercayaan, dan penyerahan diri — alih-alih berusaha mengendalikan setiap hasil, dengan belajar dari teladan Hana, para pemazmur, dan janji-janji Bapa yang tidak pernah berhenti menjaga anak-anak kita.","A serene gouache and ink-wash illustration: a mother's silhouette standing at an open window at early dawn, arms slightly lifted in prayer, as a flock of small birds lifts off from her open palms into a wide pastel sky — a visual metaphor for releasing a child into God's care. Soft layered ink-wash clouds, delicate gouache highlights, and a light hand-brushed texture throughout give the piece a calm, meditative, Japanese-influenced painterly quality. Palette: dawn peach, muted indigo-blue, warm cream, and soft gold for the light breaking through. Mood is quiet, hopeful, and surrendered — like a held breath finally released. All lettering is grouped together at the very top of the composition for maximum legibility, stacked on a soft solid-color band or gentle scrim so it stays readable against the artwork behind it: the title ""Letting Go, Holding On in Prayer"" first, largest, in an elegant thin serif; directly beneath it the smaller subtitle ""A seven-day journey of entrusting your children to God""; and directly beneath the subtitle a compact rounded pill reading ""7 DAYS"" in bold small caps. Nothing else overlaps the illustration below. Mood: quiet surrender, dawn-light hope.","","6","Nothing Is Impossible","Tidak Ada yang Mustahil","Every parent eventually faces at least one situation with a child that seems, from a purely human perspective, unsolvable — a struggle that won't budge, a heart that seems closed, a distance that feels too wide to cross. In these moments, it is tempting to believe the situation is simply beyond hope. The angel Gabriel's words to Mary carry a truth meant for exactly this kind of moment: 'For no word from God will ever fail.'

This verse was spoken about the most extraordinary event imaginable — a virgin conceiving a son who would be the Son of God. If God's power was sufficient for that, it is not too small a request to bring Him our own children's struggles, however impossible they may seem from where we stand. Nothing is too far gone, too stubborn, too broken for God to work within.

This is not a promise that every specific outcome we hope for will happen exactly as we imagine it. God's work in a person's life often unfolds on a timeline and in a shape we would not have chosen ourselves. But it is a promise that our children's stories are not sealed shut against grace. The same God who did the impossible for Mary is still doing quiet, patient, impossible work in the hearts of children today, including the child you are praying for right now.

Today, bring to God the situation with your child that feels most impossible — the habit, the distance, the closed door. Speak this promise over it, not as wishful thinking, but as a declaration of who God is.","Setiap orang tua pada akhirnya menghadapi setidaknya satu situasi dengan seorang anak yang tampak, dari sudut pandang manusia semata, tidak dapat diselesaikan — pergumulan yang tidak kunjung berubah, hati yang tampak tertutup, jarak yang terasa terlalu lebar untuk diseberangi. Dalam momen-momen ini, sangat menggoda untuk percaya bahwa situasi itu memang di luar harapan. Kata-kata malaikat Gabriel kepada Maria membawa kebenaran yang ditujukan justru untuk momen seperti ini: 'Sebab bagi Allah tidak ada yang mustahil.'

Ayat ini diucapkan tentang peristiwa paling luar biasa yang dapat dibayangkan — seorang perawan mengandung seorang putra yang akan menjadi Anak Allah. Jika kuasa Allah cukup untuk hal itu, bukanlah permintaan yang terlalu kecil untuk membawa kepada-Nya pergumulan anak-anak kita sendiri, sesulit apa pun itu tampak dari tempat kita berdiri. Tidak ada yang terlalu jauh, terlalu keras kepala, terlalu rusak bagi Allah untuk bekerja di dalamnya.

Ini bukan janji bahwa setiap hasil spesifik yang kita harapkan akan terjadi persis seperti yang kita bayangkan. Karya Allah dalam kehidupan seseorang sering berlangsung dalam waktu dan bentuk yang tidak akan pernah kita pilih sendiri. Tetapi ini adalah janji bahwa kisah anak-anak kita tidak tertutup rapat terhadap anugerah. Allah yang sama yang melakukan hal mustahil bagi Maria masih melakukan karya yang tenang, sabar, dan mustahil dalam hati anak-anak hari ini, termasuk anak yang sedang Anda doakan sekarang ini.

Hari ini, bawalah kepada Tuhan situasi dengan anak Anda yang terasa paling mustahil — kebiasaan itu, jarak itu, pintu yang tertutup itu. Ucapkanlah janji ini atasnya, bukan sebagai angan-angan, melainkan sebagai deklarasi tentang siapa Allah itu.","Luke 1:37 | For no word from God will ever fail.","Lukas 1:37 | Sebab bagi Allah tidak ada yang mustahil.","What situation with your child feels impossible right now, and can you name it before God as a place He is still at work?","Situasi apa dengan anak Anda yang terasa mustahil saat ini, dan dapatkah Anda menyebutkannya di hadapan Tuhan sebagai tempat Ia masih bekerja?","Lord, nothing is impossible for You, including this situation with my child that feels unsolvable from where I stand. I release my need to fix it myself, and I ask You to keep working, in Your time and Your way. Amen.","Tuhan, tidak ada yang mustahil bagi-Mu, termasuk situasi dengan anakku ini yang terasa tak terpecahkan dari tempatku berdiri. Aku melepaskan keinginanku untuk memperbaikinya sendiri, dan aku memohon Engkau terus bekerja, dalam waktu dan cara-Mu. Amin."
"Family","Keluarga","Parenting with Faith","Mendidik Anak dengan Iman","Letting Go, Holding On in Prayer","Melepaskan, namun Tetap Berpegang dalam Doa","A seven-day journey of entrusting your children to God","Perjalanan tujuh hari mempercayakan anak-anak Anda kepada Tuhan","7","A seven-day devotional for parents learning the lifelong art of releasing their children into God's hands — through prayer, trust, and surrender — rather than trying to control every outcome, drawing on the examples of Hannah, the psalmists, and the promises of a Father who never stops watching over our children.","Renungan tujuh hari bagi orang tua yang sedang belajar seni seumur hidup untuk melepaskan anak-anak mereka ke dalam tangan Tuhan — melalui doa, kepercayaan, dan penyerahan diri — alih-alih berusaha mengendalikan setiap hasil, dengan belajar dari teladan Hana, para pemazmur, dan janji-janji Bapa yang tidak pernah berhenti menjaga anak-anak kita.","A serene gouache and ink-wash illustration: a mother's silhouette standing at an open window at early dawn, arms slightly lifted in prayer, as a flock of small birds lifts off from her open palms into a wide pastel sky — a visual metaphor for releasing a child into God's care. Soft layered ink-wash clouds, delicate gouache highlights, and a light hand-brushed texture throughout give the piece a calm, meditative, Japanese-influenced painterly quality. Palette: dawn peach, muted indigo-blue, warm cream, and soft gold for the light breaking through. Mood is quiet, hopeful, and surrendered — like a held breath finally released. All lettering is grouped together at the very top of the composition for maximum legibility, stacked on a soft solid-color band or gentle scrim so it stays readable against the artwork behind it: the title ""Letting Go, Holding On in Prayer"" first, largest, in an elegant thin serif; directly beneath it the smaller subtitle ""A seven-day journey of entrusting your children to God""; and directly beneath the subtitle a compact rounded pill reading ""7 DAYS"" in bold small caps. Nothing else overlaps the illustration below. Mood: quiet surrender, dawn-light hope.","","7","Plans to Give Hope and a Future","Rancangan untuk Memberi Harapan dan Masa Depan","Jeremiah 29:11 is often quoted in isolation, but it means even more in its original context: it was spoken to a people in exile, far from home, in a season that felt like loss rather than promise. God's word to them was that He had not abandoned His plans for their good — plans for a hope and a future — even though the present moment looked nothing like that hope yet.

Parenting has its own seasons of exile — periods when the family you imagined and the family you're actually living in look nothing alike. A child struggling, a relationship strained, a faith that seems to have gone quiet. In these seasons, it can feel as though God's good plans have stalled or disappeared entirely. Jeremiah's words insist otherwise: the plan has not changed, even when the view has.

This final day of the week is a good moment to zoom out. You have spent seven days practicing the discipline of letting go and holding on in prayer — a discipline you will need to practice again and again for the rest of your life as a parent. That is not a failure of this week's work; it is simply what surrender looks like. It is not one decision made once, but a returning, day after day, to open hands and a trusting heart.

As you close this week, speak this promise over your child's whole future — not just the season you can currently see, but the plans God has for them across a lifetime you will not get to witness in full. Let hope, not fear, be the last word.","Yeremia 29:11 sering dikutip secara terpisah, tetapi maknanya bahkan lebih dalam dalam konteks aslinya: ayat ini diucapkan kepada umat yang berada dalam pembuangan, jauh dari rumah, dalam musim yang terasa seperti kehilangan, bukan janji. Firman Tuhan kepada mereka adalah bahwa Ia tidak meninggalkan rancangan-Nya bagi kebaikan mereka — rancangan untuk memberi harapan dan masa depan — meskipun keadaan saat itu belum tampak seperti harapan itu sama sekali.

Mendidik anak memiliki musim pembuangannya sendiri — periode ketika keluarga yang kita bayangkan dan keluarga yang sesungguhnya kita jalani tampak sama sekali berbeda. Seorang anak yang bergumul, hubungan yang tegang, iman yang tampak diam. Dalam musim-musim ini, dapat terasa seolah-olah rancangan baik Allah telah terhenti atau lenyap sepenuhnya. Kata-kata Yeremia menegaskan sebaliknya: rancangan itu tidak berubah, meskipun pemandangannya berubah.

Hari terakhir minggu ini adalah momen yang baik untuk memandang lebih luas. Anda telah menghabiskan tujuh hari melatih disiplin melepaskan sekaligus tetap berpegang dalam doa — disiplin yang perlu Anda praktikkan berulang kali sepanjang sisa hidup Anda sebagai orang tua. Itu bukanlah kegagalan dari kerja minggu ini; itu justru seperti apa rupa penyerahan diri yang sesungguhnya. Bukan satu keputusan yang dibuat sekali, melainkan kembali, hari demi hari, kepada tangan yang terbuka dan hati yang percaya.

Saat Anda menutup minggu ini, ucapkanlah janji ini atas seluruh masa depan anak Anda — bukan hanya musim yang dapat Anda lihat sekarang, melainkan rancangan yang Allah miliki bagi mereka sepanjang hidup yang tidak akan sepenuhnya Anda saksikan. Biarkan harapan, bukan rasa takut, menjadi kata terakhir.","Jeremiah 29:11 | For I know the plans I have for you, declares the Lord, plans to prosper you and not to harm you, plans to give you hope and a future.","Yeremia 29:11 | Sebab Aku ini mengetahui rancangan-rancangan apa yang ada pada-Ku mengenai kamu, demikianlah firman TUHAN, yaitu rancangan damai sejahtera dan bukan rancangan kecelakaan, untuk memberikan kepadamu hari depan yang penuh harapan.","Even in a season that doesn't look like hope, can you trust that God's plans for your child's future remain unchanged?","Bahkan dalam musim yang tidak tampak seperti harapan, dapatkah Anda percaya bahwa rancangan Allah bagi masa depan anak Anda tetap tidak berubah?","Lord, I entrust my child's whole future to You today — the parts I can see and the parts I cannot. Thank You that Your plans for them are plans of hope, even in seasons that don't look like it yet. Help me hold on to You in prayer, again and again, for as long as I am given to be their parent. Amen.","Tuhan, aku mempercayakan seluruh masa depan anakku kepada-Mu hari ini — bagian yang dapat kulihat dan bagian yang tidak dapat kulihat. Terima kasih bahwa rancangan-Mu bagi mereka adalah rancangan harapan, bahkan dalam musim yang belum tampak seperti itu. Tolong aku untuk terus berpegang kepada-Mu dalam doa, berulang kali, selama aku diberi kesempatan menjadi orang tua mereka. Amin."
"Family","Keluarga","Parenting with Faith","Mendidik Anak dengan Iman","Discipline Rooted in Grace","Disiplin yang Berakar pada Kasih Karunia","Three days on correcting your children with patience and love","Tiga hari merenungkan cara mendidik anak dengan sabar dan kasih","3","A short three-day devotional for parents in the middle of the daily work of correction and discipline, exploring how discipline done in love — rather than anger or frustration — forms character without crushing a child's spirit, and how patience is itself a form of witness to a child watching how we handle their mistakes.","Renungan singkat tiga hari bagi orang tua yang tengah menjalani kerja harian menegur dan mendisiplinkan anak, menelusuri bagaimana disiplin yang dilakukan dengan kasih — bukan amarah atau frustrasi — membentuk karakter tanpa mematahkan semangat seorang anak, dan bagaimana kesabaran itu sendiri menjadi kesaksian bagi seorang anak yang memperhatikan cara kita menanggapi kesalahan mereka.","A bold, warm linocut-style print illustration: a parent kneeling to eye level with a small child, one hand resting gently on the child's shoulder, both faces calm and close together mid-conversation, set against a simple sunlit doorway. Thick carved linocut outlines, flat overlapping color shapes, and visible woodgrain-textured print imperfections give the piece a warm, tactile, folk-art quality. Palette: terracotta orange, deep olive green, warm mustard yellow, and soft cream. Mood is grounded, patient, and gently instructive, like a quiet correction given at eye level rather than a raised voice from above. All lettering is grouped together at the very top of the composition for maximum legibility, stacked on a soft solid-color band or gentle scrim so it stays readable against the artwork behind it: the title ""Discipline Rooted in Grace"" first, largest, in a bold carved-block letterform; directly beneath it the smaller subtitle ""Three days on correcting your children with patience and love""; and directly beneath the subtitle a compact rounded pill reading ""3 DAYS"" in bold small caps. Nothing else overlaps the illustration below. Mood: grounded, patient, eye-level tenderness.","","1","Discipline Without Exasperation","Mendisiplin Tanpa Membangkitkan Amarah","Ephesians 6:4 speaks directly and pointedly to parents: 'Fathers, do not exasperate your children; instead, bring them up in the training and instruction of the Lord.' It is a short verse, but it carries a warning most of us need to hear on our hardest parenting days — that discipline delivered in exasperation, in irritation, in a raised voice born of our own depleted patience, is not the same thing as discipline delivered in love, even if the rule being enforced is identical.

It is worth being honest about how easily this happens. A long day, a repeated misbehavior, a child who seems determined to test the same boundary for the fifth time — these are the conditions under which exasperated discipline is born. In the moment, it can even feel justified; after all, the correction itself may be entirely appropriate. But children absorb tone as much as content. A correction delivered in anger teaches a lesson about anger as much as it teaches the lesson intended.

The alternative Paul offers is not permissiveness — 'training and instruction of the Lord' is still real, still firm, still consistent. But it is discipline with a different center of gravity: aimed at forming the child's character rather than venting the parent's frustration. This kind of discipline usually requires a pause before it requires words — a breath, a moment to steady our own hearts before we address our child's behavior.

Today, when a moment for correction arises, try building in that brief pause before you speak. Ask yourself quietly: am I about to train, or am I about to vent? The difference will be audible to your child, even if they could never explain why.","Efesus 6:4 berbicara secara langsung dan tajam kepada para orang tua: 'Bapa-bapa, janganlah bangkitkan amarah di dalam hati anak-anakmu, tetapi didiklah mereka di dalam ajaran dan nasihat Tuhan.' Ini ayat yang singkat, tetapi membawa peringatan yang perlu didengar kebanyakan dari kita pada hari-hari mendidik anak yang paling sulit — bahwa disiplin yang disampaikan dalam amarah, dalam kejengkelan, dalam suara yang meninggi karena kesabaran kita sendiri telah habis, bukanlah hal yang sama dengan disiplin yang disampaikan dengan kasih, bahkan jika aturan yang ditegakkan itu sama persis.

Perlu diakui dengan jujur betapa mudahnya hal ini terjadi. Hari yang panjang, kesalahan yang berulang, seorang anak yang tampak bertekad menguji batas yang sama untuk kelima kalinya — inilah kondisi tempat disiplin yang penuh amarah dilahirkan. Pada saat itu, hal ini bahkan bisa terasa dibenarkan; bagaimanapun, teguran itu sendiri mungkin sepenuhnya tepat. Namun anak-anak menyerap nada suara sama seperti mereka menyerap isi. Teguran yang disampaikan dalam amarah mengajarkan pelajaran tentang amarah, sama besarnya dengan pelajaran yang dimaksudkan.

Alternatif yang ditawarkan Paulus bukanlah sikap serba membolehkan — 'ajaran dan nasihat Tuhan' tetaplah nyata, tetap tegas, tetap konsisten. Tetapi ini adalah disiplin dengan pusat gravitasi yang berbeda: ditujukan untuk membentuk karakter anak, bukan melampiaskan frustrasi orang tua. Disiplin semacam ini biasanya memerlukan jeda sebelum memerlukan kata-kata — sebuah tarikan napas, saat untuk menenangkan hati kita sendiri sebelum kita menanggapi perilaku anak kita.

Hari ini, ketika muncul momen untuk menegur, cobalah membangun jeda singkat itu sebelum Anda berbicara. Tanyakan pada diri sendiri dengan tenang: apakah aku akan mendidik, atau apakah aku akan melampiaskan? Perbedaan itu akan terdengar oleh anak Anda, bahkan jika mereka tidak pernah bisa menjelaskan mengapa.","Ephesians 6:4 | Fathers, do not exasperate your children; instead, bring them up in the training and instruction of the Lord.","Efesus 6:4 | Dan kamu, bapa-bapa, janganlah bangkitkan amarah di dalam hati anak-anakmu, tetapi didiklah mereka di dalam ajaran dan nasihat Tuhan.","Before your next correction, can you pause long enough to ask whether you are about to train or simply to vent?","Sebelum teguran berikutnya, dapatkah Anda berhenti sejenak untuk bertanya apakah Anda akan mendidik atau sekadar melampiaskan amarah?","Lord, when I feel exasperated with my child, slow me down before I speak. Help my correction come from love and steadiness, not from my own depleted patience. Form my child's character through me, not my frustration. Amen.","Tuhan, ketika aku merasa jengkel kepada anakku, perlambatlah aku sebelum aku berbicara. Tolong agar teguranku lahir dari kasih dan ketenangan, bukan dari kesabaranku yang telah habis. Bentuklah karakter anakku melalui aku, bukan melalui frustrasiku. Amin."
"Family","Keluarga","Parenting with Faith","Mendidik Anak dengan Iman","Discipline Rooted in Grace","Disiplin yang Berakar pada Kasih Karunia","Three days on correcting your children with patience and love","Tiga hari merenungkan cara mendidik anak dengan sabar dan kasih","3","A short three-day devotional for parents in the middle of the daily work of correction and discipline, exploring how discipline done in love — rather than anger or frustration — forms character without crushing a child's spirit, and how patience is itself a form of witness to a child watching how we handle their mistakes.","Renungan singkat tiga hari bagi orang tua yang tengah menjalani kerja harian menegur dan mendisiplinkan anak, menelusuri bagaimana disiplin yang dilakukan dengan kasih — bukan amarah atau frustrasi — membentuk karakter tanpa mematahkan semangat seorang anak, dan bagaimana kesabaran itu sendiri menjadi kesaksian bagi seorang anak yang memperhatikan cara kita menanggapi kesalahan mereka.","A bold, warm linocut-style print illustration: a parent kneeling to eye level with a small child, one hand resting gently on the child's shoulder, both faces calm and close together mid-conversation, set against a simple sunlit doorway. Thick carved linocut outlines, flat overlapping color shapes, and visible woodgrain-textured print imperfections give the piece a warm, tactile, folk-art quality. Palette: terracotta orange, deep olive green, warm mustard yellow, and soft cream. Mood is grounded, patient, and gently instructive, like a quiet correction given at eye level rather than a raised voice from above. All lettering is grouped together at the very top of the composition for maximum legibility, stacked on a soft solid-color band or gentle scrim so it stays readable against the artwork behind it: the title ""Discipline Rooted in Grace"" first, largest, in a bold carved-block letterform; directly beneath it the smaller subtitle ""Three days on correcting your children with patience and love""; and directly beneath the subtitle a compact rounded pill reading ""3 DAYS"" in bold small caps. Nothing else overlaps the illustration below. Mood: grounded, patient, eye-level tenderness.","","2","The Harvest That Comes Later","Buah yang Datang Kemudian","'No discipline seems pleasant at the time, but painful. Later on, however, it produces a harvest of righteousness and peace for those who have been trained by it.' Hebrews 12:11 is honest about something we often try to avoid admitting: discipline does not feel good in the moment, for the child receiving it or for the parent giving it. There is no shortcut around that discomfort.

This delayed-harvest principle matters enormously for parents in the exhausting middle of daily correction — the fifth time reminding a child to be kind to a sibling, the fortieth time insisting on honesty over a small lie. In the moment, it can feel like nothing is sinking in, like the same lesson has to be repeated endlessly with no visible progress. Hebrews reassures us that the fruit of consistent, loving discipline is not meant to be visible immediately. It is a harvest, which means it takes a season to grow.

This should change our expectations for what discipline is supposed to feel like day to day. We are not looking for instant transformation after a single correction. We are planting, season after season, trusting that patient consistency compounds over years into character that outlasts any single lesson. The parent who keeps training gently, even without seeing quick results, is doing exactly the slow work this verse describes.

Today, if you find yourself discouraged by a lesson that doesn't seem to be landing, remember the harvest language of this verse. You may not see the righteousness and peace it produces for years. Keep planting anyway.","'Memang tiap-tiap ganjaran pada waktu ia diberikan tidak mendatangkan sukacita, tetapi dukacita. Tetapi kemudian ia menghasilkan buah kebenaran yang memberikan damai kepada mereka yang dilatih olehnya.' Ibrani 12:11 jujur tentang sesuatu yang sering ingin kita hindari untuk diakui: disiplin tidak terasa menyenangkan pada saat itu, baik bagi anak yang menerimanya maupun bagi orang tua yang memberikannya. Tidak ada jalan pintas untuk melewati ketidaknyamanan itu.

Prinsip buah yang tertunda ini sangat penting bagi orang tua yang berada di tengah-tengah kerja harian menegur yang melelahkan — kelima kalinya mengingatkan anak untuk bersikap baik kepada saudaranya, keempat puluh kalinya menuntut kejujuran daripada kebohongan kecil. Pada saat itu, bisa terasa seolah-olah tidak ada yang meresap, seolah-olah pelajaran yang sama harus diulangi tanpa henti tanpa kemajuan yang terlihat. Ibrani meyakinkan kita bahwa buah dari disiplin yang konsisten dan penuh kasih tidak dimaksudkan untuk terlihat segera. Ini adalah panen, yang berarti memerlukan satu musim untuk bertumbuh.

Ini seharusnya mengubah harapan kita tentang bagaimana rasanya disiplin sehari-hari. Kita tidak sedang mencari transformasi instan setelah satu teguran. Kita sedang menanam, musim demi musim, percaya bahwa konsistensi yang sabar akan berlipat ganda selama bertahun-tahun menjadi karakter yang bertahan lebih lama dari pelajaran mana pun. Orang tua yang terus mendidik dengan lembut, bahkan tanpa melihat hasil yang cepat, sedang melakukan tepat kerja lambat yang digambarkan ayat ini.

Hari ini, jika Anda merasa patah semangat oleh sebuah pelajaran yang tampaknya tidak meresap, ingatlah bahasa panen dari ayat ini. Anda mungkin tidak akan melihat buah kebenaran dan damai yang dihasilkannya selama bertahun-tahun. Teruslah menanam.","Hebrews 12:11 | No discipline seems pleasant at the time, but painful. Later on, however, it produces a harvest of righteousness and peace for those who have been trained by it.","Ibrani 12:11 | Memang tiap-tiap ganjaran pada waktu ia diberikan tidak mendatangkan sukacita, tetapi dukacita. Tetapi kemudian ia menghasilkan buah kebenaran yang memberikan damai kepada mereka yang dilatih olehnya.","What discipline are you patiently repeating even without visible fruit yet, and can you trust the harvest is still coming?","Disiplin apa yang sedang Anda ulangi dengan sabar meski belum melihat buahnya, dan dapatkah Anda percaya bahwa panen itu masih akan datang?","Lord, give me patience for the slow work of raising my child well. When discipline feels repetitive and unrewarded, remind me that You are growing a harvest I cannot yet see. Keep me faithful in the planting. Amen.","Tuhan, berilah aku kesabaran untuk kerja yang lambat dalam mendidik anakku dengan baik. Ketika disiplin terasa berulang dan tanpa hasil, ingatkan aku bahwa Engkau sedang menumbuhkan panen yang belum dapat kulihat. Jagalah aku tetap setia dalam menanam. Amin."
"Family","Keluarga","Parenting with Faith","Mendidik Anak dengan Iman","Discipline Rooted in Grace","Disiplin yang Berakar pada Kasih Karunia","Three days on correcting your children with patience and love","Tiga hari merenungkan cara mendidik anak dengan sabar dan kasih","3","A short three-day devotional for parents in the middle of the daily work of correction and discipline, exploring how discipline done in love — rather than anger or frustration — forms character without crushing a child's spirit, and how patience is itself a form of witness to a child watching how we handle their mistakes.","Renungan singkat tiga hari bagi orang tua yang tengah menjalani kerja harian menegur dan mendisiplinkan anak, menelusuri bagaimana disiplin yang dilakukan dengan kasih — bukan amarah atau frustrasi — membentuk karakter tanpa mematahkan semangat seorang anak, dan bagaimana kesabaran itu sendiri menjadi kesaksian bagi seorang anak yang memperhatikan cara kita menanggapi kesalahan mereka.","A bold, warm linocut-style print illustration: a parent kneeling to eye level with a small child, one hand resting gently on the child's shoulder, both faces calm and close together mid-conversation, set against a simple sunlit doorway. Thick carved linocut outlines, flat overlapping color shapes, and visible woodgrain-textured print imperfections give the piece a warm, tactile, folk-art quality. Palette: terracotta orange, deep olive green, warm mustard yellow, and soft cream. Mood is grounded, patient, and gently instructive, like a quiet correction given at eye level rather than a raised voice from above. All lettering is grouped together at the very top of the composition for maximum legibility, stacked on a soft solid-color band or gentle scrim so it stays readable against the artwork behind it: the title ""Discipline Rooted in Grace"" first, largest, in a bold carved-block letterform; directly beneath it the smaller subtitle ""Three days on correcting your children with patience and love""; and directly beneath the subtitle a compact rounded pill reading ""3 DAYS"" in bold small caps. Nothing else overlaps the illustration below. Mood: grounded, patient, eye-level tenderness.","","3","Correction That Doesn't Discourage","Teguran yang Tidak Mematahkan Semangat","Colossians 3:21 echoes and deepens the warning of Ephesians 6:4, but adds a specific outcome to watch for: 'Fathers, do not embitter your children, or they will become discouraged.' Paul names the risk plainly — discipline done poorly does not just fail to correct behavior, it can actually crush a child's spirit, leaving them discouraged rather than formed.

There is a real difference between correction that says 'what you did was wrong, and I still love and believe in you,' and correction that communicates, even unintentionally, 'you are a disappointment.' Children are remarkably good at hearing which message is actually being sent, regardless of the words we choose. A discouraged child often stops trying altogether — not because they no longer care, but because they've concluded that trying only leads to more disapproval.

This is why the tone and aftermath of discipline matter as much as the discipline itself. A correction followed by continued warmth — a hug, a reassurance, a return to normal affection — teaches a child that they are loved even when corrected, that mistakes do not threaten the relationship. A correction followed by prolonged coldness or repeated reminders of past failures teaches something very different, and often something we did not intend to teach at all.

Today, if you need to correct your child, consider how you will follow it. A word of reassurance after discipline is not weakness — it is the very thing that keeps correction from tipping into discouragement, and it may be the part of the lesson your child remembers longest.","Kolose 3:21 menggemakan dan memperdalam peringatan Efesus 6:4, tetapi menambahkan akibat khusus yang perlu diwaspadai: 'Hai bapa-bapa, janganlah sakiti hati anakmu, supaya jangan tawar hatinya.' Paulus menyebut risiko itu dengan jelas — disiplin yang dilakukan dengan buruk tidak hanya gagal memperbaiki perilaku, tetapi benar-benar dapat mematahkan semangat seorang anak, meninggalkan mereka putus asa alih-alih terbentuk.

Ada perbedaan nyata antara teguran yang mengatakan 'apa yang kamu lakukan salah, dan aku tetap mengasihi dan percaya padamu,' dan teguran yang menyampaikan, bahkan tanpa sengaja, 'kamu mengecewakan.' Anak-anak sangat pandai mendengar pesan mana yang sebenarnya sedang disampaikan, terlepas dari kata-kata yang kita pilih. Seorang anak yang tawar hati sering berhenti mencoba sama sekali — bukan karena mereka tidak lagi peduli, tetapi karena mereka telah menyimpulkan bahwa mencoba hanya akan mendatangkan lebih banyak ketidaksetujuan.

Inilah sebabnya nada dan dampak setelah disiplin sama pentingnya dengan disiplin itu sendiri. Teguran yang diikuti dengan kehangatan yang berlanjut — pelukan, penenteraman hati, kembali ke kasih sayang yang biasa — mengajarkan seorang anak bahwa mereka tetap dikasihi bahkan ketika ditegur, bahwa kesalahan tidak mengancam hubungan itu. Teguran yang diikuti dengan kedinginan yang berkepanjangan atau pengingat berulang tentang kegagalan masa lalu mengajarkan sesuatu yang sangat berbeda, dan sering sesuatu yang sama sekali tidak kita maksudkan untuk diajarkan.

Hari ini, jika Anda perlu menegur anak Anda, pikirkan bagaimana Anda akan menindaklanjutinya. Kata penenteram hati setelah disiplin bukanlah kelemahan — itu justru hal yang menjaga teguran agar tidak berubah menjadi keputusasaan, dan itu mungkin bagian dari pelajaran yang paling lama diingat oleh anak Anda.","Colossians 3:21 | Fathers, do not embitter your children, or they will become discouraged.","Kolose 3:21 | Hai bapa-bapa, janganlah sakiti hati anakmu, supaya jangan tawar hatinya.","After your next correction, what small word or gesture of reassurance could keep your child from feeling discouraged?","Setelah teguran Anda berikutnya, kata atau tindakan penenteram hati kecil apa yang dapat mencegah anak Anda merasa putus asa?","Lord, help me correct my child in a way that forms without discouraging. After every teaching moment, give me the wisdom to follow with reassurance, so my child always knows that love, not disappointment, has the final word. Amen.","Tuhan, tolong aku menegur anakku dengan cara yang membentuk tanpa mematahkan semangat. Setelah setiap momen pengajaran, berilah aku hikmat untuk menindaklanjutinya dengan penenteraman hati, sehingga anakku selalu tahu bahwa kasih, bukan kekecewaan, yang memiliki kata terakhir. Amin."
"Family","Keluarga","Parenting with Faith","Mendidik Anak dengan Iman","Raising Faith-Filled Teens","Membesarkan Remaja yang Berakar Iman","Four days on parenting adolescents who are finding their own faith","Empat hari merenungkan cara mendampingi remaja yang sedang menemukan imannya sendiri","4","A four-day devotional for parents of teenagers navigating the delicate season when a child's faith stops being borrowed from their parents and starts becoming genuinely their own — full of questions, pulling away, and the slow, patient work of staying present without gripping too tightly.","Renungan empat hari bagi orang tua dengan anak remaja yang sedang menjalani musim yang rumit, ketika iman seorang anak berhenti menjadi pinjaman dari orang tuanya dan mulai menjadi benar-benar miliknya sendiri — penuh pertanyaan, penarikan diri, dan kerja yang lambat dan sabar untuk tetap hadir tanpa mencengkeram terlalu erat.","A striking retro screen-print poster illustration: a parent and a teenager standing side by side at a bus stop or train platform at dusk, not touching, gazes both forward toward the horizon rather than at each other — a composition about companionship without control. Bold flat color blocks, visible halftone dot texture, and slightly offset registration lines give the piece a mid-century travel-poster feel. Palette: burnt orange, deep teal, mustard yellow, and charcoal black linework, with a warm coral sky. Mood is steady, patient, and quietly hopeful — two people walking the same direction without needing to hold on. All lettering is grouped together at the very top of the composition for maximum legibility, stacked on a soft solid-color band or gentle scrim so it stays readable against the artwork behind it: the title ""Raising Faith-Filled Teens"" first, largest, in a bold condensed retro poster typeface; directly beneath it the smaller subtitle ""Four days on parenting adolescents who are finding their own faith""; and directly beneath the subtitle a compact rounded pill reading ""4 DAYS"" in bold small caps. Nothing else overlaps the illustration below. Mood: steady companionship, quiet hope.","","1","Wisdom for the Years Ahead","Hikmat untuk Tahun-Tahun ke Depan","The transition from parenting a child to parenting a teenager can feel disorienting. The methods that worked so reliably a few years earlier — clear instructions, consistent consequences, a simple explanation of right and wrong — suddenly meet resistance, eye-rolls, or a closed bedroom door. It is tempting to interpret this as rebellion against faith itself, when often it is simply the ordinary, necessary work of a young person beginning to think for themselves.

Proverbs 3:1-2 offers words that a parent might once have spoken to a small child, but that now must be entrusted to a growing teenager to internalize on their own: 'My son, do not forget my teaching, but keep my commands in your heart, for they will prolong your life many years and bring you peace and prosperity.' Notice the shift implicit in this verse — it is addressed to the child directly, inviting them to keep these commands in their own heart, not simply to obey a parent's rule from the outside.

This is, in many ways, exactly the shift happening during adolescence. Faith that once lived primarily in a parent's instruction must gradually become faith that lives in a teenager's own heart. That transition is rarely smooth. It often includes questioning, testing, and even temporary distance, as a young person works out whether the faith they were given is genuinely their own or merely inherited. This is not always a sign that something has gone wrong; it is frequently a sign that something real is happening.

Today, if your teenager is questioning, pulling back, or testing boundaries around faith, try resisting the urge to immediately clamp down or panic. Consider instead praying that the teaching planted in their heart over many years is now doing exactly the deep, quiet work this proverb describes — becoming truly theirs.","Peralihan dari mendidik seorang anak menjadi mendampingi seorang remaja bisa terasa membingungkan. Metode-metode yang beberapa tahun sebelumnya begitu dapat diandalkan — instruksi yang jelas, konsekuensi yang konsisten, penjelasan sederhana tentang benar dan salah — tiba-tiba bertemu dengan penolakan, tatapan sinis, atau pintu kamar yang tertutup. Sangat menggoda untuk menafsirkan ini sebagai pemberontakan terhadap iman itu sendiri, padahal seringkali ini hanyalah kerja yang biasa dan perlu dari seorang muda yang mulai berpikir sendiri.

Amsal 3:1-2 menawarkan kata-kata yang dahulu mungkin diucapkan seorang orang tua kepada anak kecilnya, tetapi kini harus dipercayakan kepada seorang remaja yang sedang bertumbuh untuk diresapi sendiri: 'Hai anakku, janganlah engkau melupakan ajaranku, dan biarlah hatimu memelihara perintahku, karena panjang umur dan tahun-tahun hidupmu serta sejahtera akan ditambahkannya kepadamu.' Perhatikan pergeseran yang tersirat dalam ayat ini — ayat ini ditujukan langsung kepada sang anak, mengundang mereka untuk memelihara perintah-perintah ini dalam hati mereka sendiri, bukan sekadar menaati aturan orang tua dari luar.

Ini, dalam banyak hal, adalah persis pergeseran yang terjadi selama masa remaja. Iman yang dahulu hidup terutama dalam ajaran orang tua harus secara bertahap menjadi iman yang hidup dalam hati sang remaja sendiri. Peralihan itu jarang berjalan mulus. Sering kali disertai pertanyaan, pengujian, dan bahkan jarak sementara, ketika seorang muda mengolah apakah iman yang diberikan kepadanya benar-benar miliknya sendiri atau sekadar warisan. Ini tidak selalu tanda bahwa ada yang salah; ini sering kali justru tanda bahwa sesuatu yang nyata sedang terjadi.

Hari ini, jika remaja Anda sedang mempertanyakan, menarik diri, atau menguji batas-batas seputar iman, cobalah menahan dorongan untuk segera mengekang atau panik. Pertimbangkan sebaliknya untuk berdoa agar ajaran yang ditanamkan dalam hati mereka selama bertahun-tahun kini sedang melakukan tepat kerja yang dalam dan tenang yang digambarkan amsal ini — menjadi benar-benar milik mereka.","Proverbs 3:1-2 | My son, do not forget my teaching, but keep my commands in your heart, for they will prolong your life many years and bring you peace and prosperity.","Amsal 3:1-2 | Hai anakku, janganlah engkau melupakan ajaranku, dan biarlah hatimu memelihara perintahku, karena panjang umur dan tahun-tahun hidupmu serta sejahtera akan ditambahkannya kepadamu.","Can you trust that your teenager's questioning is part of faith becoming genuinely their own, rather than a sign it is being lost?","Dapatkah Anda percaya bahwa pertanyaan-pertanyaan remaja Anda adalah bagian dari iman yang sedang menjadi benar-benar milik mereka sendiri, bukan tanda bahwa iman itu sedang hilang?","Lord, let the teaching planted in my teenager's heart over these years now take root as their own. Give me patience with their questions and their distance, and help me trust the deep work You are doing, even when I cannot see it clearly. Amen.","Tuhan, biarlah ajaran yang ditanamkan dalam hati remajaku selama bertahun-tahun ini kini berakar sebagai milik mereka sendiri. Berilah aku kesabaran menghadapi pertanyaan dan jarak mereka, dan tolong aku mempercayai karya yang dalam yang sedang Engkau kerjakan, bahkan ketika aku tidak dapat melihatnya dengan jelas. Amin."
"Family","Keluarga","Parenting with Faith","Mendidik Anak dengan Iman","Raising Faith-Filled Teens","Membesarkan Remaja yang Berakar Iman","Four days on parenting adolescents who are finding their own faith","Empat hari merenungkan cara mendampingi remaja yang sedang menemukan imannya sendiri","4","A four-day devotional for parents of teenagers navigating the delicate season when a child's faith stops being borrowed from their parents and starts becoming genuinely their own — full of questions, pulling away, and the slow, patient work of staying present without gripping too tightly.","Renungan empat hari bagi orang tua dengan anak remaja yang sedang menjalani musim yang rumit, ketika iman seorang anak berhenti menjadi pinjaman dari orang tuanya dan mulai menjadi benar-benar miliknya sendiri — penuh pertanyaan, penarikan diri, dan kerja yang lambat dan sabar untuk tetap hadir tanpa mencengkeram terlalu erat.","A striking retro screen-print poster illustration: a parent and a teenager standing side by side at a bus stop or train platform at dusk, not touching, gazes both forward toward the horizon rather than at each other — a composition about companionship without control. Bold flat color blocks, visible halftone dot texture, and slightly offset registration lines give the piece a mid-century travel-poster feel. Palette: burnt orange, deep teal, mustard yellow, and charcoal black linework, with a warm coral sky. Mood is steady, patient, and quietly hopeful — two people walking the same direction without needing to hold on. All lettering is grouped together at the very top of the composition for maximum legibility, stacked on a soft solid-color band or gentle scrim so it stays readable against the artwork behind it: the title ""Raising Faith-Filled Teens"" first, largest, in a bold condensed retro poster typeface; directly beneath it the smaller subtitle ""Four days on parenting adolescents who are finding their own faith""; and directly beneath the subtitle a compact rounded pill reading ""4 DAYS"" in bold small caps. Nothing else overlaps the illustration below. Mood: steady companionship, quiet hope.","","2","As for Me and My House","Aku dan Seisi Rumahku","Joshua's famous declaration — 'as for me and my household, we will serve the Lord' — was made at a pivotal moment, as the Israelites stood at a genuine crossroads of competing loyalties. It is often quoted as a statement of authority: a leader declaring the direction his family will go. But by the time children reach their teenage years, this verse takes on a slightly different, more vulnerable meaning for parents. We can declare our own commitment. We cannot make that same choice for a teenager who is old enough to choose for themselves.

This can feel like a loss of control at exactly the moment when we most want reassurance that our years of teaching will hold. But Joshua's declaration is instructive precisely because of what it does and doesn't claim. He commits himself and speaks for those still under his direct care, but the verse itself exists within a larger story where each subsequent generation of Israel had to choose again, for themselves, whether to serve the Lord. Faith has never been fully transferable by declaration alone; it has always required each generation's own choosing.

What we can do, as parents of teenagers, is continue to be the 'as for me' half of this verse — visibly, consistently choosing to serve the Lord ourselves, regardless of whether our teenager is currently choosing the same. Our own steady faith becomes both an example and, quietly, an invitation, without becoming a demand we can enforce. Many parents find that a teenager who pulls away from a parent's faith in the moment often circles back to it later, especially when that faith was lived consistently rather than merely insisted upon.

Today, renew your own 'as for me' declaration, regardless of where your teenager currently stands. Let your own faithfulness be steady enough to still be there, visibly, whenever they are ready to choose it for themselves.","Deklarasi Yosua yang terkenal — 'aku dan seisi rumahku, kami akan beribadah kepada TUHAN' — diucapkan pada momen yang menentukan, ketika bangsa Israel berada di persimpangan nyata antara kesetiaan-kesetiaan yang saling bersaing. Ayat ini sering dikutip sebagai pernyataan otoritas: seorang pemimpin mendeklarasikan arah yang akan ditempuh keluarganya. Namun ketika anak-anak mencapai usia remaja, ayat ini mengambil makna yang sedikit berbeda dan lebih rentan bagi orang tua. Kita dapat mendeklarasikan komitmen kita sendiri. Kita tidak dapat membuat pilihan yang sama itu untuk seorang remaja yang sudah cukup dewasa untuk memilih sendiri.

Ini bisa terasa seperti kehilangan kendali justru pada saat kita paling menginginkan jaminan bahwa tahun-tahun mengajar kita akan bertahan. Namun deklarasi Yosua bersifat mendidik justru karena apa yang diklaim dan tidak diklaimnya. Ia berkomitmen bagi dirinya sendiri dan berbicara atas nama mereka yang masih berada dalam perawatan langsungnya, tetapi ayat ini ada dalam kisah yang lebih besar di mana setiap generasi Israel berikutnya harus memilih lagi, bagi diri mereka sendiri, apakah akan beribadah kepada TUHAN. Iman tidak pernah dapat sepenuhnya dipindahkan hanya melalui deklarasi; iman selalu memerlukan pilihan dari setiap generasi sendiri.

Yang dapat kita lakukan, sebagai orang tua remaja, adalah terus menjadi bagian 'aku' dari ayat ini — secara nyata dan konsisten memilih untuk beribadah kepada TUHAN sendiri, terlepas dari apakah remaja kita saat ini memilih hal yang sama. Iman kita yang teguh menjadi teladan sekaligus, secara diam-diam, undangan, tanpa menjadi tuntutan yang dapat kita paksakan. Banyak orang tua merasa bahwa seorang remaja yang menjauh dari iman orang tuanya pada suatu masa sering kembali kepadanya kemudian, terutama ketika iman itu dihidupi secara konsisten dan bukan sekadar dipaksakan.

Hari ini, perbarui deklarasi 'aku' Anda sendiri, terlepas dari di mana remaja Anda saat ini berada. Biarkan kesetiaan Anda sendiri cukup teguh untuk tetap hadir, secara nyata, kapan pun mereka siap memilihnya sendiri.","Joshua 24:15 | But as for me and my household, we will serve the Lord.","Yosua 24:15 | Tetapi aku dan seisi rumahku, kami akan beribadah kepada TUHAN!","How can your own steady, visible faith be an invitation to your teenager rather than a demand?","Bagaimana iman Anda sendiri yang teguh dan nyata dapat menjadi undangan bagi remaja Anda, bukan tuntutan?","Lord, as for me, I choose to serve You, whatever choices my teenager is currently making. Let my own faith be steady and visible, an open door rather than a closed demand, so that when they are ready to choose for themselves, they find me still faithfully standing here. Amen.","Tuhan, aku memilih untuk beribadah kepada-Mu, apa pun pilihan yang sedang diambil remajaku saat ini. Biarlah imanku sendiri teguh dan nyata, menjadi pintu yang terbuka dan bukan tuntutan yang tertutup, sehingga ketika mereka siap memilih sendiri, mereka mendapati aku masih berdiri di sini dengan setia. Amin."
"Family","Keluarga","Parenting with Faith","Mendidik Anak dengan Iman","Raising Faith-Filled Teens","Membesarkan Remaja yang Berakar Iman","Four days on parenting adolescents who are finding their own faith","Empat hari merenungkan cara mendampingi remaja yang sedang menemukan imannya sendiri","4","A four-day devotional for parents of teenagers navigating the delicate season when a child's faith stops being borrowed from their parents and starts becoming genuinely their own — full of questions, pulling away, and the slow, patient work of staying present without gripping too tightly.","Renungan empat hari bagi orang tua dengan anak remaja yang sedang menjalani musim yang rumit, ketika iman seorang anak berhenti menjadi pinjaman dari orang tuanya dan mulai menjadi benar-benar miliknya sendiri — penuh pertanyaan, penarikan diri, dan kerja yang lambat dan sabar untuk tetap hadir tanpa mencengkeram terlalu erat.","A striking retro screen-print poster illustration: a parent and a teenager standing side by side at a bus stop or train platform at dusk, not touching, gazes both forward toward the horizon rather than at each other — a composition about companionship without control. Bold flat color blocks, visible halftone dot texture, and slightly offset registration lines give the piece a mid-century travel-poster feel. Palette: burnt orange, deep teal, mustard yellow, and charcoal black linework, with a warm coral sky. Mood is steady, patient, and quietly hopeful — two people walking the same direction without needing to hold on. All lettering is grouped together at the very top of the composition for maximum legibility, stacked on a soft solid-color band or gentle scrim so it stays readable against the artwork behind it: the title ""Raising Faith-Filled Teens"" first, largest, in a bold condensed retro poster typeface; directly beneath it the smaller subtitle ""Four days on parenting adolescents who are finding their own faith""; and directly beneath the subtitle a compact rounded pill reading ""4 DAYS"" in bold small caps. Nothing else overlaps the illustration below. Mood: steady companionship, quiet hope.","","3","An Example, Not Just a Rule-Giver","Teladan, Bukan Sekadar Pemberi Aturan","Paul's words to young Timothy carry a special resonance for teenagers navigating faith: 'Don't let anyone look down on you because you are young, but set an example for the believers in speech, in conduct, in love, in faith and in purity.' It is easy to forget that this was written to a young person, encouraging them to lead by example rather than waiting until they were older to be taken seriously.

This verse is a helpful reminder for parents too, in a slightly different direction. As our children move into adolescence, we often shift our energy toward monitoring and correcting — checking behavior, enforcing rules, catching mistakes. All of this has its place. But Timothy's calling reminds us that a teenager's faith is not only formed by what they are told to avoid; it is formed by what they are invited to become. Teenagers, like Timothy, often rise to the dignity of a real calling far more than they respond to a list of restrictions.

Many parents find that shifting even a portion of their conversations with a teenager from 'here is what not to do' toward 'here is who you are becoming, and here is how God might use you' changes the entire tone of the relationship. It treats a teenager not merely as a child to be managed until adulthood, but as a young disciple already capable of meaningful faith, speech, conduct, love, and purity, right now, not merely someday.

Today, consider one way you might speak to your teenager about who they are becoming, rather than only what they need to stop doing. Let them hear that you see real spiritual potential in them already, not just future potential once they've matured.","Kata-kata Paulus kepada Timotius muda memiliki gema khusus bagi para remaja yang sedang menjalani iman mereka: 'Jangan seorang pun menganggap engkau rendah karena engkau muda. Jadilah teladan bagi orang-orang percaya, dalam perkataanmu, dalam tingkah lakumu, dalam kasihmu, dalam kesetiaanmu dan dalam kesucianmu.' Mudah untuk melupakan bahwa ini ditulis kepada seorang yang masih muda, mendorongnya untuk memimpin lewat teladan, bukan menunggu hingga lebih tua untuk dianggap serius.

Ayat ini juga menjadi pengingat yang berguna bagi orang tua, dengan arah yang sedikit berbeda. Ketika anak-anak kita memasuki masa remaja, kita sering mengalihkan energi kita ke arah mengawasi dan menegur — memeriksa perilaku, menegakkan aturan, menangkap kesalahan. Semua ini ada tempatnya. Namun panggilan Timotius mengingatkan kita bahwa iman seorang remaja tidak hanya dibentuk oleh apa yang diperintahkan untuk dihindari; iman itu dibentuk oleh apa yang diundang untuk menjadi. Remaja, seperti Timotius, sering naik ke martabat sebuah panggilan yang nyata jauh lebih daripada mereka merespons daftar larangan.

Banyak orang tua merasa bahwa mengalihkan bahkan sebagian dari percakapan mereka dengan seorang remaja dari 'inilah yang tidak boleh dilakukan' menuju 'inilah siapa dirimu yang sedang bertumbuh, dan inilah bagaimana Tuhan mungkin memakaimu' mengubah seluruh nada hubungan itu. Ini memperlakukan seorang remaja bukan sekadar sebagai anak yang harus dikelola hingga dewasa, tetapi sebagai seorang murid muda yang sudah mampu memiliki iman, perkataan, tingkah laku, kasih, dan kesucian yang bermakna, sekarang, bukan hanya suatu hari nanti.

Hari ini, pertimbangkan satu cara Anda dapat berbicara kepada remaja Anda tentang siapa mereka yang sedang bertumbuh, bukan hanya apa yang perlu mereka hentikan. Biarkan mereka mendengar bahwa Anda sudah melihat potensi rohani yang nyata dalam diri mereka sekarang, bukan hanya potensi di masa depan setelah mereka dewasa.","1 Timothy 4:12 | Don't let anyone look down on you because you are young, but set an example for the believers in speech, in conduct, in love, in faith and in purity.","1 Timotius 4:12 | Jangan seorang pun menganggap engkau rendah karena engkau muda. Jadilah teladan bagi orang-orang percaya, dalam perkataanmu, dalam tingkah lakumu, dalam kasihmu, dalam kesetiaanmu dan dalam kesucianmu.","What might change if you spoke to your teenager more about who they are becoming than about what they need to stop doing?","Apa yang mungkin berubah jika Anda berbicara kepada remaja Anda lebih tentang siapa mereka yang sedang bertumbuh daripada tentang apa yang perlu mereka hentikan?","Lord, help me see and speak to the real spiritual potential already present in my teenager. Let my words build them up as young disciples, not only correct their mistakes. Give them courage, like Timothy, to live their faith boldly even while young. Amen.","Tuhan, tolong aku melihat dan berbicara tentang potensi rohani yang nyata yang sudah ada dalam diri remajaku. Biarlah kata-kataku membangun mereka sebagai murid muda, bukan hanya menegur kesalahan mereka. Berilah mereka keberanian, seperti Timotius, untuk menghidupi iman mereka dengan berani meski masih muda. Amin."
"Family","Keluarga","Parenting with Faith","Mendidik Anak dengan Iman","Raising Faith-Filled Teens","Membesarkan Remaja yang Berakar Iman","Four days on parenting adolescents who are finding their own faith","Empat hari merenungkan cara mendampingi remaja yang sedang menemukan imannya sendiri","4","A four-day devotional for parents of teenagers navigating the delicate season when a child's faith stops being borrowed from their parents and starts becoming genuinely their own — full of questions, pulling away, and the slow, patient work of staying present without gripping too tightly.","Renungan empat hari bagi orang tua dengan anak remaja yang sedang menjalani musim yang rumit, ketika iman seorang anak berhenti menjadi pinjaman dari orang tuanya dan mulai menjadi benar-benar miliknya sendiri — penuh pertanyaan, penarikan diri, dan kerja yang lambat dan sabar untuk tetap hadir tanpa mencengkeram terlalu erat.","A striking retro screen-print poster illustration: a parent and a teenager standing side by side at a bus stop or train platform at dusk, not touching, gazes both forward toward the horizon rather than at each other — a composition about companionship without control. Bold flat color blocks, visible halftone dot texture, and slightly offset registration lines give the piece a mid-century travel-poster feel. Palette: burnt orange, deep teal, mustard yellow, and charcoal black linework, with a warm coral sky. Mood is steady, patient, and quietly hopeful — two people walking the same direction without needing to hold on. All lettering is grouped together at the very top of the composition for maximum legibility, stacked on a soft solid-color band or gentle scrim so it stays readable against the artwork behind it: the title ""Raising Faith-Filled Teens"" first, largest, in a bold condensed retro poster typeface; directly beneath it the smaller subtitle ""Four days on parenting adolescents who are finding their own faith""; and directly beneath the subtitle a compact rounded pill reading ""4 DAYS"" in bold small caps. Nothing else overlaps the illustration below. Mood: steady companionship, quiet hope.","","4","Not Growing Weary","Jangan Menjadi Lesu","Parenting a teenager is often a long game with few visible checkpoints. Unlike the early years, where milestones are frequent and obvious — first words, first steps, first prayer — adolescence can feel like a long stretch of quiet, ambiguous progress, punctuated by conflict, silence, and the occasional discouraging setback. It is precisely this kind of long, unglamorous effort that Galatians 6:9 addresses: 'Let us not become weary in doing good, for at the proper time we will reap a harvest if we do not give up.'

The phrase 'at the proper time' is worth sitting with. It does not promise a harvest on our schedule. Many parents of now-grown children describe a season during the teenage years that felt discouraging, even hopeless at times, followed years later by a return to faith, a meaningful conversation, or a quiet moment of gratitude from a child who once seemed distant. The proper time was not visible while they were in the middle of it. It rarely is.

Weariness in parenting a teenager is real and should not be dismissed with easy encouragement. The daily doing good — the patient conversations, the consistent boundaries held with love, the prayers offered even when they seem to go unanswered, the choice to stay present even when pushed away — is genuinely hard, sustained work. Galatians does not pretend otherwise; it simply insists that this work is not wasted, even when the harvest is delayed past what we can currently see.

As you close this short devotional, take an honest inventory of your own weariness in this season of parenting a teenager. Bring it to God, not as a confession of failure, but as an honest request for endurance. The proper time is still coming, even on the days it feels farthest away.","Mendampingi seorang remaja sering kali merupakan permainan jangka panjang dengan sedikit titik pencapaian yang terlihat. Berbeda dengan tahun-tahun awal, ketika tonggak-tonggak perkembangan sering dan jelas terlihat — kata pertama, langkah pertama, doa pertama — masa remaja bisa terasa seperti rentang panjang kemajuan yang tenang dan ambigu, diselingi konflik, keheningan, dan sesekali kemunduran yang mengecewakan. Justru jenis usaha yang panjang dan tidak dramatis inilah yang dibicarakan Galatia 6:9: 'Janganlah kita jemu-jemu berbuat baik, karena apabila sudah datang waktunya, kita akan menuai, jika kita tidak menjadi lemah.'

Frasa 'apabila sudah datang waktunya' patut direnungkan. Ini bukan janji panen sesuai jadwal kita. Banyak orang tua dengan anak yang kini sudah dewasa menceritakan musim pada masa remaja yang terasa mengecewakan, bahkan kadang tanpa harapan, yang diikuti bertahun-tahun kemudian oleh kembalinya iman, percakapan yang bermakna, atau momen syukur yang tenang dari seorang anak yang dahulu tampak menjauh. Waktu yang tepat itu tidak terlihat ketika mereka berada di tengah-tengahnya. Ia memang jarang terlihat.

Kelelahan dalam mendampingi seorang remaja itu nyata dan tidak boleh diremehkan dengan penghiburan yang mudah. Berbuat baik setiap hari — percakapan yang sabar, batasan yang konsisten yang dipegang dengan kasih, doa yang dipanjatkan bahkan ketika tampaknya tidak terjawab, pilihan untuk tetap hadir bahkan ketika ditolak — benar-benar merupakan kerja yang berat dan berkelanjutan. Galatia tidak berpura-pura sebaliknya; ayat ini hanya menegaskan bahwa kerja ini tidak sia-sia, bahkan ketika panennya tertunda melampaui apa yang dapat kita lihat sekarang.

Saat Anda menutup renungan singkat ini, lakukan penilaian yang jujur atas kelelahan Anda sendiri dalam musim mendampingi remaja ini. Bawalah itu kepada Tuhan, bukan sebagai pengakuan kegagalan, tetapi sebagai permohonan yang jujur untuk ketahanan. Waktu yang tepat itu masih akan datang, bahkan pada hari-hari ketika itu terasa paling jauh.","Galatians 6:9 | Let us not become weary in doing good, for at the proper time we will reap a harvest if we do not give up.","Galatia 6:9 | Janganlah kita jemu-jemu berbuat baik, karena apabila sudah datang waktunya, kita akan menuai, jika kita tidak menjadi lemah.","Where do you feel weary in parenting your teenager, and can you ask God for endurance rather than giving up?","Di bagian mana Anda merasa lelah dalam mendampingi remaja Anda, dan dapatkah Anda memohon ketahanan kepada Tuhan alih-alih menyerah?","Lord, I am honest with You about my weariness in this season. Renew my strength to keep doing good, even without visible results yet. I trust that the proper time for a harvest in my teenager's life is still coming, even on the days it feels farthest away. Amen.","Tuhan, aku jujur kepada-Mu tentang kelelahanku dalam musim ini. Perbaruilah kekuatanku untuk terus berbuat baik, bahkan tanpa hasil yang terlihat saat ini. Aku percaya bahwa waktu yang tepat untuk panen dalam kehidupan remajaku masih akan datang, bahkan pada hari-hari ketika itu terasa paling jauh. Amin."
"Family","Keluarga","Honoring Parents & Elders","Menghormati Orang Tua dan yang Lebih Tua","Grateful Hearts","Hati yang Bersyukur","Five days of thanksgiving for the parents who raised you","Lima hari bersyukur untuk orang tua yang membesarkanmu","5","A five-day devotional for adult children who want to pause and give thanks for their upbringing, however imperfect it was. Each day looks at gratitude through Scripture, honoring the sacrifices, prayers, and quiet love of the people who raised us, and inviting us to say thank you before it's too late.","Renungan lima hari bagi anak-anak dewasa yang ingin berhenti sejenak untuk bersyukur atas cara mereka dibesarkan, sekalipun tidak sempurna. Setiap hari melihat rasa syukur melalui Firman Tuhan, menghargai pengorbanan, doa, dan kasih diam-diam dari orang-orang yang membesarkan kita, serta mengajak kita mengucap terima kasih selagi masih ada waktu.","A warm gouache illustration in a folk-art style: an adult child's hand resting gently over an older parent's hand on a wooden kitchen table, a teapot and two simple cups nearby, soft afternoon light coming through a curtained window. Palette of honey gold, terracotta, sage green, and warm cream. Textured brushstrokes with a handmade, cozy quality reminiscent of a keepsake illustration. All lettering is grouped together at the very top of the composition for maximum legibility, stacked on a soft solid-color band or gentle scrim so it stays readable against the artwork behind it: the title ""Grateful Hearts"" first, largest, in a rounded warm hand-lettered script; directly beneath it the smaller subtitle ""Five days of thanksgiving for the parents who raised you""; and directly beneath the subtitle a compact rounded pill reading ""5 DAYS"" in bold small caps. Nothing else overlaps the illustration below. Mood: tender, homely gratitude.","","1","The Command Wrapped in a Promise","Perintah yang Dibungkus dengan Janji","Of all the Ten Commandments, only one comes with a promise attached. 'Honor your father and your mother, so that you may live long in the land the Lord your God is giving you.' God did not simply command honor; He wrapped it in blessing, as if to say that a life rooted in gratitude toward parents is a life rooted well. Before we ever learn to honor God with our lips, many of us first learn what honor even looks like by watching how we treat the people who fed us, corrected us, and stayed up worrying about us.

Gratitude toward parents rarely arrives all at once. It tends to grow slowly, often only after we ourselves have carried some of the weight they carried — a late bill, a sick child, a long night of worry. It is easy, in the busyness of adult life, to let appreciation stay unspoken, tucked away as something we assume our parents already know. But assumed gratitude is still unspoken gratitude, and unspoken things have a way of staying that way.

This week is an invitation to notice again. Not to pretend our upbringing was flawless — few are — but to look honestly at what was given: meals cooked without complaint, sacrifices made quietly, prayers said on our behalf that we may never fully know about. Honoring parents does not require ignoring their faults; it requires choosing to see the fuller picture, the years of ordinary faithfulness that don't make headlines but make a life.

As we begin, ask God simply to soften your heart toward gratitude. Not guilt, not obligation — gratitude, freely given, the kind that flows naturally once we start counting what was actually given to us rather than what was lacking.","Dari sepuluh perintah Allah, hanya satu yang disertai janji. 'Hormatilah ayahmu dan ibumu, supaya lanjut umurmu di tanah yang diberikan TUHAN, Allahmu, kepadamu.' Allah tidak sekadar memerintahkan penghormatan; Ia membungkusnya dengan berkat, seolah hendak berkata bahwa hidup yang berakar pada rasa syukur kepada orang tua adalah hidup yang berakar dengan baik. Sebelum kita belajar menghormati Allah dengan bibir kita, banyak dari kita lebih dulu belajar seperti apa penghormatan itu dengan memperhatikan bagaimana kita memperlakukan orang-orang yang memberi kita makan, menegur kita, dan berjaga khawatir demi kita.

Rasa syukur kepada orang tua jarang datang sekaligus. Ia cenderung tumbuh perlahan, sering kali baru setelah kita sendiri memikul sebagian dari beban yang pernah mereka pikul — tagihan yang terlambat, anak yang sakit, malam panjang yang penuh kekhawatiran. Dalam kesibukan hidup dewasa, mudah sekali membiarkan rasa terima kasih tetap tak terucap, disimpan sebagai sesuatu yang kita anggap sudah diketahui orang tua kita. Namun rasa syukur yang hanya diasumsikan tetaplah rasa syukur yang tak terucap, dan hal-hal yang tak terucap cenderung tetap seperti itu.

Minggu ini adalah undangan untuk memperhatikan kembali. Bukan untuk berpura-pura bahwa masa kecil kita sempurna — jarang ada yang seperti itu — tetapi untuk melihat dengan jujur apa yang telah diberikan: makanan yang dimasak tanpa keluhan, pengorbanan yang dilakukan diam-diam, doa-doa yang dipanjatkan bagi kita yang mungkin tak pernah sepenuhnya kita ketahui. Menghormati orang tua tidak berarti mengabaikan kekurangan mereka; itu berarti memilih untuk melihat gambaran yang lebih utuh, tahun-tahun kesetiaan sederhana yang tidak menjadi berita utama tetapi membentuk sebuah kehidupan.

Saat kita memulai, mintalah Allah dengan sederhana untuk melembutkan hatimu menuju rasa syukur. Bukan rasa bersalah, bukan kewajiban — melainkan rasa syukur yang diberikan dengan bebas, yang mengalir secara alami begitu kita mulai menghitung apa yang sungguh diberikan kepada kita, bukan apa yang kurang.","Exodus 20:12 | Honor your father and your mother, so that you may live long in the land the Lord your God is giving you.","Keluaran 20:12 | Hormatilah ayahmu dan ibumu, supaya lanjut umurmu di tanah yang diberikan TUHAN, Allahmu, kepadamu.","What is one specific thing your parents gave you that you have never said thank you for aloud?","Apa satu hal khusus yang diberikan orang tuamu yang belum pernah kamu ucapkan terima kasih dengan lantang?","Lord, thank You for the parents You gave me. Soften my heart toward gratitude today, and help me see clearly all that was given, not only what was lacking. Amen.","Tuhan, terima kasih atas orang tua yang Engkau berikan kepadaku. Lembutkan hatiku menuju rasa syukur hari ini, dan tolong aku melihat dengan jelas semua yang telah diberikan, bukan hanya apa yang kurang. Amin."
"Family","Keluarga","Honoring Parents & Elders","Menghormati Orang Tua dan yang Lebih Tua","Grateful Hearts","Hati yang Bersyukur","Five days of thanksgiving for the parents who raised you","Lima hari bersyukur untuk orang tua yang membesarkanmu","5","A five-day devotional for adult children who want to pause and give thanks for their upbringing, however imperfect it was. Each day looks at gratitude through Scripture, honoring the sacrifices, prayers, and quiet love of the people who raised us, and inviting us to say thank you before it's too late.","Renungan lima hari bagi anak-anak dewasa yang ingin berhenti sejenak untuk bersyukur atas cara mereka dibesarkan, sekalipun tidak sempurna. Setiap hari melihat rasa syukur melalui Firman Tuhan, menghargai pengorbanan, doa, dan kasih diam-diam dari orang-orang yang membesarkan kita, serta mengajak kita mengucap terima kasih selagi masih ada waktu.","A warm gouache illustration in a folk-art style: an adult child's hand resting gently over an older parent's hand on a wooden kitchen table, a teapot and two simple cups nearby, soft afternoon light coming through a curtained window. Palette of honey gold, terracotta, sage green, and warm cream. Textured brushstrokes with a handmade, cozy quality reminiscent of a keepsake illustration. All lettering is grouped together at the very top of the composition for maximum legibility, stacked on a soft solid-color band or gentle scrim so it stays readable against the artwork behind it: the title ""Grateful Hearts"" first, largest, in a rounded warm hand-lettered script; directly beneath it the smaller subtitle ""Five days of thanksgiving for the parents who raised you""; and directly beneath the subtitle a compact rounded pill reading ""5 DAYS"" in bold small caps. Nothing else overlaps the illustration below. Mood: tender, homely gratitude.","","2","Do Not Despise Her When She Is Old","Jangan Menghina Ibumu Ketika Ia Sudah Tua","Proverbs offers a gentle but pointed instruction: listen to your father, and do not despise your mother when she is old. There is something quietly wise in pairing these two ideas — listening and not despising — because gratitude toward parents is tested most not in childhood, when we depend on them completely, but in adulthood, when their pace slows, their memory falters, or their opinions start to feel outdated to us. It is easy to honor strength. It takes grace to honor someone as they grow frail.

Many of us find ourselves, without meaning to, growing impatient with parents as they age — sighing at a story told twice, correcting them in front of others, treating their questions as burdens rather than invitations to connect. Scripture calls this despising, and it is a strong word for what often feels like a small, everyday impatience. But small impatiences, repeated, shape how our parents experience their later years: either as a season of being cherished, or a season of being tolerated.

Gratitude reframes the picture. If we remember that this same voice once sang us to sleep, once explained the world to us patiently a hundred times over, our irritation softens into tenderness. The slowness we notice now is often the very patience they once poured into us without complaint. Honoring them in this later season is simply returning, in smaller measure, what was given so generously in the beginning.

Today, consider one way you can practice listening rather than correcting, receiving rather than dismissing. Gratitude is not only a feeling; it is a posture we choose again and again, especially when it is least convenient.","Kitab Amsal memberikan nasihat yang lembut namun tajam: dengarkanlah ayahmu, dan jangan menghina ibumu ketika ia sudah tua. Ada kebijaksanaan yang tenang dalam memasangkan dua gagasan ini — mendengarkan dan tidak menghina — karena rasa syukur kepada orang tua paling diuji bukan pada masa kecil, ketika kita sepenuhnya bergantung pada mereka, tetapi pada masa dewasa, ketika langkah mereka melambat, ingatan mereka mulai kabur, atau pendapat mereka mulai terasa ketinggalan zaman bagi kita. Menghormati kekuatan itu mudah. Menghormati seseorang yang mulai lemah membutuhkan anugerah.

Banyak dari kita mendapati diri, tanpa bermaksud demikian, mulai tidak sabar terhadap orang tua yang menua — mendesah saat cerita yang sama diulang, mengoreksi mereka di depan orang lain, memperlakukan pertanyaan mereka sebagai beban alih-alih undangan untuk terhubung. Firman Tuhan menyebut ini penghinaan, sebuah kata yang kuat untuk sesuatu yang sering terasa seperti ketidaksabaran kecil sehari-hari. Namun ketidaksabaran kecil yang berulang membentuk bagaimana orang tua kita menjalani masa tua mereka: sebagai musim ketika mereka disayangi, atau musim ketika mereka hanya ditoleransi.

Rasa syukur mengubah cara pandang itu. Jika kita mengingat bahwa suara yang sama ini pernah menyanyikan kita untuk tidur, pernah menjelaskan dunia kepada kita dengan sabar berulang-ulang kali, kejengkelan kita melunak menjadi kelembutan. Kelambatan yang kita perhatikan sekarang sering kali adalah kesabaran yang dahulu mereka curahkan kepada kita tanpa keluhan. Menghormati mereka pada musim ini hanyalah mengembalikan, dalam ukuran yang lebih kecil, apa yang telah diberikan dengan begitu murah hati sejak awal.

Hari ini, pikirkan satu cara kamu bisa berlatih mendengarkan alih-alih mengoreksi, menerima alih-alih mengabaikan. Rasa syukur bukan hanya perasaan; itu adalah sikap yang kita pilih berulang-ulang, terutama ketika hal itu paling tidak nyaman.","Proverbs 23:22 | Listen to your father, who gave you life, and do not despise your mother when she is old.","Amsal 23:22 | Dengarkanlah ayahmu yang memperanakkan engkau, dan janganlah menghina ibumu kalau ia sudah tua.","Where have small impatience crept into how you treat your aging parent, and how might you practice patience instead this week?","Di mana ketidaksabaran kecil mulai merasuki caramu memperlakukan orang tuamu yang menua, dan bagaimana kamu bisa berlatih kesabaran minggu ini?","Father, forgive me for the moments I have grown impatient with my parents. Teach me to listen well and to honor them with patience, especially as the years slow them down. Amen.","Bapa, ampuni aku untuk saat-saat aku menjadi tidak sabar terhadap orang tuaku. Ajari aku untuk mendengarkan dengan baik dan menghormati mereka dengan kesabaran, terutama ketika usia memperlambat langkah mereka. Amin."
"Family","Keluarga","Honoring Parents & Elders","Menghormati Orang Tua dan yang Lebih Tua","Grateful Hearts","Hati yang Bersyukur","Five days of thanksgiving for the parents who raised you","Lima hari bersyukur untuk orang tua yang membesarkanmu","5","A five-day devotional for adult children who want to pause and give thanks for their upbringing, however imperfect it was. Each day looks at gratitude through Scripture, honoring the sacrifices, prayers, and quiet love of the people who raised us, and inviting us to say thank you before it's too late.","Renungan lima hari bagi anak-anak dewasa yang ingin berhenti sejenak untuk bersyukur atas cara mereka dibesarkan, sekalipun tidak sempurna. Setiap hari melihat rasa syukur melalui Firman Tuhan, menghargai pengorbanan, doa, dan kasih diam-diam dari orang-orang yang membesarkan kita, serta mengajak kita mengucap terima kasih selagi masih ada waktu.","A warm gouache illustration in a folk-art style: an adult child's hand resting gently over an older parent's hand on a wooden kitchen table, a teapot and two simple cups nearby, soft afternoon light coming through a curtained window. Palette of honey gold, terracotta, sage green, and warm cream. Textured brushstrokes with a handmade, cozy quality reminiscent of a keepsake illustration. All lettering is grouped together at the very top of the composition for maximum legibility, stacked on a soft solid-color band or gentle scrim so it stays readable against the artwork behind it: the title ""Grateful Hearts"" first, largest, in a rounded warm hand-lettered script; directly beneath it the smaller subtitle ""Five days of thanksgiving for the parents who raised you""; and directly beneath the subtitle a compact rounded pill reading ""5 DAYS"" in bold small caps. Nothing else overlaps the illustration below. Mood: tender, homely gratitude.","","3","Obedience That Becomes Honor","Ketaatan yang Berubah Menjadi Penghormatan","Paul's instruction to children — obey your parents in everything, for this pleases the Lord — was written first for those still under a parent's roof. But there is a deeper current beneath the verse that stays true long after we've moved out and built our own households: the posture of a heart willing to be taught, willing to receive correction, willing to consider that our parents might still have something worth teaching us.

As adults, we naturally shift from obedience to something more like partnership or even, at times, caretaking. Yet gratitude keeps a thread of that childhood posture alive — not blind compliance, but a genuine openness to our parents' wisdom, forged over decades we haven't lived yet. It is a strange kind of humility to admit that the people who once packed our lunches might still understand something about life, marriage, or faith that we are only beginning to learn.

This is especially true in matters of faith. Many of us first heard the name of Jesus from a parent's lips, first watched what prayer looked like at a kitchen table or a bedside, first learned that Sunday meant something different from the rest of the week because of a parent's quiet consistency. Gratitude asks us to acknowledge that gift specifically — not the abstract idea of an upbringing, but the concrete moments faith was modeled for us before we had words for it.

Today, thank God for whatever thread of faith, however thin, was handed to you by your parents. And consider one piece of wisdom from them you have been slow to receive.","Nasihat Paulus kepada anak-anak — taatilah orang tuamu dalam segala hal, karena itulah yang indah di dalam Tuhan — pertama-tama ditulis bagi mereka yang masih tinggal di bawah atap orang tua. Namun ada arus yang lebih dalam di balik ayat ini yang tetap benar lama setelah kita pindah dan membangun rumah tangga sendiri: sikap hati yang bersedia diajar, bersedia menerima teguran, bersedia mempertimbangkan bahwa orang tua kita mungkin masih memiliki sesuatu yang layak diajarkan kepada kita.

Sebagai orang dewasa, kita secara alami bergeser dari ketaatan menjadi sesuatu yang lebih seperti kemitraan atau bahkan, kadang-kadang, pengasuhan balik. Namun rasa syukur tetap menjaga benang sikap masa kecil itu tetap hidup — bukan kepatuhan buta, melainkan keterbukaan yang tulus terhadap kebijaksanaan orang tua kita, yang ditempa selama puluhan tahun yang belum kita jalani. Ada semacam kerendahan hati yang aneh untuk mengakui bahwa orang-orang yang dahulu menyiapkan bekal makan siang kita mungkin masih memahami sesuatu tentang kehidupan, pernikahan, atau iman yang baru saja mulai kita pelajari.

Ini terutama benar dalam hal iman. Banyak dari kita pertama kali mendengar nama Yesus dari bibir orang tua, pertama kali melihat seperti apa doa itu di meja makan atau di sisi tempat tidur, pertama kali belajar bahwa hari Minggu berarti sesuatu yang berbeda dari hari-hari lain karena konsistensi diam-diam orang tua kita. Rasa syukur meminta kita mengakui pemberian itu secara khusus — bukan gagasan abstrak tentang cara dibesarkan, tetapi momen-momen konkret ketika iman dicontohkan bagi kita sebelum kita punya kata-kata untuknya.

Hari ini, bersyukurlah kepada Allah untuk benang iman apa pun, sekecil apa pun, yang diwariskan orang tuamu kepadamu. Dan pikirkan satu bagian kebijaksanaan dari mereka yang selama ini lambat kamu terima.","Colossians 3:20 | Children, obey your parents in everything, for this pleases the Lord.","Kolose 3:20 | Hai anak-anak, taatilah orang tuamu dalam segala hal, karena itulah yang indah di dalam Tuhan.","What piece of wisdom has your parent offered that you have been slow to accept — and why not receive it with fresh humility today?","Kebijaksanaan apa yang pernah ditawarkan orang tuamu tetapi lambat kamu terima — mengapa tidak menerimanya dengan kerendahan hati yang baru hari ini?","Lord, thank You for the faith modeled to me by my parents. Give me humility to keep learning from them, and gratitude for every quiet lesson I may have overlooked. Amen.","Tuhan, terima kasih atas iman yang dicontohkan orang tuaku kepadaku. Berilah aku kerendahan hati untuk terus belajar dari mereka, dan rasa syukur untuk setiap pelajaran diam-diam yang mungkin pernah kuabaikan. Amin."
"Family","Keluarga","Honoring Parents & Elders","Menghormati Orang Tua dan yang Lebih Tua","Grateful Hearts","Hati yang Bersyukur","Five days of thanksgiving for the parents who raised you","Lima hari bersyukur untuk orang tua yang membesarkanmu","5","A five-day devotional for adult children who want to pause and give thanks for their upbringing, however imperfect it was. Each day looks at gratitude through Scripture, honoring the sacrifices, prayers, and quiet love of the people who raised us, and inviting us to say thank you before it's too late.","Renungan lima hari bagi anak-anak dewasa yang ingin berhenti sejenak untuk bersyukur atas cara mereka dibesarkan, sekalipun tidak sempurna. Setiap hari melihat rasa syukur melalui Firman Tuhan, menghargai pengorbanan, doa, dan kasih diam-diam dari orang-orang yang membesarkan kita, serta mengajak kita mengucap terima kasih selagi masih ada waktu.","A warm gouache illustration in a folk-art style: an adult child's hand resting gently over an older parent's hand on a wooden kitchen table, a teapot and two simple cups nearby, soft afternoon light coming through a curtained window. Palette of honey gold, terracotta, sage green, and warm cream. Textured brushstrokes with a handmade, cozy quality reminiscent of a keepsake illustration. All lettering is grouped together at the very top of the composition for maximum legibility, stacked on a soft solid-color band or gentle scrim so it stays readable against the artwork behind it: the title ""Grateful Hearts"" first, largest, in a rounded warm hand-lettered script; directly beneath it the smaller subtitle ""Five days of thanksgiving for the parents who raised you""; and directly beneath the subtitle a compact rounded pill reading ""5 DAYS"" in bold small caps. Nothing else overlaps the illustration below. Mood: tender, homely gratitude.","","4","A Heritage from the Lord","Milik Pusaka dari TUHAN","The Psalmist writes that children are a heritage from the Lord, a reward. It's easy to read this verse only from a parent's perspective, thinking of the gift of having children. But there is another way to sit with it: we, too, were once someone's heritage, someone's reward, someone's answered prayer. Before we were anything else, we were wanted — held, prayed over, hoped for.

This truth reframes gratitude at its root. Our existence itself, and the care that sustained it through infancy and childhood, was not owed to us by nature; it was a gift chosen and given, day after day, by two imperfect people doing their best with what they had. Even in families marked by hardship, there was, in most cases, a baseline of care that kept us alive, fed, and moving toward adulthood — care that cost something real in time, money, sleep, and worry.

Gratitude grows when we stop taking that baseline for granted. It is tempting, especially in a culture that celebrates independence, to think of ourselves as self-made. But none of us raised ourselves. Somewhere behind every adult stands a parent, a grandparent, a guardian who absorbed exhaustion so that we could simply grow up.

Take a moment today to thank God specifically for the fact of your own life and upbringing — not comparing it to anyone else's, just receiving it honestly as a gift that was given at real cost.","Sang pemazmur menulis bahwa anak-anak adalah milik pusaka dari TUHAN, sebuah upah. Mudah sekali membaca ayat ini hanya dari sudut pandang orang tua, memikirkan anugerah memiliki anak. Namun ada cara lain untuk merenungkannya: kita pun pernah menjadi milik pusaka seseorang, upah seseorang, jawaban doa seseorang. Sebelum kita menjadi apa pun yang lain, kita diinginkan — didekap, didoakan, dinanti-nantikan.

Kebenaran ini mengubah akar rasa syukur kita. Keberadaan kita sendiri, dan perawatan yang menopangnya sepanjang masa bayi dan kanak-kanak, bukanlah sesuatu yang menjadi hak kita secara alami; itu adalah anugerah yang dipilih dan diberikan, hari demi hari, oleh dua orang yang tidak sempurna, melakukan yang terbaik dengan apa yang mereka miliki. Bahkan dalam keluarga yang ditandai kesulitan, dalam kebanyakan kasus tetap ada perawatan dasar yang menjaga kita tetap hidup, terberi makan, dan bertumbuh menuju kedewasaan — perawatan yang menuntut sesuatu yang nyata berupa waktu, uang, tidur, dan kekhawatiran.

Rasa syukur bertumbuh ketika kita berhenti menganggap perawatan dasar itu sebagai hal yang wajar. Sangat menggoda, terutama dalam budaya yang merayakan kemandirian, untuk menganggap diri kita membesarkan diri sendiri. Namun tak seorang pun dari kita membesarkan diri sendiri. Di balik setiap orang dewasa berdiri seorang orang tua, kakek atau nenek, atau wali yang menanggung kelelahan agar kita bisa sekadar tumbuh dewasa.

Luangkan waktu hari ini untuk bersyukur kepada Allah secara khusus atas fakta hidup dan cara dibesarkanmu sendiri — bukan membandingkannya dengan siapa pun, hanya menerimanya dengan jujur sebagai anugerah yang diberikan dengan harga yang nyata.","Psalm 127:3 | Children are a heritage from the Lord, offspring a reward from him.","Mazmur 127:3 | Sesungguhnya anak-anak adalah milik pusaka dari TUHAN, dan buah kandungan adalah suatu upah.","What real cost — in time, money, sleep, or worry — did your upbringing require of your parents that you have never fully acknowledged?","Harga nyata apa — waktu, uang, tidur, atau kekhawatiran — yang dituntut oleh cara kamu dibesarkan dari orang tuamu, yang belum pernah sepenuhnya kamu akui?","Lord, thank You for choosing to give me life through my parents, and for every ordinary sacrifice that sustained me. Help me never take that gift for granted. Amen.","Tuhan, terima kasih telah memilih memberiku hidup melalui orang tuaku, dan atas setiap pengorbanan sederhana yang menopang hidupku. Tolong aku untuk tidak pernah menganggap anugerah itu sebagai hal yang biasa. Amin."
"Family","Keluarga","Honoring Parents & Elders","Menghormati Orang Tua dan yang Lebih Tua","Grateful Hearts","Hati yang Bersyukur","Five days of thanksgiving for the parents who raised you","Lima hari bersyukur untuk orang tua yang membesarkanmu","5","A five-day devotional for adult children who want to pause and give thanks for their upbringing, however imperfect it was. Each day looks at gratitude through Scripture, honoring the sacrifices, prayers, and quiet love of the people who raised us, and inviting us to say thank you before it's too late.","Renungan lima hari bagi anak-anak dewasa yang ingin berhenti sejenak untuk bersyukur atas cara mereka dibesarkan, sekalipun tidak sempurna. Setiap hari melihat rasa syukur melalui Firman Tuhan, menghargai pengorbanan, doa, dan kasih diam-diam dari orang-orang yang membesarkan kita, serta mengajak kita mengucap terima kasih selagi masih ada waktu.","A warm gouache illustration in a folk-art style: an adult child's hand resting gently over an older parent's hand on a wooden kitchen table, a teapot and two simple cups nearby, soft afternoon light coming through a curtained window. Palette of honey gold, terracotta, sage green, and warm cream. Textured brushstrokes with a handmade, cozy quality reminiscent of a keepsake illustration. All lettering is grouped together at the very top of the composition for maximum legibility, stacked on a soft solid-color band or gentle scrim so it stays readable against the artwork behind it: the title ""Grateful Hearts"" first, largest, in a rounded warm hand-lettered script; directly beneath it the smaller subtitle ""Five days of thanksgiving for the parents who raised you""; and directly beneath the subtitle a compact rounded pill reading ""5 DAYS"" in bold small caps. Nothing else overlaps the illustration below. Mood: tender, homely gratitude.","","5","The Promise That Follows Honor","Janji yang Mengikuti Penghormatan","Paul repeats the commandment to the Ephesians, calling it the first commandment with a promise: honor your father and mother so that it may go well with you. Across two testaments, God returns to this same instruction, as though He knows how easily we drift from it, and how much depends on getting it right. Honor, it seems, is not a peripheral virtue but a foundational one — the training ground where we first learn to love people we did not choose, in ways that cost us something.

As we close this week, it's worth asking what honoring our parents actually looks like in practice, beyond warm feelings. It might mean a phone call made instead of postponed. It might mean visiting even when conversation feels effortful. It might mean speaking well of them to others rather than only trading complaints. It might mean simply saying, out loud, the words 'thank you' before assuming there will always be another chance to say them.

Gratitude, left unexpressed, tends to fade into background noise — a feeling we have but never voice. But gratitude spoken becomes a gift twice over: once to the parent who hears it, and once to us, who are shaped by the practice of naming our blessings rather than only our burdens.

Let this week end not with a feeling but with an action. Choose one concrete way, this week, to say thank you to a parent — in words, in a note, in time given freely. Let honor become something practiced, not just something believed.","Paulus mengulangi perintah ini kepada jemaat Efesus, menyebutnya perintah pertama yang disertai janji: hormatilah ayah dan ibumu supaya kamu berbahagia. Sepanjang dua perjanjian, Allah kembali kepada instruksi yang sama, seolah Ia tahu betapa mudahnya kita menyimpang darinya, dan betapa banyak yang bergantung pada melakukannya dengan benar. Penghormatan, tampaknya, bukanlah kebajikan pinggiran melainkan kebajikan yang mendasar — tempat latihan pertama kita belajar mengasihi orang-orang yang tidak kita pilih, dengan cara yang menuntut sesuatu dari kita.

Saat kita mengakhiri minggu ini, layak untuk bertanya seperti apa sebenarnya menghormati orang tua kita dalam praktiknya, di luar sekadar perasaan hangat. Itu mungkin berarti telepon yang dilakukan, bukan ditunda. Mungkin berarti berkunjung bahkan ketika percakapan terasa berat. Mungkin berarti membicarakan hal baik tentang mereka kepada orang lain, bukan hanya bertukar keluhan. Mungkin berarti sekadar mengucapkan, dengan suara nyata, kata 'terima kasih' sebelum menganggap akan selalu ada kesempatan lain untuk mengucapkannya.

Rasa syukur yang tidak diungkapkan cenderung memudar menjadi kebisingan latar belakang — sebuah perasaan yang kita miliki tetapi tak pernah suarakan. Namun rasa syukur yang diucapkan menjadi anugerah dua kali lipat: sekali bagi orang tua yang mendengarnya, dan sekali bagi kita, yang dibentuk oleh kebiasaan menyebut berkat kita, bukan hanya beban kita.

Biarlah minggu ini berakhir bukan dengan sebuah perasaan, melainkan sebuah tindakan. Pilih satu cara nyata, minggu ini, untuk mengucapkan terima kasih kepada orang tuamu — dalam kata-kata, dalam sepucuk catatan, dalam waktu yang diberikan dengan bebas. Biarlah penghormatan menjadi sesuatu yang dipraktikkan, bukan hanya diyakini.","Ephesians 6:2-3 | Honor your father and mother — which is the first commandment with a promise — so that it may go well with you and that you may enjoy long life on the earth.","Efesus 6:2-3 | Hormatilah ayahmu dan ibumu — ini adalah suatu perintah yang penting, seperti yang nyata dari janji ini: supaya kamu berbahagia dan panjang umurmu di bumi.","What is one concrete act of honor you will offer your parent this week, rather than leaving gratitude unspoken?","Apa satu tindakan nyata penghormatan yang akan kamu berikan kepada orang tuamu minggu ini, alih-alih membiarkan rasa syukur tetap tak terucap?","Lord, turn my gratitude into action. Give me courage to say thank you plainly, and let honoring my parents become a daily practice, not just a passing feeling. Amen.","Tuhan, ubahlah rasa syukurku menjadi tindakan. Berilah aku keberanian untuk mengucapkan terima kasih dengan jelas, dan biarlah menghormati orang tuaku menjadi praktik harian, bukan hanya perasaan yang berlalu. Amin."
"Family","Keluarga","Honoring Parents & Elders","Menghormati Orang Tua dan yang Lebih Tua","Honoring the Autumn Years","Menghormati Musim Senja","A seven-day devotional for caring well for aging and elderly parents","Renungan tujuh hari untuk merawat orang tua yang menua dengan baik","7","A seven-day journey for the sons and daughters walking beside parents in the later stages of life — through health struggles, slower conversations, caregiving decisions, and the quiet holiness of showing up. Scripture becomes a companion for the practical and emotional weight of caring for aging parents with dignity, patience, and love.","Perjalanan tujuh hari bagi putra dan putri yang mendampingi orang tua pada tahap-tahap akhir kehidupan — melalui pergumulan kesehatan, percakapan yang melambat, keputusan-keputusan perawatan, dan kekudusan diam-diam dari kehadiran. Firman Tuhan menjadi teman dalam beban praktis dan emosional merawat orang tua yang menua dengan martabat, kesabaran, dan kasih.","A soft ink-wash and watercolor illustration in a gentle Japanese-influenced brush style: an adult daughter walking arm in arm with her elderly mother along a quiet garden path lined with chrysanthemums, autumn leaves drifting down around them, a wooden bench visible in the soft-focus background. Palette of muted amber, dusty rose, warm gray, and soft moss green. Loose expressive brushwork with visible paper texture, evoking calm and quiet devotion. All lettering is grouped together at the very top of the composition for maximum legibility, stacked on a soft solid-color band or gentle scrim so it stays readable against the artwork behind it: the title ""Honoring the Autumn Years"" first, largest, in an elegant thin serif; directly beneath it the smaller subtitle ""A seven-day devotional for caring well for aging and elderly parents""; and directly beneath the subtitle a compact rounded pill reading ""7 DAYS"" in bold small caps. Nothing else overlaps the illustration below. Mood: quiet, steady devotion.","","1","Rise Before the Gray Head","Berdirilah di Depan Orang yang Beruban","The instruction in Leviticus is almost physical in its simplicity: rise in the presence of the aged, and show respect for the elderly. In an ancient world where physical strength was survival, this command stood against the grain, insisting that worth was not measured by what a body could still do, but by the years it had already lived and the wisdom those years carried. It remains a countercultural word today, in a world that often quietly moves the elderly to the margins.

Caring for an aging parent is one of the most sacred and most exhausting assignments many of us will ever carry. It can mean managing medications, sitting through doctor's appointments, learning a new vocabulary of diagnoses, and watching someone who once seemed invincible become someone who needs help standing up. It is disorienting. The roles we knew — child needing parent — begin, slowly, to reverse.

In the middle of that disorientation, this ancient command offers something steadying: rise. Not out of pity, but out of respect — a physical posture that says, your years matter, your presence matters, you are not a burden to be managed but a person to be honored. Every small act of respect we offer an aging parent — listening fully, asking their opinion, treating their preferences as valid — is a way of rising before the gray head, even when no one else is watching.

If you are caring for an aging parent right now, know that this work, however tiring, is holy work. God sees the quiet, unglamorous faithfulness of showing up again and again, and He calls it honor.","Perintah dalam kitab Imamat hampir bersifat fisik dalam kesederhanaannya: berdirilah di depan orang yang beruban dan hormatilah orang yang tua. Dalam dunia kuno di mana kekuatan fisik berarti kelangsungan hidup, perintah ini melawan arus, menegaskan bahwa nilai seseorang tidak diukur dari apa yang masih bisa dilakukan tubuhnya, melainkan dari tahun-tahun yang telah dijalaninya dan kebijaksanaan yang dibawa tahun-tahun itu. Perintah ini tetap menjadi kata yang melawan arus zaman hari ini, dalam dunia yang sering diam-diam menggeser para lansia ke pinggiran.

Merawat orang tua yang menua adalah salah satu tugas paling kudus sekaligus paling melelahkan yang akan dipikul banyak dari kita. Ini bisa berarti mengatur obat-obatan, duduk lama di ruang tunggu dokter, mempelajari kosakata diagnosis yang baru, dan menyaksikan seseorang yang dahulu tampak tak terkalahkan menjadi seseorang yang membutuhkan bantuan untuk berdiri. Itu mendisorientasi. Peran-peran yang kita kenal — anak membutuhkan orang tua — perlahan mulai berbalik.

Di tengah disorientasi itu, perintah kuno ini menawarkan sesuatu yang menenangkan: berdirilah. Bukan karena kasihan, melainkan karena hormat — sikap fisik yang berkata, tahun-tahunmu berarti, kehadiranmu berarti, kamu bukan beban yang harus dikelola tetapi pribadi yang harus dihormati. Setiap tindakan hormat kecil yang kita berikan kepada orang tua yang menua — mendengarkan sepenuhnya, menanyakan pendapat mereka, memperlakukan preferensi mereka sebagai sah — adalah cara kita berdiri di depan orang yang beruban, bahkan ketika tak ada yang melihat.

Jika kamu sedang merawat orang tua yang menua saat ini, ketahuilah bahwa pekerjaan ini, sekalipun melelahkan, adalah pekerjaan yang kudus. Allah melihat kesetiaan yang diam-diam dan tidak gemerlap dari kehadiran yang berulang kali, dan Ia menyebutnya penghormatan.","Leviticus 19:32 | Stand up in the presence of the aged, show respect for the elderly and revere your God. I am the Lord.","Imamat 19:32 | Berdirilah di depan orang yang beruban dan hormatilah orang yang tua, karena engkau harus takut akan Allahmu; Akulah TUHAN.","In what small, everyday way could you show your aging parent that their presence and opinions still matter deeply?","Dengan cara kecil dan sehari-hari apa kamu bisa menunjukkan kepada orang tuamu yang menua bahwa kehadiran dan pendapat mereka masih sangat berarti?","Lord, give me strength for the work of caring for my aging parent, and help me see it as holy work, even on the tiring days. Amen.","Tuhan, berikanlah aku kekuatan untuk pekerjaan merawat orang tuaku yang menua, dan tolong aku melihatnya sebagai pekerjaan yang kudus, bahkan pada hari-hari yang melelahkan. Amin."
"Family","Keluarga","Honoring Parents & Elders","Menghormati Orang Tua dan yang Lebih Tua","Honoring the Autumn Years","Menghormati Musim Senja","A seven-day devotional for caring well for aging and elderly parents","Renungan tujuh hari untuk merawat orang tua yang menua dengan baik","7","A seven-day journey for the sons and daughters walking beside parents in the later stages of life — through health struggles, slower conversations, caregiving decisions, and the quiet holiness of showing up. Scripture becomes a companion for the practical and emotional weight of caring for aging parents with dignity, patience, and love.","Perjalanan tujuh hari bagi putra dan putri yang mendampingi orang tua pada tahap-tahap akhir kehidupan — melalui pergumulan kesehatan, percakapan yang melambat, keputusan-keputusan perawatan, dan kekudusan diam-diam dari kehadiran. Firman Tuhan menjadi teman dalam beban praktis dan emosional merawat orang tua yang menua dengan martabat, kesabaran, dan kasih.","A soft ink-wash and watercolor illustration in a gentle Japanese-influenced brush style: an adult daughter walking arm in arm with her elderly mother along a quiet garden path lined with chrysanthemums, autumn leaves drifting down around them, a wooden bench visible in the soft-focus background. Palette of muted amber, dusty rose, warm gray, and soft moss green. Loose expressive brushwork with visible paper texture, evoking calm and quiet devotion. All lettering is grouped together at the very top of the composition for maximum legibility, stacked on a soft solid-color band or gentle scrim so it stays readable against the artwork behind it: the title ""Honoring the Autumn Years"" first, largest, in an elegant thin serif; directly beneath it the smaller subtitle ""A seven-day devotional for caring well for aging and elderly parents""; and directly beneath the subtitle a compact rounded pill reading ""7 DAYS"" in bold small caps. Nothing else overlaps the illustration below. Mood: quiet, steady devotion.","","2","A Tumpuan for Their Old Age","Menjadi Tumpuan pada Hari Tua","Paul, writing to Timothy about the care of widows, gives instruction that reaches far beyond the ancient household: children and grandchildren should learn to put their faith into practice by caring for their own family, repaying their parents and grandparents, because this is pleasing to God. Faith, in this passage, is not only measured by what we believe but by whom we care for when caring costs us something.

There is a phrase worth sitting with here: repaying. It reframes caregiving not as charity extended downward, but as debt honorably settled — a return on decades of investment we may not have consciously noticed being made. Every diaper changed, every fever tended through the night, every lesson patiently retaught, was a deposit. Caring for our parents in their old age is simply the natural, faithful return.

This does not mean caregiving is easy, or that it should be done alone, or without wisdom about boundaries and shared family responsibility. But it does mean that when we grow weary of doctor visits, financial planning, or difficult conversations about care, we can remember: this is not an unusual burden. It is what faith looks like in practice — ordinary, costly, and pleasing to God.

If caregiving currently falls heavily on your shoulders, ask God for both strength and wisdom to share the load where possible, and to receive help without guilt. Faithfulness does not require you to do everything alone.","Paulus, menulis kepada Timotius tentang perawatan para janda, memberikan instruksi yang menjangkau jauh melampaui rumah tangga kuno: anak-anak dan cucu-cucu hendaknya belajar mempraktikkan iman mereka dengan merawat keluarga mereka sendiri, membalas budi kepada orang tua dan kakek nenek mereka, karena itulah yang berkenan kepada Allah. Iman, dalam ayat ini, tidak hanya diukur dari apa yang kita percaya, tetapi dari siapa yang kita rawat ketika merawat itu menuntut sesuatu dari kita.

Ada satu frasa yang layak kita renungkan di sini: membalas budi. Ini mengubah cara pandang tentang perawatan, bukan sebagai belas kasihan yang diberikan ke bawah, melainkan sebagai utang yang dilunasi dengan terhormat — imbal hasil dari puluhan tahun investasi yang mungkin tak kita sadari sedang ditanamkan. Setiap popok yang diganti, setiap demam yang dirawat sepanjang malam, setiap pelajaran yang diulang dengan sabar, adalah sebuah setoran. Merawat orang tua kita di hari tua mereka hanyalah pengembalian yang alami dan setia.

Ini bukan berarti merawat itu mudah, atau bahwa itu harus dilakukan sendirian, atau tanpa kebijaksanaan tentang batasan dan tanggung jawab keluarga bersama. Namun ini berarti bahwa ketika kita lelah dengan kunjungan dokter, perencanaan keuangan, atau percakapan sulit tentang perawatan, kita bisa mengingat: ini bukan beban yang tidak biasa. Inilah wujud iman dalam praktik — sederhana, mahal harganya, dan berkenan kepada Allah.

Jika perawatan saat ini jatuh berat di pundakmu, mintalah kepada Allah kekuatan sekaligus kebijaksanaan untuk membagi beban itu bila memungkinkan, dan untuk menerima bantuan tanpa rasa bersalah. Kesetiaan tidak menuntutmu melakukan segalanya sendirian.","1 Timothy 5:4 | But if a widow has children or grandchildren, these should learn first of all to put their religion into practice by caring for their own family and so repaying their parents and grandparents, for this is pleasing to God.","1 Timotius 5:4 | Tetapi jikalau seorang janda mempunyai anak atau cucu, hendaklah mereka itu pertama-tama belajar berbakti kepada kaum keluarganya sendiri dan menjadi tumpuan hidup orang-orang tuanya, sebab itulah yang berkenan kepada Allah.","Where might you need to ask for help or share the caregiving load rather than carrying it entirely alone?","Di mana kamu mungkin perlu meminta bantuan atau membagi beban perawatan, alih-alih memikulnya sepenuhnya sendirian?","Lord, help me see caregiving as a faithful return of love, not merely a duty. Give me wisdom to share the load and grace for the days it feels too heavy. Amen.","Tuhan, tolong aku melihat perawatan ini sebagai balasan kasih yang setia, bukan sekadar kewajiban. Berilah aku kebijaksanaan untuk membagi beban dan anugerah untuk hari-hari ketika terasa terlalu berat. Amin."
"Family","Keluarga","Honoring Parents & Elders","Menghormati Orang Tua dan yang Lebih Tua","Honoring the Autumn Years","Menghormati Musim Senja","A seven-day devotional for caring well for aging and elderly parents","Renungan tujuh hari untuk merawat orang tua yang menua dengan baik","7","A seven-day journey for the sons and daughters walking beside parents in the later stages of life — through health struggles, slower conversations, caregiving decisions, and the quiet holiness of showing up. Scripture becomes a companion for the practical and emotional weight of caring for aging parents with dignity, patience, and love.","Perjalanan tujuh hari bagi putra dan putri yang mendampingi orang tua pada tahap-tahap akhir kehidupan — melalui pergumulan kesehatan, percakapan yang melambat, keputusan-keputusan perawatan, dan kekudusan diam-diam dari kehadiran. Firman Tuhan menjadi teman dalam beban praktis dan emosional merawat orang tua yang menua dengan martabat, kesabaran, dan kasih.","A soft ink-wash and watercolor illustration in a gentle Japanese-influenced brush style: an adult daughter walking arm in arm with her elderly mother along a quiet garden path lined with chrysanthemums, autumn leaves drifting down around them, a wooden bench visible in the soft-focus background. Palette of muted amber, dusty rose, warm gray, and soft moss green. Loose expressive brushwork with visible paper texture, evoking calm and quiet devotion. All lettering is grouped together at the very top of the composition for maximum legibility, stacked on a soft solid-color band or gentle scrim so it stays readable against the artwork behind it: the title ""Honoring the Autumn Years"" first, largest, in an elegant thin serif; directly beneath it the smaller subtitle ""A seven-day devotional for caring well for aging and elderly parents""; and directly beneath the subtitle a compact rounded pill reading ""7 DAYS"" in bold small caps. Nothing else overlaps the illustration below. Mood: quiet, steady devotion.","","3","A Crown of Splendor","Mahkota yang Indah","Gray hair, Proverbs says, is a crown of splendor, gained by living a righteous life. It is a striking image in a world obsessed with youth — the very sign we often try to hide or dye away is described here as a crown, an honor, a mark of a life well lived. When we look at our aging parents, this verse invites us to see not decline but achievement: decades survived, faith kept, a family raised, a life still being lived faithfully.

This reframing matters because caregiving can quietly shift how we see our parents. It's easy, amid appointments and worry, to start seeing them primarily as a set of needs to manage rather than as a whole person with a rich, textured history. But the man now needing help with his shoes once carried you on his shoulders. The woman who repeats herself once stayed up through your every childhood fever. Their gray hair is not merely a sign of decline; it is a record of everything they survived to get here.

Practically, this might mean asking your parents to tell their stories again, even ones you've heard before — not out of obligation, but because their history deserves an audience. It might mean speaking to them, not just about them, in medical settings. It might mean resisting the urge to talk over them or make decisions without their input simply because it is faster.

Today, look for the crown. See your parent not only through the lens of what care they now need, but through the lens of the whole life that earned them, in God's eyes, the honor Scripture describes.","Rambut putih, kata kitab Amsal, adalah mahkota yang indah, yang didapat pada jalan kebenaran. Ini gambaran yang mencolok di dunia yang terobsesi dengan kemudaan — tanda yang sering kita coba sembunyikan atau cat ulang justru digambarkan di sini sebagai mahkota, sebuah kehormatan, tanda dari hidup yang dijalani dengan baik. Ketika kita memandang orang tua kita yang menua, ayat ini mengajak kita untuk melihat bukan kemunduran, melainkan pencapaian: puluhan tahun yang dilewati, iman yang dijaga, keluarga yang dibesarkan, sebuah hidup yang masih dijalani dengan setia.

Perubahan cara pandang ini penting karena merawat orang tua bisa diam-diam mengubah cara kita melihat mereka. Mudah sekali, di tengah janji temu dokter dan kekhawatiran, mulai melihat mereka terutama sebagai sekumpulan kebutuhan yang harus dikelola, bukan sebagai pribadi utuh dengan sejarah yang kaya dan bertekstur. Namun pria yang kini butuh bantuan memakai sepatu itu pernah menggendongmu di pundaknya. Wanita yang mengulang-ulang cerita itu pernah berjaga sepanjang setiap demammu di masa kecil. Rambut putih mereka bukan sekadar tanda kemunduran; itu adalah catatan dari segala hal yang mereka lewati untuk sampai di titik ini.

Secara praktis, ini mungkin berarti meminta orang tuamu bercerita lagi, bahkan yang sudah pernah kamu dengar — bukan karena kewajiban, tetapi karena sejarah mereka layak mendapat pendengar. Ini mungkin berarti berbicara kepada mereka, bukan hanya tentang mereka, di ruang periksa dokter. Ini mungkin berarti menahan diri dari keinginan untuk memotong pembicaraan mereka atau mengambil keputusan tanpa masukan mereka hanya karena itu lebih cepat.

Hari ini, carilah mahkota itu. Pandanglah orang tuamu bukan hanya melalui lensa perawatan apa yang mereka butuhkan sekarang, tetapi melalui lensa keseluruhan hidup yang, di mata Allah, membuat mereka layak mendapat kehormatan yang digambarkan Firman-Nya.","Proverbs 16:31 | Gray hair is a crown of splendor; it is attained in the way of righteousness.","Amsal 16:31 | Rambut putih adalah mahkota yang indah, yang didapat pada jalan kebenaran.","How might you honor the whole story of your parent's life today, not just manage their present needs?","Bagaimana kamu bisa menghormati keseluruhan kisah hidup orang tuamu hari ini, bukan hanya mengelola kebutuhan mereka saat ini?","Lord, help me see my parent's gray hair as the crown You call it — a record of a life well lived. Teach me to honor their whole story, not just their present needs. Amen.","Tuhan, tolong aku melihat rambut putih orang tuaku sebagai mahkota seperti yang Engkau sebutkan — catatan dari hidup yang dijalani dengan baik. Ajari aku menghormati keseluruhan kisah hidup mereka, bukan hanya kebutuhan mereka saat ini. Amin."
"Family","Keluarga","Honoring Parents & Elders","Menghormati Orang Tua dan yang Lebih Tua","Honoring the Autumn Years","Menghormati Musim Senja","A seven-day devotional for caring well for aging and elderly parents","Renungan tujuh hari untuk merawat orang tua yang menua dengan baik","7","A seven-day journey for the sons and daughters walking beside parents in the later stages of life — through health struggles, slower conversations, caregiving decisions, and the quiet holiness of showing up. Scripture becomes a companion for the practical and emotional weight of caring for aging parents with dignity, patience, and love.","Perjalanan tujuh hari bagi putra dan putri yang mendampingi orang tua pada tahap-tahap akhir kehidupan — melalui pergumulan kesehatan, percakapan yang melambat, keputusan-keputusan perawatan, dan kekudusan diam-diam dari kehadiran. Firman Tuhan menjadi teman dalam beban praktis dan emosional merawat orang tua yang menua dengan martabat, kesabaran, dan kasih.","A soft ink-wash and watercolor illustration in a gentle Japanese-influenced brush style: an adult daughter walking arm in arm with her elderly mother along a quiet garden path lined with chrysanthemums, autumn leaves drifting down around them, a wooden bench visible in the soft-focus background. Palette of muted amber, dusty rose, warm gray, and soft moss green. Loose expressive brushwork with visible paper texture, evoking calm and quiet devotion. All lettering is grouped together at the very top of the composition for maximum legibility, stacked on a soft solid-color band or gentle scrim so it stays readable against the artwork behind it: the title ""Honoring the Autumn Years"" first, largest, in an elegant thin serif; directly beneath it the smaller subtitle ""A seven-day devotional for caring well for aging and elderly parents""; and directly beneath the subtitle a compact rounded pill reading ""7 DAYS"" in bold small caps. Nothing else overlaps the illustration below. Mood: quiet, steady devotion.","","4","Carried Even to Gray Hairs","Digendong Sampai Rambut Memutih","Isaiah gives us one of Scripture's most tender pictures of God's faithfulness: even to your old age I am He, and to gray hairs I will carry you. I have made you and I will bear you; I will sustain you and I will rescue you. This is God speaking directly to His aging people, promising that His care does not lessen as strength fails — if anything, He draws nearer, carrying what can no longer be carried alone.

This verse offers a model for how we might care for our own aging parents. Not with reluctant duty, but with the same kind of steady, active carrying — a willingness to bear what they can no longer bear themselves, whether that's a physical task, a difficult decision, or simply the emotional weight of feeling less capable than they once were. To carry someone is different from simply being present; it means taking on weight that belongs to them.

There is something deeply moving about a God who does not abandon His people to weakness, but instead promises to carry them precisely when they can no longer carry themselves. When we do the same for our parents — driving them to appointments, managing their finances, sitting beside a hospital bed — we are, in a small and real way, extending God's own faithfulness through our hands.

It is exhausting work, and it will not always feel rewarding in the moment. But remember: the God who carries His people to gray hairs is the same God who will carry you through the work of caring for them.","Yesaya memberi kita salah satu gambaran paling lembut dalam Firman Tuhan tentang kesetiaan Allah: sampai masa tuamu Aku tetap Dia dan sampai kamu putih rambutnya Aku akan menggendong kamu. Aku telah melakukannya dan Aku akan tetap menanggung kamu; Aku akan menggendong dan menyelamatkan kamu. Ini Allah berbicara langsung kepada umat-Nya yang menua, berjanji bahwa perhatian-Nya tidak berkurang seiring melemahnya kekuatan — justru sebaliknya, Ia semakin mendekat, menggendong apa yang tak lagi bisa dipikul sendiri.

Ayat ini menawarkan sebuah teladan bagi bagaimana kita bisa merawat orang tua kita sendiri yang menua. Bukan dengan kewajiban yang enggan, melainkan dengan jenis penggendongan yang stabil dan aktif yang sama — kesediaan untuk menanggung apa yang tak lagi bisa mereka tanggung sendiri, entah itu tugas fisik, keputusan sulit, atau sekadar beban emosional karena merasa kurang mampu dibanding dahulu. Menggendong seseorang berbeda dari sekadar hadir; itu berarti mengambil alih beban yang menjadi milik mereka.

Ada sesuatu yang sangat menyentuh tentang Allah yang tidak meninggalkan umat-Nya dalam kelemahan, melainkan berjanji untuk menggendong mereka tepat ketika mereka tak lagi bisa menggendong diri sendiri. Ketika kita melakukan hal yang sama bagi orang tua kita — mengantar mereka ke janji temu, mengelola keuangan mereka, duduk di samping ranjang rumah sakit — kita, dalam cara yang kecil dan nyata, memperpanjang kesetiaan Allah sendiri melalui tangan kita.

Ini pekerjaan yang melelahkan, dan tidak akan selalu terasa memuaskan pada saatnya. Namun ingatlah: Allah yang menggendong umat-Nya sampai rambut memutih adalah Allah yang sama yang akan menggendongmu melalui pekerjaan merawat mereka.","Isaiah 46:4 | Even to your old age and gray hairs I am he, I am he who will sustain you. I have made you and I will carry you; I will sustain you and I will rescue you.","Yesaya 46:4 | Sampai masa tuamu Aku tetap Dia dan sampai kamu putih rambutnya Aku akan menggendong kamu. Aku telah melakukannya dan Aku akan tetap menanggung kamu; Aku akan menggendong dan menyelamatkan kamu.","What weight are you currently carrying for your parent, and how might remembering God carries you too change how you carry it?","Beban apa yang sedang kamu tanggung bagi orang tuamu saat ini, dan bagaimana mengingat bahwa Allah juga menggendongmu bisa mengubah caramu memikulnya?","Lord, thank You for carrying Your people even to gray hairs. Carry me now as I carry my parent, and give me strength for the weight I bear on their behalf. Amen.","Tuhan, terima kasih telah menggendong umat-Mu bahkan sampai rambut memutih. Gendonglah aku sekarang saat aku menggendong orang tuaku, dan berilah aku kekuatan untuk beban yang kupikul demi mereka. Amin."
"Family","Keluarga","Honoring Parents & Elders","Menghormati Orang Tua dan yang Lebih Tua","Honoring the Autumn Years","Menghormati Musim Senja","A seven-day devotional for caring well for aging and elderly parents","Renungan tujuh hari untuk merawat orang tua yang menua dengan baik","7","A seven-day journey for the sons and daughters walking beside parents in the later stages of life — through health struggles, slower conversations, caregiving decisions, and the quiet holiness of showing up. Scripture becomes a companion for the practical and emotional weight of caring for aging parents with dignity, patience, and love.","Perjalanan tujuh hari bagi putra dan putri yang mendampingi orang tua pada tahap-tahap akhir kehidupan — melalui pergumulan kesehatan, percakapan yang melambat, keputusan-keputusan perawatan, dan kekudusan diam-diam dari kehadiran. Firman Tuhan menjadi teman dalam beban praktis dan emosional merawat orang tua yang menua dengan martabat, kesabaran, dan kasih.","A soft ink-wash and watercolor illustration in a gentle Japanese-influenced brush style: an adult daughter walking arm in arm with her elderly mother along a quiet garden path lined with chrysanthemums, autumn leaves drifting down around them, a wooden bench visible in the soft-focus background. Palette of muted amber, dusty rose, warm gray, and soft moss green. Loose expressive brushwork with visible paper texture, evoking calm and quiet devotion. All lettering is grouped together at the very top of the composition for maximum legibility, stacked on a soft solid-color band or gentle scrim so it stays readable against the artwork behind it: the title ""Honoring the Autumn Years"" first, largest, in an elegant thin serif; directly beneath it the smaller subtitle ""A seven-day devotional for caring well for aging and elderly parents""; and directly beneath the subtitle a compact rounded pill reading ""7 DAYS"" in bold small caps. Nothing else overlaps the illustration below. Mood: quiet, steady devotion.","","5","The Crown of the Aged","Mahkota Orang Tua","Proverbs turns the picture around: the crown of the aged is their children's children, and the parents are the pride of their children. Honor, in Scripture, moves both directions — parents take pride in the generations that follow them, and children find in their parents and grandparents a source of identity and pride as well. Caring for an aging parent is not one-directional charity; it is the continuation of a relationship of mutual honor that began the day we were born.

This matters because caregiving can sometimes feel like it strips a relationship down to logistics — medication schedules, doctor's names, insurance forms. It is easy to lose sight of the relationship underneath all the tasks: the fact that this is still your father, still your mother, someone who is proud of you even now, someone whose pride in you does not diminish as their body weakens.

One practical way to keep this mutual honor alive is to keep including your parent in your life, not only managing theirs. Tell them what's happening with your children, your work, your faith. Ask their advice even on small things. Let them still feel like a parent to you, not only a patient. Dignity is preserved not just through good physical care but through being treated as someone whose voice and opinion still matter in the family's ongoing story.

Today, consider one way you can let your parent be proud of you again — not through achievement, but through simply sharing your life with them as an act of honor.","Kitab Amsal membalikkan gambarannya: mahkota orang tua adalah anak cucu, dan kehormatan anak-anak ialah nenek moyang mereka. Penghormatan, dalam Firman Tuhan, bergerak ke dua arah — orang tua bangga akan generasi yang mengikuti mereka, dan anak-anak menemukan dalam orang tua dan kakek nenek mereka sumber identitas dan kebanggaan juga. Merawat orang tua yang menua bukanlah belas kasihan satu arah; itu adalah kelanjutan dari hubungan penghormatan timbal balik yang dimulai sejak hari kita lahir.

Ini penting karena merawat kadang bisa terasa seperti menyederhanakan sebuah hubungan hanya menjadi urusan logistik — jadwal obat, nama dokter, formulir asuransi. Mudah sekali kehilangan pandangan akan hubungan di balik semua tugas itu: fakta bahwa ini masih ayahmu, masih ibumu, seseorang yang tetap bangga padamu bahkan sekarang, seseorang yang kebanggaannya padamu tidak berkurang seiring melemahnya tubuh mereka.

Salah satu cara praktis untuk menjaga penghormatan timbal balik ini tetap hidup adalah dengan terus melibatkan orang tuamu dalam hidupmu, bukan hanya mengelola hidup mereka. Ceritakan kepada mereka apa yang terjadi dengan anak-anakmu, pekerjaanmu, imanmu. Mintalah nasihat mereka bahkan untuk hal-hal kecil. Biarkan mereka tetap merasa menjadi orang tua bagimu, bukan hanya seorang pasien. Martabat dijaga bukan hanya melalui perawatan fisik yang baik, tetapi melalui diperlakukan sebagai seseorang yang suara dan pendapatnya masih berarti dalam kisah keluarga yang terus berlangsung.

Hari ini, pikirkan satu cara kamu bisa membiarkan orang tuamu kembali bangga padamu — bukan melalui pencapaian, tetapi sekadar dengan membagikan hidupmu kepada mereka sebagai tindakan penghormatan.","Proverbs 17:6 | Children's children are a crown to the aged, and parents are the pride of their children.","Amsal 17:6 | Mahkota orang tua adalah anak cucu, dan kehormatan anak-anak ialah nenek moyang mereka.","How can you keep the mutual relationship alive with your parent this week, letting them still feel like your parent, not only someone you care for?","Bagaimana kamu bisa menjaga hubungan timbal balik dengan orang tuamu tetap hidup minggu ini, membiarkan mereka tetap merasa menjadi orang tuamu, bukan hanya seseorang yang kamu rawat?","Lord, help me remember that caregiving does not erase relationship. Let my parent still feel like my parent, proud and included, even as I care for their needs. Amen.","Tuhan, tolong aku mengingat bahwa merawat tidak menghapus hubungan. Biarlah orang tuaku tetap merasa menjadi orang tuaku, bangga dan dilibatkan, bahkan saat aku merawat kebutuhan mereka. Amin."
"Family","Keluarga","Honoring Parents & Elders","Menghormati Orang Tua dan yang Lebih Tua","Honoring the Autumn Years","Menghormati Musim Senja","A seven-day devotional for caring well for aging and elderly parents","Renungan tujuh hari untuk merawat orang tua yang menua dengan baik","7","A seven-day journey for the sons and daughters walking beside parents in the later stages of life — through health struggles, slower conversations, caregiving decisions, and the quiet holiness of showing up. Scripture becomes a companion for the practical and emotional weight of caring for aging parents with dignity, patience, and love.","Perjalanan tujuh hari bagi putra dan putri yang mendampingi orang tua pada tahap-tahap akhir kehidupan — melalui pergumulan kesehatan, percakapan yang melambat, keputusan-keputusan perawatan, dan kekudusan diam-diam dari kehadiran. Firman Tuhan menjadi teman dalam beban praktis dan emosional merawat orang tua yang menua dengan martabat, kesabaran, dan kasih.","A soft ink-wash and watercolor illustration in a gentle Japanese-influenced brush style: an adult daughter walking arm in arm with her elderly mother along a quiet garden path lined with chrysanthemums, autumn leaves drifting down around them, a wooden bench visible in the soft-focus background. Palette of muted amber, dusty rose, warm gray, and soft moss green. Loose expressive brushwork with visible paper texture, evoking calm and quiet devotion. All lettering is grouped together at the very top of the composition for maximum legibility, stacked on a soft solid-color band or gentle scrim so it stays readable against the artwork behind it: the title ""Honoring the Autumn Years"" first, largest, in an elegant thin serif; directly beneath it the smaller subtitle ""A seven-day devotional for caring well for aging and elderly parents""; and directly beneath the subtitle a compact rounded pill reading ""7 DAYS"" in bold small caps. Nothing else overlaps the illustration below. Mood: quiet, steady devotion.","","6","Where You Go, I Will Go","Ke Mana Engkau Pergi, ke Situ Jugalah Aku Pergi","Ruth's declaration to Naomi is often read at weddings, but it was first spoken as a vow of loyalty from a younger woman to an aging, grieving mother-in-law who had nothing left to offer her — no husband, no wealth, no promise of a comfortable future. Ruth chose to stay anyway: where you go, I will go, and where you stay, I will stay. It is one of Scripture's clearest pictures of steadfast love that asks nothing in return.

Caring for an aging parent sometimes reaches this same point — a season where there is little the relationship offers us in practical terms, and everything is instead about what we choose to give. The parent who once provided for us may now provide nothing but their presence, perhaps not even full memory of who we are. Yet the call to loyalty remains, not because of what we receive, but because of who they have always been to us.

Ruth's loyalty was not passive; it was active and costly. She left her homeland, her people, her gods, and walked into an uncertain future beside Naomi. Caring for our own parents may ask something similar of us — rearranging schedules, sacrificing convenience, showing up even when it is inconvenient or emotionally difficult, choosing presence over distance.

If you are in a season where caregiving feels like it offers little back, remember Ruth. Her loyalty was not wasted; it became part of the story that led, generations later, to King David and ultimately to Christ. Faithful, unglamorous love in the hardest seasons is never wasted in God's economy.","Pernyataan Rut kepada Naomi sering dibacakan dalam pernikahan, tetapi awalnya diucapkan sebagai sumpah kesetiaan dari seorang wanita muda kepada mertuanya yang menua dan berduka, yang tak punya apa-apa lagi untuk ditawarkan kepadanya — tanpa suami, tanpa harta, tanpa janji masa depan yang nyaman. Rut tetap memilih untuk tinggal: ke mana engkau pergi, ke situ jugalah aku pergi, dan di mana engkau bermalam, di situ jugalah aku bermalam. Ini salah satu gambaran paling jelas dalam Firman Tuhan tentang kasih yang teguh yang tidak menuntut balasan apa pun.

Merawat orang tua yang menua kadang mencapai titik yang sama — sebuah musim ketika hubungan itu hanya sedikit menawarkan sesuatu bagi kita secara praktis, dan segalanya justru menjadi tentang apa yang kita pilih untuk berikan. Orang tua yang dahulu menyediakan bagi kita mungkin sekarang tidak menyediakan apa-apa selain kehadiran mereka, bahkan mungkin tidak lagi sepenuhnya mengingat siapa kita. Namun panggilan untuk setia tetap ada, bukan karena apa yang kita terima, melainkan karena siapa mereka selalu bagi kita.

Kesetiaan Rut bukanlah sesuatu yang pasif; itu aktif dan berharga mahal. Ia meninggalkan tanah airnya, bangsanya, ilah-ilahnya, dan melangkah ke masa depan yang tidak pasti di samping Naomi. Merawat orang tua kita sendiri mungkin menuntut hal serupa dari kita — mengatur ulang jadwal, mengorbankan kenyamanan, tetap hadir bahkan ketika itu merepotkan atau secara emosional sulit, memilih kehadiran daripada jarak.

Jika kamu berada dalam musim ketika perawatan terasa hanya sedikit memberi balasan, ingatlah Rut. Kesetiaannya tidak sia-sia; itu menjadi bagian dari kisah yang, beberapa generasi kemudian, membawa kepada Raja Daud dan akhirnya kepada Kristus. Kasih yang setia dan tidak gemerlap di musim-musim tersulit tidak pernah sia-sia dalam rencana Allah.","Ruth 1:16 | But Ruth replied, 'Don't urge me to leave you or to turn back from you. Where you go I will go, and where you stay I will stay. Your people will be my people and your God my God.'","Rut 1:16 | Tetapi kata Rut: 'Janganlah desak aku meninggalkan engkau dan pulang dengan tidak mengikuti engkau; sebab ke mana engkau pergi, ke situ jugalah aku pergi, dan di mana engkau bermalam, di situ jugalah aku bermalam: bangsamu adalah bangsaku dan Allahmu adalah Allahku.'","Where is caregiving asking you to give loyalty without expecting anything back — and how does Ruth's example encourage you?","Di mana perawatan menuntutmu memberi kesetiaan tanpa mengharapkan balasan — dan bagaimana teladan Rut menguatkanmu?","Lord, give me Ruth's steadfast loyalty. Let me love my parent faithfully even in seasons when little is given back, trusting that You see and honor this love. Amen.","Tuhan, berilah aku kesetiaan Rut yang teguh. Biarlah aku mengasihi orang tuaku dengan setia bahkan di musim ketika sedikit yang diberikan kembali, percaya bahwa Engkau melihat dan menghargai kasih ini. Amin."
"Family","Keluarga","Honoring Parents & Elders","Menghormati Orang Tua dan yang Lebih Tua","Honoring the Autumn Years","Menghormati Musim Senja","A seven-day devotional for caring well for aging and elderly parents","Renungan tujuh hari untuk merawat orang tua yang menua dengan baik","7","A seven-day journey for the sons and daughters walking beside parents in the later stages of life — through health struggles, slower conversations, caregiving decisions, and the quiet holiness of showing up. Scripture becomes a companion for the practical and emotional weight of caring for aging parents with dignity, patience, and love.","Perjalanan tujuh hari bagi putra dan putri yang mendampingi orang tua pada tahap-tahap akhir kehidupan — melalui pergumulan kesehatan, percakapan yang melambat, keputusan-keputusan perawatan, dan kekudusan diam-diam dari kehadiran. Firman Tuhan menjadi teman dalam beban praktis dan emosional merawat orang tua yang menua dengan martabat, kesabaran, dan kasih.","A soft ink-wash and watercolor illustration in a gentle Japanese-influenced brush style: an adult daughter walking arm in arm with her elderly mother along a quiet garden path lined with chrysanthemums, autumn leaves drifting down around them, a wooden bench visible in the soft-focus background. Palette of muted amber, dusty rose, warm gray, and soft moss green. Loose expressive brushwork with visible paper texture, evoking calm and quiet devotion. All lettering is grouped together at the very top of the composition for maximum legibility, stacked on a soft solid-color band or gentle scrim so it stays readable against the artwork behind it: the title ""Honoring the Autumn Years"" first, largest, in an elegant thin serif; directly beneath it the smaller subtitle ""A seven-day devotional for caring well for aging and elderly parents""; and directly beneath the subtitle a compact rounded pill reading ""7 DAYS"" in bold small caps. Nothing else overlaps the illustration below. Mood: quiet, steady devotion.","","7","Do Not Cast Me Off in Old Age","Jangan Membuang Aku pada Masa Tuaku","The Psalmist prays, do not cast me off in the time of old age; do not forsake me when my strength is spent. It is a raw and vulnerable prayer, one that reveals a very human fear — the fear of becoming a burden, of being set aside once we can no longer contribute in the ways we once could. It is worth imagining our own parents may carry some version of this fear quietly, even if they never say it aloud.

As we close this seven-day journey, this verse is a good place to let our hearts settle. Every effort we make to care for our aging parents — every visit, every patient conversation, every inconvenient errand — is, in a real sense, an answer to this ancient prayer. We become the hands and presence that assure them: you are not forsaken, not cast off, not left behind, even now.

This work will not always feel triumphant. Some days it will feel like grief, watching someone you love become less than they were. Other days it will feel like exhaustion, stretched thin between your own family and theirs. But underneath all of it is something eternal: love that refuses to abandon, echoing the love of the God who never abandons His own, even to gray hairs.

As you finish this week, thank God for the strength He has given you so far, and ask Him for renewed strength for the road ahead. Whatever season of caregiving you are in, you do not walk it alone — the same God who promises never to forsake His people walks with you, sustaining you as you sustain them.","Sang pemazmur berdoa, janganlah membuang aku pada masa tuaku, janganlah meninggalkan aku apabila kekuatanku habis. Ini doa yang jujur dan rentan, yang menyingkapkan ketakutan yang sangat manusiawi — ketakutan menjadi beban, ditinggalkan begitu kita tak lagi bisa memberi kontribusi seperti dahulu. Layak untuk membayangkan bahwa orang tua kita sendiri mungkin diam-diam memikul semacam ketakutan ini, bahkan jika mereka tak pernah mengucapkannya.

Saat kita mengakhiri perjalanan tujuh hari ini, ayat ini menjadi tempat yang baik untuk menenangkan hati kita. Setiap usaha yang kita lakukan untuk merawat orang tua kita yang menua — setiap kunjungan, setiap percakapan yang sabar, setiap urusan yang merepotkan — dalam arti yang nyata, adalah jawaban atas doa kuno ini. Kita menjadi tangan dan kehadiran yang meyakinkan mereka: kamu tidak ditinggalkan, tidak dibuang, tidak tertinggal, bahkan sekarang.

Pekerjaan ini tidak akan selalu terasa penuh kemenangan. Ada hari-hari yang terasa seperti dukacita, menyaksikan seseorang yang kamu kasihi menjadi kurang dari dirinya yang dahulu. Ada hari-hari lain yang terasa seperti kelelahan, terbagi tipis antara keluargamu sendiri dan keluarga mereka. Namun di balik semuanya ada sesuatu yang kekal: kasih yang menolak untuk meninggalkan, menggemakan kasih Allah yang tak pernah meninggalkan umat-Nya, bahkan sampai rambut memutih.

Saat kamu menutup minggu ini, bersyukurlah kepada Allah atas kekuatan yang telah diberikan-Nya sejauh ini, dan mintalah kepada-Nya kekuatan yang diperbarui untuk jalan ke depan. Musim perawatan apa pun yang sedang kamu jalani, kamu tidak berjalan sendirian — Allah yang sama yang berjanji tak pernah meninggalkan umat-Nya berjalan bersamamu, menopangmu saat kamu menopang mereka.","Psalm 71:9 | Do not cast me away when I am old; do not forsake me when my strength is gone.","Mazmur 71:9 | Janganlah membuang aku pada masa tuaku, janganlah meninggalkan aku apabila kekuatanku habis.","How does your caregiving become a living answer to your parent's unspoken fear of being forsaken in old age?","Bagaimana perawatanmu menjadi jawaban hidup atas ketakutan tak terucap orang tuamu untuk ditinggalkan di masa tua?","Lord, thank You for sustaining me through this season of caring for my parent. Renew my strength for the road ahead, and let my love be a living answer to their fear of being forsaken. Amen.","Tuhan, terima kasih telah menopangku sepanjang musim merawat orang tuaku ini. Perbaruilah kekuatanku untuk jalan ke depan, dan biarlah kasihku menjadi jawaban hidup atas ketakutan mereka untuk ditinggalkan. Amin."
"Family","Keluarga","Honoring Parents & Elders","Menghormati Orang Tua dan yang Lebih Tua","Bridging the Distance","Menjembatani Jarak","Four days toward healing tension and distance with a parent","Empat hari menuju pemulihan ketegangan dan jarak dengan orang tua","4","A four-day devotional for adult children carrying tension, hurt, or emotional distance in their relationship with a parent. Through Scripture on forgiveness and peacemaking, this plan gently opens a path toward softened hearts, honest prayer, and small steps back toward each other, without minimizing real pain along the way.","Renungan empat hari bagi anak-anak dewasa yang membawa ketegangan, luka, atau jarak emosional dalam hubungan mereka dengan orang tua. Melalui Firman Tuhan tentang pengampunan dan membawa damai, renungan ini dengan lembut membuka jalan menuju hati yang melunak, doa yang jujur, dan langkah-langkah kecil untuk kembali mendekat, tanpa meremehkan luka yang nyata di sepanjang jalan.","A muted linocut-style print illustration with visible carved texture: two silhouetted figures, an adult child and an older parent, standing on opposite ends of a simple wooden footbridge over a quiet river, both facing each other with a small gap of open sky between them, a single bird crossing that gap. Palette of deep indigo, faded rust orange, and soft parchment cream, printed in a limited two-to-three color linocut style with bold flat shapes and rough edges. All lettering is grouped together at the very top of the composition for maximum legibility, stacked on a soft solid-color band or gentle scrim so it stays readable against the artwork behind it: the title ""Bridging the Distance"" first, largest, in a bold condensed block-print lettering style; directly beneath it the smaller subtitle ""Four days toward healing tension and distance with a parent""; and directly beneath the subtitle a compact rounded pill reading ""4 DAYS"" in bold small caps. Nothing else overlaps the illustration below. Mood: cautious, hopeful reconciliation.","","1","Naming What Is Real","Menamai Apa yang Nyata","Not every relationship with a parent is easy to honor. Some carry years of hurt, misunderstanding, unspoken disappointment, or simply the slow drift that happens when two people grow into very different lives. If that describes your relationship, this devotional is not going to ask you to pretend otherwise. Honoring a parent does not mean denying real pain; it means bringing that pain honestly before God rather than burying it or letting it calcify into permanent distance.

Many of us find it easier to keep a difficult relationship at a safe distance than to look directly at what happened, what was said, what was never said, what wounds are still tender. But unexamined distance rarely heals on its own. It tends to harden, season after season, into something that feels normal simply because it has lasted so long.

God is not afraid of our complicated family stories. Scripture itself is full of strained parent-child relationships — Jacob's favoritism, Absalom's rebellion, the prodigal son's broken years away from home. These stories were not hidden from Scripture; they were included, because God meets us honestly in the mess, not only in the tidy testimonies.

Today, before seeking any resolution, simply name what is true. Not to stay stuck there, but because healing usually has to start with honesty rather than performance. Bring the real state of your relationship to God, exactly as it is.","Tidak setiap hubungan dengan orang tua mudah untuk dihormati. Beberapa membawa luka bertahun-tahun, kesalahpahaman, kekecewaan yang tak terucap, atau sekadar pergeseran perlahan yang terjadi ketika dua orang tumbuh menuju kehidupan yang sangat berbeda. Jika itu menggambarkan hubunganmu, renungan ini tidak akan memintamu berpura-pura sebaliknya. Menghormati orang tua tidak berarti menyangkal rasa sakit yang nyata; itu berarti membawa rasa sakit itu dengan jujur di hadapan Allah, alih-alih menguburnya atau membiarkannya mengeras menjadi jarak yang permanen.

Banyak dari kita merasa lebih mudah menjaga hubungan yang sulit pada jarak aman daripada melihat langsung apa yang terjadi, apa yang dikatakan, apa yang tak pernah dikatakan, luka mana yang masih terasa nyeri. Namun jarak yang tak pernah diperiksa jarang sembuh dengan sendirinya. Ia cenderung mengeras, musim demi musim, menjadi sesuatu yang terasa normal hanya karena sudah berlangsung begitu lama.

Allah tidak takut dengan kisah keluarga kita yang rumit. Firman Tuhan sendiri penuh dengan hubungan orang tua-anak yang tegang — sikap pilih kasih Yakub, pemberontakan Absalom, tahun-tahun putus asa anak yang hilang jauh dari rumah. Kisah-kisah ini tidak disembunyikan dari Alkitab; kisah-kisah ini disertakan, karena Allah menemui kita dengan jujur dalam kekacauan, bukan hanya dalam kesaksian yang rapi.

Hari ini, sebelum mencari penyelesaian apa pun, sederhana saja namai apa yang benar. Bukan untuk terjebak di sana, melainkan karena pemulihan biasanya harus dimulai dengan kejujuran, bukan sandiwara. Bawalah keadaan sebenarnya dari hubunganmu kepada Allah, persis seperti adanya.","Ephesians 4:32 | Be kind and compassionate to one another, forgiving each other, just as in Christ God forgave you.","Efesus 4:32 | Tetapi hendaklah kamu ramah seorang terhadap yang lain, penuh kasih mesra dan saling mengampuni, sebagaimana Allah di dalam Kristus telah mengampuni kamu.","What is the honest, unpolished truth about your relationship with your parent right now, and have you brought it fully before God?","Apa kebenaran yang jujur dan belum dipoles tentang hubunganmu dengan orang tuamu saat ini, dan sudahkah kamu membawanya sepenuhnya kepada Allah?","Lord, I bring the real, unresolved state of my relationship with my parent before You today. I don't ask for a quick fix, only for Your presence in the honest truth of it. Amen.","Tuhan, aku membawa keadaan sebenarnya dan belum terselesaikan dari hubunganku dengan orang tuaku di hadapan-Mu hari ini. Aku tidak meminta penyelesaian cepat, hanya kehadiran-Mu dalam kebenaran yang jujur ini. Amin."
"Family","Keluarga","Honoring Parents & Elders","Menghormati Orang Tua dan yang Lebih Tua","Bridging the Distance","Menjembatani Jarak","Four days toward healing tension and distance with a parent","Empat hari menuju pemulihan ketegangan dan jarak dengan orang tua","4","A four-day devotional for adult children carrying tension, hurt, or emotional distance in their relationship with a parent. Through Scripture on forgiveness and peacemaking, this plan gently opens a path toward softened hearts, honest prayer, and small steps back toward each other, without minimizing real pain along the way.","Renungan empat hari bagi anak-anak dewasa yang membawa ketegangan, luka, atau jarak emosional dalam hubungan mereka dengan orang tua. Melalui Firman Tuhan tentang pengampunan dan membawa damai, renungan ini dengan lembut membuka jalan menuju hati yang melunak, doa yang jujur, dan langkah-langkah kecil untuk kembali mendekat, tanpa meremehkan luka yang nyata di sepanjang jalan.","A muted linocut-style print illustration with visible carved texture: two silhouetted figures, an adult child and an older parent, standing on opposite ends of a simple wooden footbridge over a quiet river, both facing each other with a small gap of open sky between them, a single bird crossing that gap. Palette of deep indigo, faded rust orange, and soft parchment cream, printed in a limited two-to-three color linocut style with bold flat shapes and rough edges. All lettering is grouped together at the very top of the composition for maximum legibility, stacked on a soft solid-color band or gentle scrim so it stays readable against the artwork behind it: the title ""Bridging the Distance"" first, largest, in a bold condensed block-print lettering style; directly beneath it the smaller subtitle ""Four days toward healing tension and distance with a parent""; and directly beneath the subtitle a compact rounded pill reading ""4 DAYS"" in bold small caps. Nothing else overlaps the illustration below. Mood: cautious, hopeful reconciliation.","","2","Blessed Are the Peacemakers","Berbahagialah Orang yang Membawa Damai","Jesus calls peacemakers blessed, and He calls them children of God — not peace-keepers, who avoid conflict by staying silent, but peace-makers, who actively work toward reconciliation even when it is difficult. This distinction matters in strained family relationships. It is possible to avoid open conflict with a parent for years while the underlying distance only deepens. Peacemaking asks for something more active than mere avoidance.

Peacemaking with a parent does not always mean a dramatic reconciliation or a resolved conversation where everything is finally said and understood. Sometimes it looks smaller: a phone call resumed after a long silence, an apology offered even if it isn't fully received, a boundary set with kindness instead of resentment, a decision to stop rehearsing old grievances in your mind.

It's worth being honest that peacemaking is not always safe or wise in every situation — some relationships carry real harm that requires protective distance, professional guidance, or time. Honoring a parent does not mean tolerating ongoing abuse or erasing legitimate boundaries. But for many of us, the distance is less about danger and more about pride, hurt feelings, or simply not knowing how to take the first step back.

Ask God today whether there is one small step of peacemaking available to you — not a full resolution, just one step. Peacemakers are not those who solve everything at once; they are those who keep choosing the harder, gentler path, one step at a time.","Yesus menyebut para pembawa damai berbahagia, dan Ia menyebut mereka anak-anak Allah — bukan penjaga damai yang menghindari konflik dengan berdiam diri, melainkan pembawa damai yang secara aktif berupaya menuju pemulihan bahkan ketika itu sulit. Perbedaan ini penting dalam hubungan keluarga yang tegang. Sangat mungkin menghindari konflik terbuka dengan orang tua selama bertahun-tahun sementara jarak yang mendasarinya justru semakin dalam. Membawa damai menuntut sesuatu yang lebih aktif daripada sekadar menghindar.

Membawa damai dengan orang tua tidak selalu berarti pemulihan yang dramatis atau percakapan yang terselesaikan di mana segalanya akhirnya diucapkan dan dipahami. Kadang itu tampak lebih kecil: telepon yang dilanjutkan kembali setelah keheningan panjang, permintaan maaf yang ditawarkan meskipun belum sepenuhnya diterima, batasan yang ditetapkan dengan kebaikan alih-alih kebencian, keputusan untuk berhenti mengulang-ulang keluhan lama dalam pikiran.

Layak diakui dengan jujur bahwa membawa damai tidak selalu aman atau bijaksana dalam setiap situasi — beberapa hubungan membawa luka yang nyata yang membutuhkan jarak perlindungan, bimbingan profesional, atau waktu. Menghormati orang tua tidak berarti menoleransi kekerasan yang berlangsung atau menghapus batasan yang sah. Namun bagi banyak dari kita, jarak itu kurang berkaitan dengan bahaya dan lebih berkaitan dengan kesombongan, perasaan terluka, atau sekadar tidak tahu bagaimana mengambil langkah pertama untuk kembali.

Tanyakan kepada Allah hari ini apakah ada satu langkah kecil membawa damai yang bisa kamu ambil — bukan penyelesaian penuh, hanya satu langkah. Para pembawa damai bukanlah mereka yang menyelesaikan segalanya sekaligus; mereka adalah orang-orang yang terus memilih jalan yang lebih sulit dan lebih lembut, selangkah demi selangkah.","Matthew 5:9 | Blessed are the peacemakers, for they will be called children of God.","Matius 5:9 | Berbahagialah orang yang membawa damai, karena mereka akan disebut anak-anak Allah.","What is one small, honest step of peacemaking, not a full resolution, that you could take with your parent this week?","Apa satu langkah kecil dan jujur membawa damai, bukan penyelesaian penuh, yang bisa kamu ambil dengan orang tuamu minggu ini?","Lord, make me a peacemaker, not just a peace-avoider. Show me one honest step I can take toward my parent, and give me courage to take it. Amen.","Tuhan, jadikanlah aku pembawa damai, bukan hanya penghindar konflik. Tunjukkan padaku satu langkah jujur yang bisa kuambil menuju orang tuaku, dan berilah aku keberanian untuk mengambilnya. Amin."
"Family","Keluarga","Honoring Parents & Elders","Menghormati Orang Tua dan yang Lebih Tua","Bridging the Distance","Menjembatani Jarak","Four days toward healing tension and distance with a parent","Empat hari menuju pemulihan ketegangan dan jarak dengan orang tua","4","A four-day devotional for adult children carrying tension, hurt, or emotional distance in their relationship with a parent. Through Scripture on forgiveness and peacemaking, this plan gently opens a path toward softened hearts, honest prayer, and small steps back toward each other, without minimizing real pain along the way.","Renungan empat hari bagi anak-anak dewasa yang membawa ketegangan, luka, atau jarak emosional dalam hubungan mereka dengan orang tua. Melalui Firman Tuhan tentang pengampunan dan membawa damai, renungan ini dengan lembut membuka jalan menuju hati yang melunak, doa yang jujur, dan langkah-langkah kecil untuk kembali mendekat, tanpa meremehkan luka yang nyata di sepanjang jalan.","A muted linocut-style print illustration with visible carved texture: two silhouetted figures, an adult child and an older parent, standing on opposite ends of a simple wooden footbridge over a quiet river, both facing each other with a small gap of open sky between them, a single bird crossing that gap. Palette of deep indigo, faded rust orange, and soft parchment cream, printed in a limited two-to-three color linocut style with bold flat shapes and rough edges. All lettering is grouped together at the very top of the composition for maximum legibility, stacked on a soft solid-color band or gentle scrim so it stays readable against the artwork behind it: the title ""Bridging the Distance"" first, largest, in a bold condensed block-print lettering style; directly beneath it the smaller subtitle ""Four days toward healing tension and distance with a parent""; and directly beneath the subtitle a compact rounded pill reading ""4 DAYS"" in bold small caps. Nothing else overlaps the illustration below. Mood: cautious, hopeful reconciliation.","","3","As Far as It Depends on You","Sedapat-dapatnya, Kalau Hal Itu Bergantung Padamu","Paul's counsel to the Romans carries a careful, realistic edge: as far as it depends on you, live at peace with everyone. Notice what this verse does not say. It does not promise that peace will always be achieved, or that reconciliation is entirely within our control. It acknowledges, quietly but clearly, that peace requires two willing parties, and sometimes we can only control our own half of the bridge.

This is freeing for those of us carrying guilt over an unresolved relationship with a parent. If you have reached out, apologized, tried to soften the distance, and it has not been received the way you hoped, Scripture does not ask you to force a resolution that isn't ready or available. Your responsibility is your own posture — your willingness, your openness, your prayers, your refusal to let bitterness take root — not the guarantee of a particular outcome.

At the same time, this verse is a call to honest self-examination. It's worth asking whether we have genuinely done our own part, or whether pride, old wounds, or simple avoidance have kept us from taking even the steps within our control. As far as it depends on me — have I truly gone that far, or have I stopped short out of fear?

Whatever the current state of your relationship, bring your own half of the bridge honestly before God today. Do the part that depends on you, and release the rest into His hands, trusting that He sees every effort you have made, even the ones that were never fully received.","Nasihat Paulus kepada jemaat Roma membawa nada yang hati-hati dan realistis: sedapat-dapatnya, kalau hal itu bergantung padamu, hiduplah dalam perdamaian dengan semua orang. Perhatikan apa yang tidak dikatakan ayat ini. Ayat ini tidak menjanjikan bahwa perdamaian akan selalu tercapai, atau bahwa pemulihan sepenuhnya ada dalam kendali kita. Ayat ini mengakui, dengan tenang namun jelas, bahwa perdamaian membutuhkan dua pihak yang bersedia, dan kadang kita hanya bisa mengendalikan bagian kita sendiri dari jembatan itu.

Ini membebaskan bagi kita yang membawa rasa bersalah atas hubungan yang belum terselesaikan dengan orang tua. Jika kamu telah mencoba menghubungi, meminta maaf, berusaha melunakkan jarak, dan itu tidak diterima seperti yang kamu harapkan, Firman Tuhan tidak memintamu memaksakan penyelesaian yang belum siap atau belum tersedia. Tanggung jawabmu adalah sikapmu sendiri — kesediaanmu, keterbukaanmu, doa-doamu, penolakanmu membiarkan kepahitan berakar — bukan jaminan hasil tertentu.

Pada saat yang sama, ayat ini adalah panggilan untuk introspeksi yang jujur. Layak untuk bertanya apakah kita sungguh telah melakukan bagian kita sendiri, atau apakah kesombongan, luka lama, atau sekadar penghindaran telah menahan kita dari mengambil bahkan langkah-langkah yang ada dalam kendali kita. Sedapat-dapatnya bagiku — sudahkah aku benar-benar sejauh itu, atau apakah aku berhenti sebelum sampai karena takut?

Apa pun keadaan hubunganmu saat ini, bawalah bagianmu sendiri dari jembatan itu dengan jujur di hadapan Allah hari ini. Lakukan bagian yang bergantung padamu, dan lepaskan sisanya ke dalam tangan-Nya, percaya bahwa Ia melihat setiap usaha yang telah kamu lakukan, bahkan yang tak pernah sepenuhnya diterima.","Romans 12:18 | If it is possible, as far as it depends on you, live at peace with everyone.","Roma 12:18 | Sedapat-dapatnya, kalau hal itu bergantung padamu, hiduplah dalam perdamaian dengan semua orang!","Have you genuinely done the part that depends on you in this relationship, or is there a step you have avoided out of fear or pride?","Sudahkah kamu sungguh melakukan bagian yang bergantung padamu dalam hubungan ini, atau adakah langkah yang kamu hindari karena takut atau sombong?","Lord, help me do my honest part toward peace with my parent, and give me peace of mind about what remains outside my control. Amen.","Tuhan, tolong aku melakukan bagianku dengan jujur menuju perdamaian dengan orang tuaku, dan berilah aku ketenangan hati atas apa yang berada di luar kendaliku. Amin."
"Family","Keluarga","Honoring Parents & Elders","Menghormati Orang Tua dan yang Lebih Tua","Bridging the Distance","Menjembatani Jarak","Four days toward healing tension and distance with a parent","Empat hari menuju pemulihan ketegangan dan jarak dengan orang tua","4","A four-day devotional for adult children carrying tension, hurt, or emotional distance in their relationship with a parent. Through Scripture on forgiveness and peacemaking, this plan gently opens a path toward softened hearts, honest prayer, and small steps back toward each other, without minimizing real pain along the way.","Renungan empat hari bagi anak-anak dewasa yang membawa ketegangan, luka, atau jarak emosional dalam hubungan mereka dengan orang tua. Melalui Firman Tuhan tentang pengampunan dan membawa damai, renungan ini dengan lembut membuka jalan menuju hati yang melunak, doa yang jujur, dan langkah-langkah kecil untuk kembali mendekat, tanpa meremehkan luka yang nyata di sepanjang jalan.","A muted linocut-style print illustration with visible carved texture: two silhouetted figures, an adult child and an older parent, standing on opposite ends of a simple wooden footbridge over a quiet river, both facing each other with a small gap of open sky between them, a single bird crossing that gap. Palette of deep indigo, faded rust orange, and soft parchment cream, printed in a limited two-to-three color linocut style with bold flat shapes and rough edges. All lettering is grouped together at the very top of the composition for maximum legibility, stacked on a soft solid-color band or gentle scrim so it stays readable against the artwork behind it: the title ""Bridging the Distance"" first, largest, in a bold condensed block-print lettering style; directly beneath it the smaller subtitle ""Four days toward healing tension and distance with a parent""; and directly beneath the subtitle a compact rounded pill reading ""4 DAYS"" in bold small caps. Nothing else overlaps the illustration below. Mood: cautious, hopeful reconciliation.","","4","Bearing With One Another","Sabarlah Kamu Seorang Terhadap yang Lain","Paul's instruction to the Colossians brings us to a fitting close: bear with each other and forgive one another, forgiving as the Lord forgave you. Bearing with someone implies ongoing patience, not a one-time gesture. It suggests that reconciliation with a difficult parent is rarely a single dramatic moment; it is usually a practice, repeated imperfectly, over time.

Forgiveness does not mean forgetting, and it does not mean pretending the past didn't happen or that no boundaries are needed going forward. It means releasing our grip on the debt we feel is owed to us, choosing not to let resentment define the relationship, even while wisdom may still shape how close or how often we engage. Forgiveness is a decision of the will, not always a feeling that arrives immediately.

Christ's forgiveness toward us is the model Paul gives, and it is a high standard — He forgave us fully, at real cost to Himself, while we were still far from Him. We are not asked to generate that kind of forgiveness from our own strength alone; we are invited to receive it first, and let it overflow into our capacity to forgive others, including a parent who may have wounded us deeply.

As this short devotional closes, bring your relationship with your parent, whatever its current state, honestly before God one more time. Ask Him for the grace to keep bearing with them, keep forgiving as He forgives, and keep taking whatever small steps toward the bridge remain within your reach — trusting Him with the distance that remains.","Nasihat Paulus kepada jemaat Kolose membawa kita pada penutup yang tepat: sabarlah kamu seorang terhadap yang lain, dan ampunilah seorang akan yang lain, sama seperti Tuhan telah mengampuni kamu. Bersabar terhadap seseorang menyiratkan kesabaran yang berkelanjutan, bukan gerakan sekali jalan. Ini menunjukkan bahwa pemulihan dengan orang tua yang sulit jarang menjadi satu momen dramatis; biasanya itu adalah sebuah praktik, diulang dengan tidak sempurna, seiring waktu.

Pengampunan tidak berarti melupakan, dan tidak berarti berpura-pura masa lalu tidak pernah terjadi atau bahwa tak ada batasan yang dibutuhkan ke depannya. Itu berarti melepaskan cengkeraman kita atas utang yang kita rasa harus dibayar kepada kita, memilih untuk tidak membiarkan kebencian mendefinisikan hubungan itu, sekalipun kebijaksanaan mungkin tetap membentuk seberapa dekat atau seberapa sering kita terlibat. Pengampunan adalah keputusan kehendak, tidak selalu perasaan yang datang seketika.

Pengampunan Kristus kepada kita adalah teladan yang diberikan Paulus, dan itu standar yang tinggi — Ia mengampuni kita sepenuhnya, dengan harga yang nyata bagi diri-Nya sendiri, ketika kita masih jauh dari-Nya. Kita tidak diminta menghasilkan pengampunan semacam itu dari kekuatan kita sendiri saja; kita diundang untuk menerimanya terlebih dahulu, dan membiarkannya melimpah ke dalam kemampuan kita untuk mengampuni orang lain, termasuk orang tua yang mungkin telah melukai kita dalam-dalam.

Saat renungan singkat ini ditutup, bawalah hubunganmu dengan orang tuamu, apa pun keadaannya saat ini, dengan jujur di hadapan Allah sekali lagi. Mintalah kepada-Nya anugerah untuk terus bersabar terhadap mereka, terus mengampuni sebagaimana Ia mengampuni, dan terus mengambil langkah-langkah kecil menuju jembatan itu yang masih dalam jangkauanmu — mempercayakan kepada-Nya jarak yang masih tersisa.","Colossians 3:13 | Bear with each other and forgive one another if any of you has a grievance against someone. Forgive as the Lord forgave you.","Kolose 3:13 | Sabarlah kamu seorang terhadap yang lain, dan ampunilah seorang akan yang lain apabila yang seorang menaruh dendam terhadap yang lain, sama seperti Tuhan telah mengampuni kamu, kamu perlu juga saling mengampuni.","What would it look like to practice ongoing forgiveness toward your parent, even without a dramatic resolution, one small act at a time?","Seperti apa rupanya mempraktikkan pengampunan yang berkelanjutan kepada orang tuamu, bahkan tanpa penyelesaian yang dramatis, satu tindakan kecil pada satu waktu?","Lord, thank You for forgiving me fully in Christ. Let that forgiveness overflow into how I bear with and forgive my parent, one small step at a time. Amen.","Tuhan, terima kasih telah mengampuniku sepenuhnya di dalam Kristus. Biarlah pengampunan itu melimpah ke dalam caraku bersabar dan mengampuni orang tuaku, selangkah demi selangkah. Amin."
"Family","Keluarga","Honoring Parents & Elders","Menghormati Orang Tua dan yang Lebih Tua","Their Legacy Lives On","Warisan Mereka Tetap Hidup","Three days honoring parents who have gone before us","Tiga hari menghormati orang tua yang telah mendahului kita","3","A short three-day devotional for those honoring the memory of a parent who has passed away, reflecting on the faith, love, and example they left behind. It offers Scripture-rooted comfort and a gentle invitation to carry their legacy forward with gratitude rather than only grief.","Renungan singkat tiga hari bagi mereka yang menghormati kenangan orang tua yang telah tiada, merenungkan iman, kasih, dan teladan yang mereka tinggalkan. Renungan ini menawarkan penghiburan yang berakar pada Firman Tuhan dan undangan lembut untuk membawa warisan mereka maju dengan rasa syukur, bukan hanya dukacita.","A luminous engraving-style illustration in fine crosshatched linework with a single warm gold-leaf accent color: an empty wooden chair beside a lit candle on a windowsill, sunlight streaming through in soft rays, a small potted olive branch on the sill, a folded handwritten letter resting on the chair. Palette of deep charcoal ink linework, warm gold leaf accents, and soft cream paper tone. Classic botanical-engraving detail with a quiet, reverent stillness. All lettering is grouped together at the very top of the composition for maximum legibility, stacked on a soft solid-color band or gentle scrim so it stays readable against the artwork behind it: the title ""Their Legacy Lives On"" first, largest, in a refined classic serif; directly beneath it the smaller subtitle ""Three days honoring parents who have gone before us""; and directly beneath the subtitle a compact rounded pill reading ""3 DAYS"" in bold small caps. Nothing else overlaps the illustration below. Mood: tender, reverent remembrance.","","1","A Faith That Lived in Them First","Iman yang Lebih Dahulu Hidup dalam Diri Mereka","Paul writes to Timothy about a faith passed down through generations — first alive in his grandmother, then his mother, and now living in him. It is a beautiful image of legacy: faith is rarely invented alone; it is usually received, planted by someone who came before us and tended it long enough for it to take root in our own lives. For many of us, a parent who has passed away was exactly this kind of soil.

Grief and gratitude often sit side by side when we remember a parent who has gone ahead of us. We miss their voice, their presence, the ordinary rhythms of a relationship that can no longer continue the way it once did. And yet, alongside that grief, there is often something solid to hold onto: the faith they modeled, the values they instilled, the quiet consistency of a life that pointed us toward God even when they never said so directly.

It can be healing to name specifically what was passed down to us. Perhaps it was a habit of prayer, a love of Scripture, a generosity toward strangers, a steadiness in hardship. These are not small things; they are inheritance, every bit as real as property or money, and often more lasting.

Today, take time to name one specific way your parent's faith or character lives on in you. Thank God for planting that seed through them, and ask Him to help you tend it well, the way they once did.","Paulus menulis kepada Timotius tentang iman yang diwariskan lintas generasi — pertama hidup dalam diri neneknya, lalu ibunya, dan sekarang hidup dalam dirinya. Ini gambaran yang indah tentang warisan: iman jarang ditemukan sendirian; biasanya iman diterima, ditanam oleh seseorang yang datang sebelum kita dan merawatnya cukup lama sehingga bisa berakar dalam hidup kita sendiri. Bagi banyak dari kita, orang tua yang telah tiada adalah persis tanah semacam ini.

Dukacita dan rasa syukur sering duduk berdampingan ketika kita mengenang orang tua yang telah mendahului kita. Kita merindukan suara mereka, kehadiran mereka, irama sehari-hari dari sebuah hubungan yang tak lagi bisa berlanjut seperti dahulu. Namun demikian, di samping dukacita itu, sering ada sesuatu yang kokoh untuk dipegang: iman yang mereka contohkan, nilai-nilai yang mereka tanamkan, konsistensi yang tenang dari sebuah hidup yang mengarahkan kita kepada Allah bahkan ketika mereka tak pernah mengatakannya secara langsung.

Bisa menjadi penyembuhan untuk menyebut secara khusus apa yang telah diwariskan kepada kita. Mungkin itu kebiasaan berdoa, kecintaan pada Firman Tuhan, kemurahan hati kepada orang asing, ketenangan dalam kesulitan. Ini bukan hal-hal kecil; ini warisan, sama nyatanya dengan harta atau uang, dan sering kali lebih bertahan lama.

Hari ini, luangkan waktu untuk menyebut satu cara khusus di mana iman atau karakter orang tuamu tetap hidup dalam dirimu. Bersyukurlah kepada Allah karena telah menanam benih itu melalui mereka, dan mintalah Dia menolongmu merawatnya dengan baik, seperti yang dahulu mereka lakukan.","2 Timothy 1:5 | I have been reminded of your sincere faith, which first lived in your grandmother Lois and in your mother Eunice and, I am persuaded, now lives in you also.","2 Timotius 1:5 | Sebab aku teringat akan imanmu yang tulus ikhlas, yaitu iman yang pertama-tama hidup di dalam nenekmu Lois dan di dalam ibumu Eunike dan yang aku yakin hidup juga di dalam dirimu.","What specific piece of faith or character did your parent plant in you that you now carry forward?","Bagian iman atau karakter khusus apa yang ditanamkan orang tuamu dalam dirimu yang kini kamu bawa maju?","Lord, thank You for the faith my parent planted in me. Help me tend it well and pass it on faithfully, just as it was passed to me. Amen.","Tuhan, terima kasih atas iman yang ditanamkan orang tuaku dalam diriku. Tolong aku merawatnya dengan baik dan mewariskannya dengan setia, sebagaimana ia diwariskan kepadaku. Amin."
"Family","Keluarga","Honoring Parents & Elders","Menghormati Orang Tua dan yang Lebih Tua","Their Legacy Lives On","Warisan Mereka Tetap Hidup","Three days honoring parents who have gone before us","Tiga hari menghormati orang tua yang telah mendahului kita","3","A short three-day devotional for those honoring the memory of a parent who has passed away, reflecting on the faith, love, and example they left behind. It offers Scripture-rooted comfort and a gentle invitation to carry their legacy forward with gratitude rather than only grief.","Renungan singkat tiga hari bagi mereka yang menghormati kenangan orang tua yang telah tiada, merenungkan iman, kasih, dan teladan yang mereka tinggalkan. Renungan ini menawarkan penghiburan yang berakar pada Firman Tuhan dan undangan lembut untuk membawa warisan mereka maju dengan rasa syukur, bukan hanya dukacita.","A luminous engraving-style illustration in fine crosshatched linework with a single warm gold-leaf accent color: an empty wooden chair beside a lit candle on a windowsill, sunlight streaming through in soft rays, a small potted olive branch on the sill, a folded handwritten letter resting on the chair. Palette of deep charcoal ink linework, warm gold leaf accents, and soft cream paper tone. Classic botanical-engraving detail with a quiet, reverent stillness. All lettering is grouped together at the very top of the composition for maximum legibility, stacked on a soft solid-color band or gentle scrim so it stays readable against the artwork behind it: the title ""Their Legacy Lives On"" first, largest, in a refined classic serif; directly beneath it the smaller subtitle ""Three days honoring parents who have gone before us""; and directly beneath the subtitle a compact rounded pill reading ""3 DAYS"" in bold small caps. Nothing else overlaps the illustration below. Mood: tender, reverent remembrance.","","2","Still Speaking Through Faith","Masih Berbicara Melalui Iman","The letter to the Hebrews says something remarkable about Abel, who died generations before the letter was written: by faith he still speaks, even though he is dead. Faith, lived out fully, does not end when a life ends. It continues to speak — through memory, through example, through the ripple effects of a life that pointed toward God, echoing forward into the lives of those who come after.

If your parent has passed away, it can be a source of real comfort to realize that their life is still speaking, even now. Every time you choose kindness because you saw it modeled in them, every time you pray because you learned prayer at their side, every time you pass on a value or a story to your own children, their faith is still speaking through you, just as Abel's did generations later.

This does not erase grief. Missing someone and believing their legacy continues are not contradictory; they can be held together. In fact, allowing their legacy to keep speaking through our lives can become one of the more meaningful ways we honor their memory — not through grand gestures, but through the quiet continuation of the good things they gave us.

Today, consider one way you can let your parent's faith 'speak' through your own life this week — a choice, a habit, a word passed on to someone younger than you, carrying their legacy just a little further forward.","Surat Ibrani mengatakan sesuatu yang luar biasa tentang Habel, yang wafat beberapa generasi sebelum surat ini ditulis: karena iman ia masih berbicara, sekalipun ia sudah mati. Iman, yang dijalani sepenuhnya, tidak berakhir ketika sebuah hidup berakhir. Ia terus berbicara — melalui kenangan, melalui teladan, melalui riak-riak dari sebuah hidup yang mengarah kepada Allah, bergema maju ke dalam hidup orang-orang yang datang sesudahnya.

Jika orang tuamu telah tiada, bisa menjadi sumber penghiburan yang nyata untuk menyadari bahwa hidup mereka masih berbicara, bahkan sekarang. Setiap kali kamu memilih kebaikan karena kamu melihatnya dicontohkan dalam diri mereka, setiap kali kamu berdoa karena kamu belajar berdoa di samping mereka, setiap kali kamu meneruskan sebuah nilai atau kisah kepada anak-anakmu sendiri, iman mereka masih berbicara melaluimu, sama seperti iman Habel berbicara beberapa generasi kemudian.

Ini tidak menghapus dukacita. Merindukan seseorang dan percaya bahwa warisan mereka berlanjut bukanlah dua hal yang bertentangan; keduanya bisa dipegang bersama-sama. Bahkan, membiarkan warisan mereka terus berbicara melalui hidup kita bisa menjadi salah satu cara yang lebih bermakna untuk menghormati kenangan mereka — bukan melalui gestur yang megah, tetapi melalui kelanjutan yang diam-diam dari hal-hal baik yang mereka berikan kepada kita.

Hari ini, pikirkan satu cara kamu bisa membiarkan iman orang tuamu 'berbicara' melalui hidupmu sendiri minggu ini — sebuah pilihan, sebuah kebiasaan, sebuah kata yang diteruskan kepada seseorang yang lebih muda darimu, membawa warisan mereka sedikit lebih jauh ke depan.","Hebrews 11:4 | By faith Abel offered God a better sacrifice than Cain did... And by faith Abel still speaks, even though he is dead.","Ibrani 11:4 | Karena iman maka Habel telah mempersembahkan kepada Allah persembahan yang lebih baik dari pada persembahan Kain... karena iman ia berbicara, sekalipun ia sudah mati.","How is your parent's faith still 'speaking' through choices, habits, or values you carry today?","Bagaimana iman orang tuamu masih 'berbicara' melalui pilihan, kebiasaan, atau nilai-nilai yang kamu bawa hari ini?","Lord, thank You that faith, once lived fully, continues to speak. Let my parent's legacy keep echoing through the way I live, love, and pray. Amen.","Tuhan, terima kasih bahwa iman, yang pernah dijalani sepenuhnya, terus berbicara. Biarlah warisan orang tuaku terus bergema melalui caraku hidup, mengasihi, dan berdoa. Amin."
"Family","Keluarga","Honoring Parents & Elders","Menghormati Orang Tua dan yang Lebih Tua","Their Legacy Lives On","Warisan Mereka Tetap Hidup","Three days honoring parents who have gone before us","Tiga hari menghormati orang tua yang telah mendahului kita","3","A short three-day devotional for those honoring the memory of a parent who has passed away, reflecting on the faith, love, and example they left behind. It offers Scripture-rooted comfort and a gentle invitation to carry their legacy forward with gratitude rather than only grief.","Renungan singkat tiga hari bagi mereka yang menghormati kenangan orang tua yang telah tiada, merenungkan iman, kasih, dan teladan yang mereka tinggalkan. Renungan ini menawarkan penghiburan yang berakar pada Firman Tuhan dan undangan lembut untuk membawa warisan mereka maju dengan rasa syukur, bukan hanya dukacita.","A luminous engraving-style illustration in fine crosshatched linework with a single warm gold-leaf accent color: an empty wooden chair beside a lit candle on a windowsill, sunlight streaming through in soft rays, a small potted olive branch on the sill, a folded handwritten letter resting on the chair. Palette of deep charcoal ink linework, warm gold leaf accents, and soft cream paper tone. Classic botanical-engraving detail with a quiet, reverent stillness. All lettering is grouped together at the very top of the composition for maximum legibility, stacked on a soft solid-color band or gentle scrim so it stays readable against the artwork behind it: the title ""Their Legacy Lives On"" first, largest, in a refined classic serif; directly beneath it the smaller subtitle ""Three days honoring parents who have gone before us""; and directly beneath the subtitle a compact rounded pill reading ""3 DAYS"" in bold small caps. Nothing else overlaps the illustration below. Mood: tender, reverent remembrance.","","3","Training That Was Never Wasted","Didikan yang Tak Pernah Sia-sia","Proverbs offers a promise that outlasts a parent's own lifetime: train up a child in the way they should go, and when they are old they will not turn from it. This verse was never meant only as advice for parents; it is also a promise for the children who received that training, long after the one who gave it has passed away. The formation your parent poured into you was not lost when they were. It became part of the permanent architecture of who you are.

Grief can sometimes carry a quiet fear: that without our parent physically present to remind us, encourage us, or correct us, we might drift from the path they modeled. But this verse offers real assurance. Training given faithfully over years tends to hold, even without the trainer's continued presence, because it was never merely instruction delivered from the outside; it became something woven into us.

As we close this short devotional, it is worth remembering that honoring a parent who has passed is not only about looking backward in grief, but about living forward in faithfulness — letting the way they raised you continue to shape the way you now live, parent, love, and believe. Their legacy is not a museum piece to be preserved untouched; it is a living inheritance meant to keep bearing fruit through you.

Today, thank God for the training, whatever form it took, that your parent gave you — and ask for grace to walk faithfully in it, carrying their legacy forward not out of obligation, but out of love.","Kitab Amsal menawarkan janji yang bertahan lebih lama dari masa hidup orang tua sendiri: didiklah orang muda menurut jalan yang patut baginya, maka pada masa tuanya pun ia tidak akan menyimpang dari pada jalan itu. Ayat ini tidak pernah dimaksudkan hanya sebagai nasihat bagi orang tua; ini juga janji bagi anak-anak yang menerima didikan itu, lama setelah orang yang memberikannya telah tiada. Pembentukan yang dicurahkan orang tuamu ke dalam dirimu tidak hilang ketika mereka tiada. Itu menjadi bagian dari struktur permanen siapa dirimu.

Dukacita kadang bisa membawa ketakutan yang diam-diam: bahwa tanpa orang tua secara fisik hadir untuk mengingatkan, menyemangati, atau menegur kita, kita mungkin menyimpang dari jalan yang mereka contohkan. Namun ayat ini menawarkan keyakinan yang nyata. Didikan yang diberikan dengan setia selama bertahun-tahun cenderung bertahan, bahkan tanpa kehadiran terus-menerus dari yang mendidik, karena itu tak pernah sekadar instruksi yang disampaikan dari luar; itu menjadi sesuatu yang tertenun dalam diri kita.

Saat kita menutup renungan singkat ini, layak diingat bahwa menghormati orang tua yang telah tiada bukan hanya tentang melihat ke belakang dalam dukacita, tetapi tentang hidup ke depan dalam kesetiaan — membiarkan cara mereka membesarkanmu terus membentuk cara kamu sekarang hidup, mengasuh, mengasihi, dan percaya. Warisan mereka bukanlah barang museum yang harus dilestarikan tanpa disentuh; itu adalah warisan yang hidup yang dimaksudkan untuk terus berbuah melalui dirimu.

Hari ini, bersyukurlah kepada Allah atas didikan, dalam bentuk apa pun itu, yang diberikan orang tuamu kepadamu — dan mintalah anugerah untuk berjalan dengan setia di dalamnya, membawa warisan mereka maju bukan karena kewajiban, melainkan karena kasih.","Proverbs 22:6 | Start children off on the way they should go, and even when they are old they will not turn from it.","Amsal 22:6 | Didiklah orang muda menurut jalan yang patut baginya, maka pada masa tuanya pun ia tidak akan menyimpang dari pada jalan itu.","What piece of your parent's training or example do you sense holding you steady today, even in their absence?","Bagian didikan atau teladan orang tuamu yang mana yang kamu rasa masih menopangmu tetap teguh hari ini, bahkan dalam ketidakhadiran mereka?","Lord, thank You that the training my parent gave me was never wasted. Help me walk faithfully in it and carry their legacy forward with love, not just memory. Amen.","Tuhan, terima kasih bahwa didikan yang diberikan orang tuaku tidak pernah sia-sia. Tolong aku berjalan dengan setia di dalamnya dan membawa warisan mereka maju dengan kasih, bukan hanya kenangan. Amin."
"Family","Keluarga","Siblings & Extended Family","Saudara dan Keluarga Besar","From Rivals to Reconciled","Dari Rival Menjadi Rekonsiliasi","A five-day journey through sibling conflict and forgiveness","Perjalanan lima hari melalui konflik dan pengampunan antar saudara","5","Brothers and sisters can wound each other more deeply than almost anyone else, because they know exactly where it hurts. Drawing on the stories of Joseph and his brothers and of Jacob and Esau, this five-day plan walks through the slow, honest work of naming old rivalries, choosing to forgive, and letting God rebuild what competition and jealousy once broke.","Kakak dan adik bisa saling melukai lebih dalam daripada hampir siapa pun, karena mereka tahu persis di mana titik lemah kita. Dengan berpijak pada kisah Yusuf dan saudara-saudaranya serta Yakub dan Esau, rencana lima hari ini menuntun kita melalui proses jujur dan perlahan untuk menyebut rivalitas lama, memilih mengampuni, dan membiarkan Allah membangun kembali apa yang pernah dirusak oleh persaingan dan iri hati.","A portrait-orientation 3:4 illustration in the style of a warm linocut print with visible carved texture and bold ink lines. Composition: two silhouetted figures, arms outstretched toward each other across a gap in a cracked stone bridge, the crack slowly filling with blooming olive branches and small birds; behind them a sunrise in concentric bands. Palette: terracotta, deep indigo, warm ochre, and cream paper-white, with a single accent of dusty rose in the sunrise. Mood: tender, earthy, quietly triumphant. All lettering is grouped together at the very top of the composition for maximum legibility, stacked on a soft solid-color band or gentle scrim so it stays readable against the artwork behind it: the title ""From Rivals to Reconciled"" first, largest, in a bold hand-carved woodblock-style serif; directly beneath it the smaller subtitle ""A five-day journey through sibling conflict and forgiveness""; and directly beneath the subtitle a compact rounded pill reading ""5 DAYS"" in bold small caps. Nothing else overlaps the illustration below. Mood: tender, earthy, quietly triumphant.","","1","Where the Rivalry Begins","Di Mana Rivalitas Dimulai","Long before Joseph ever wore his coat of many colors, something had already gone wrong at home. Scripture is honest about it: Jacob loved Joseph more than his other sons, and his brothers could see it plainly. That kind of favoritism, whether real or only perceived, plants a seed that grows quietly for years before it ever breaks into the open. Many of us know that seed. It might have been a parent's offhand comparison, a grade, a wedding toast, an inheritance conversation, or simply the sense that one sibling always seemed to get more attention, more praise, or more grace.

What is striking is that the brothers' resentment did not appear overnight. It built up meal by meal, glance by glance, until Genesis tells us plainly that they hated Joseph and could not speak a kind word to him. Rivalry rarely announces itself with a single dramatic event. More often it accumulates in the small, unspoken moments we never bring into the light, until one day it hardens into distance, sarcasm, or silence at family gatherings.

Naming this honestly is the first, uncomfortable step toward healing. It is tempting to skip straight to forgiveness without ever admitting what actually hurt, but half-acknowledged wounds tend to resurface at the worst possible moments, like a birthday dinner or a hospital waiting room. God is not afraid of our honesty. He inspired an entire book of the Bible that begins with sibling jealousy so raw it nearly ended in murder, precisely so that we would not have to pretend our own family tensions are too shameful to bring before Him.

Today is simply an invitation to notice, without judgment, where rivalry first took root in your own story. You do not need to solve it yet. You only need to see it clearly, the way God already sees it, and trust that He is patient enough to walk the rest of this journey with you.","Jauh sebelum Yusuf mengenakan jubah bercoraknya yang terkenal itu, sesuatu sudah retak di rumah mereka. Alkitab jujur menceritakannya: Yakub mengasihi Yusuf lebih dari anak-anaknya yang lain, dan saudara-saudaranya bisa melihatnya dengan jelas. Sikap pilih kasih semacam itu, baik yang nyata maupun yang hanya terasa demikian, menanam benih yang tumbuh diam-diam selama bertahun-tahun sebelum akhirnya pecah menjadi konflik terbuka. Banyak dari kita mengenal benih itu. Bisa jadi berupa perbandingan sepintas dari orang tua, nilai rapor, sambutan di pesta pernikahan, percakapan soal warisan, atau sekadar perasaan bahwa satu saudara selalu mendapat lebih banyak perhatian, pujian, atau kelonggaran.

Yang menarik, kebencian saudara-saudara Yusuf tidak muncul dalam semalam. Ia terbangun makan demi makan, tatapan demi tatapan, sampai Kitab Kejadian mengatakan dengan gamblang bahwa mereka membenci Yusuf dan tidak dapat berkata baik kepadanya. Rivalitas jarang muncul lewat satu peristiwa dramatis. Lebih sering ia menumpuk dalam momen-momen kecil yang tak pernah kita ungkapkan, sampai suatu hari mengeras menjadi jarak, sindiran, atau keheningan yang canggung di acara keluarga.

Menyebut hal ini dengan jujur adalah langkah pertama yang tidak nyaman menuju pemulihan. Ada godaan untuk langsung melompat ke pengampunan tanpa pernah mengakui apa yang sebenarnya menyakiti, padahal luka yang setengah diakui cenderung muncul kembali di saat yang paling tidak tepat, seperti makan malam ulang tahun atau ruang tunggu rumah sakit. Allah tidak takut akan kejujuran kita. Ia mengilhami seluruh kitab yang dibuka dengan kecemburuan antar saudara yang begitu mentah hingga hampir berakhir dengan pembunuhan, justru supaya kita tidak perlu berpura-pura bahwa ketegangan keluarga kita sendiri terlalu memalukan untuk dibawa kepada-Nya.

Hari ini hanyalah undangan untuk menyadari, tanpa menghakimi, di mana rivalitas itu pertama kali berakar dalam kisah hidup kita sendiri. Kita belum perlu menyelesaikannya hari ini. Kita hanya perlu melihatnya dengan jernih, sebagaimana Allah sudah melihatnya, dan percaya bahwa Ia cukup sabar untuk menemani sisa perjalanan ini bersama kita.","Genesis 37:4 | When his brothers saw that their father loved him more than any of them, they hated him and could not speak a kind word to him.","Kejadian 37:4 | Setelah dilihat oleh saudara-saudaranya, bahwa ayah mereka lebih mengasihi Yusuf dari semua saudaranya yang lain, maka bencilah mereka kepada Yusuf dan tidak dapat mereka berkata baik dengan dia.","Where did the earliest thread of rivalry with a sibling begin in your own family, and can you name it honestly before God today?","Di mana benang pertama rivalitas dengan saudara mulai terjalin dalam keluargamu, dan dapatkah engkau menyebutnya dengan jujur di hadapan Allah hari ini?","Lord, You see every layer of my family's story, even the parts I have never said out loud. Give me courage to be honest about where hurt began, and give me confidence that You are not shocked by any of it. Meet me gently in this first step. Amen.","Tuhan, Engkau melihat setiap lapisan kisah keluargaku, bahkan bagian yang belum pernah kuucapkan. Berilah aku keberanian untuk jujur tentang di mana luka itu bermula, dan berilah aku keyakinan bahwa Engkau tidak terkejut oleh apa pun di dalamnya. Temuilah aku dengan lembut pada langkah pertama ini. Amin."
"Family","Keluarga","Siblings & Extended Family","Saudara dan Keluarga Besar","From Rivals to Reconciled","Dari Rival Menjadi Rekonsiliasi","A five-day journey through sibling conflict and forgiveness","Perjalanan lima hari melalui konflik dan pengampunan antar saudara","5","Brothers and sisters can wound each other more deeply than almost anyone else, because they know exactly where it hurts. Drawing on the stories of Joseph and his brothers and of Jacob and Esau, this five-day plan walks through the slow, honest work of naming old rivalries, choosing to forgive, and letting God rebuild what competition and jealousy once broke.","Kakak dan adik bisa saling melukai lebih dalam daripada hampir siapa pun, karena mereka tahu persis di mana titik lemah kita. Dengan berpijak pada kisah Yusuf dan saudara-saudaranya serta Yakub dan Esau, rencana lima hari ini menuntun kita melalui proses jujur dan perlahan untuk menyebut rivalitas lama, memilih mengampuni, dan membiarkan Allah membangun kembali apa yang pernah dirusak oleh persaingan dan iri hati.","A portrait-orientation 3:4 illustration in the style of a warm linocut print with visible carved texture and bold ink lines. Composition: two silhouetted figures, arms outstretched toward each other across a gap in a cracked stone bridge, the crack slowly filling with blooming olive branches and small birds; behind them a sunrise in concentric bands. Palette: terracotta, deep indigo, warm ochre, and cream paper-white, with a single accent of dusty rose in the sunrise. Mood: tender, earthy, quietly triumphant. All lettering is grouped together at the very top of the composition for maximum legibility, stacked on a soft solid-color band or gentle scrim so it stays readable against the artwork behind it: the title ""From Rivals to Reconciled"" first, largest, in a bold hand-carved woodblock-style serif; directly beneath it the smaller subtitle ""A five-day journey through sibling conflict and forgiveness""; and directly beneath the subtitle a compact rounded pill reading ""5 DAYS"" in bold small caps. Nothing else overlaps the illustration below. Mood: tender, earthy, quietly triumphant.","","2","Carrying What We Cannot Put Down","Memikul Apa yang Tak Bisa Kita Letakkan","For twenty years, Joseph carried the memory of being thrown into a pit and sold by his own brothers. We are not told every detail of what he felt during his years as a slave and then a prisoner in Egypt, but it is not hard to imagine the nights when betrayal replayed itself in his mind. Meanwhile, his brothers carried their own weight: the guilt of what they had done, the lie they told their father, the years of watching Jacob grieve a son they knew was still alive.

This is often what sibling rivalry does long after childhood ends. It does not stay contained in the past; it becomes a weight both people carry separately, often without ever discussing it, sometimes for decades. One sibling nurses the memory of being overlooked, while the other quietly carries shame or defensiveness they have never named. Both people can spend years performing normalcy at holidays while an unspoken account is still being kept underneath.

The exhausting part of an uncarried burden is that it colors everything else. Joseph's brothers could not simply move forward and forget; their guilt resurfaced sharply the moment real pressure arrived, when they stood before the unrecognized Egyptian official years later and immediately assumed disaster was punishment for what they had done to their brother. Old wounds, left unaddressed, do not fade quietly. They wait.

God does not ask us to pretend the weight is not there. He asks us to bring it to Him honestly, the way Joseph eventually wept openly rather than continuing to perform composure. If you are carrying resentment, guilt, or grief connected to a brother or sister, today is a good day to simply admit that the weight is real, and to ask God to begin helping you set it down.","Selama dua puluh tahun, Yusuf memikul kenangan dilempar ke dalam sumur dan dijual oleh saudara-saudaranya sendiri. Kita tidak diberi tahu setiap detail perasaannya selama tahun-tahun sebagai budak dan kemudian tahanan di Mesir, tetapi tidak sulit membayangkan malam-malam ketika pengkhianatan itu terus terulang dalam pikirannya. Sementara itu, saudara-saudaranya juga memikul beban mereka sendiri: rasa bersalah atas apa yang telah mereka lakukan, kebohongan yang mereka sampaikan kepada ayah mereka, dan bertahun-tahun menyaksikan Yakub berduka atas anak yang mereka tahu sebenarnya masih hidup.

Inilah yang sering terjadi pada rivalitas antar saudara jauh setelah masa kanak-kanak berlalu. Ia tidak tetap tinggal di masa lalu; ia menjadi beban yang dipikul kedua belah pihak secara terpisah, sering kali tanpa pernah dibicarakan, kadang selama puluhan tahun. Satu saudara terus mengenang rasa terabaikan, sementara yang lain diam-diam memikul rasa malu atau sikap defensif yang tak pernah disebut namanya. Keduanya bisa menghabiskan bertahun-tahun berpura-pura normal saat acara keluarga, padahal ada catatan yang tak terucap masih tersimpan di bawah permukaan.

Bagian yang melelahkan dari beban yang tak pernah diletakkan adalah bahwa ia mewarnai segala sesuatu yang lain. Saudara-saudara Yusuf tidak bisa begitu saja melanjutkan hidup dan melupakannya; rasa bersalah mereka muncul kembali dengan tajam begitu tekanan nyata datang, ketika mereka berdiri di hadapan pejabat Mesir yang tak mereka kenali bertahun-tahun kemudian dan langsung menganggap bencana itu sebagai hukuman atas apa yang telah mereka lakukan kepada saudara mereka. Luka lama yang dibiarkan tak diselesaikan tidak memudar diam-diam. Ia menunggu.

Allah tidak meminta kita berpura-pura bahwa beban itu tidak ada. Ia meminta kita membawanya kepada-Nya dengan jujur, seperti Yusuf akhirnya menangis terbuka daripada terus berpura-pura tenang. Jika engkau memikul kebencian, rasa bersalah, atau duka yang berkaitan dengan seorang kakak atau adik, hari ini adalah waktu yang baik untuk sekadar mengakui bahwa beban itu nyata, dan meminta Allah mulai menolongmu meletakkannya.","Genesis 45:4-5 | Then Joseph said to his brothers, 'Come close to me.' When they had done so, he said, 'I am your brother Joseph, the one you sold into Egypt! And now, do not be distressed and do not be angry with yourselves for selling me here, because it was to save lives that God sent me ahead of you.'","Kejadian 45:4-5 | Sesudah itu berkatalah Yusuf kepada saudara-saudaranya: 'Datanglah dekat-dekat.' Maka setelah mereka datang dekat, berkatalah ia: 'Akulah Yusuf, saudaramu, yang kamu jual ke Mesir. Tetapi sekarang, janganlah bersusah hati dan janganlah menyesali diri, karena kamu telah menjual aku ke sini, sebab untuk memelihara kehidupanlah Allah menyuruh aku mendahului kamu.'","What weight related to a sibling relationship have you been carrying quietly, and what would it look like to finally name it before God?","Beban apa yang berkaitan dengan hubungan bersaudara yang selama ini diam-diam engkau pikul, dan seperti apa langkah untuk akhirnya menyebutnya di hadapan Allah?","Father, I confess I have carried this weight for a long time without setting it down. Help me be as honest as Joseph eventually was, and give me the same grace he received to see Your hand even in painful chapters. Amen.","Bapa, aku mengaku telah memikul beban ini cukup lama tanpa pernah meletakkannya. Tolong aku untuk sejujur Yusuf pada akhirnya, dan berilah aku anugerah yang sama seperti yang ia terima untuk melihat tangan-Mu bahkan dalam bab-bab hidup yang menyakitkan. Amin."
"Family","Keluarga","Siblings & Extended Family","Saudara dan Keluarga Besar","From Rivals to Reconciled","Dari Rival Menjadi Rekonsiliasi","A five-day journey through sibling conflict and forgiveness","Perjalanan lima hari melalui konflik dan pengampunan antar saudara","5","Brothers and sisters can wound each other more deeply than almost anyone else, because they know exactly where it hurts. Drawing on the stories of Joseph and his brothers and of Jacob and Esau, this five-day plan walks through the slow, honest work of naming old rivalries, choosing to forgive, and letting God rebuild what competition and jealousy once broke.","Kakak dan adik bisa saling melukai lebih dalam daripada hampir siapa pun, karena mereka tahu persis di mana titik lemah kita. Dengan berpijak pada kisah Yusuf dan saudara-saudaranya serta Yakub dan Esau, rencana lima hari ini menuntun kita melalui proses jujur dan perlahan untuk menyebut rivalitas lama, memilih mengampuni, dan membiarkan Allah membangun kembali apa yang pernah dirusak oleh persaingan dan iri hati.","A portrait-orientation 3:4 illustration in the style of a warm linocut print with visible carved texture and bold ink lines. Composition: two silhouetted figures, arms outstretched toward each other across a gap in a cracked stone bridge, the crack slowly filling with blooming olive branches and small birds; behind them a sunrise in concentric bands. Palette: terracotta, deep indigo, warm ochre, and cream paper-white, with a single accent of dusty rose in the sunrise. Mood: tender, earthy, quietly triumphant. All lettering is grouped together at the very top of the composition for maximum legibility, stacked on a soft solid-color band or gentle scrim so it stays readable against the artwork behind it: the title ""From Rivals to Reconciled"" first, largest, in a bold hand-carved woodblock-style serif; directly beneath it the smaller subtitle ""A five-day journey through sibling conflict and forgiveness""; and directly beneath the subtitle a compact rounded pill reading ""5 DAYS"" in bold small caps. Nothing else overlaps the illustration below. Mood: tender, earthy, quietly triumphant.","","3","Running Toward Instead of Away","Berlari Menuju, Bukan Menjauh","Jacob spent years dreading his reunion with Esau. He had good reason to be afraid; he had deceived his brother out of both a birthright and a blessing, and had then fled rather than face the consequences. When word came that Esau was approaching with four hundred men, Jacob assumed the worst and prepared for disaster, sending gifts ahead in waves, hoping to soften a blow he was certain was coming.

What actually happened surprised everyone. Esau, the brother with every right to hold a grudge, ran to meet Jacob, embraced him, and wept. Scripture does not explain exactly what changed in Esau's heart over those years apart, only that when the moment came, he chose to run toward his brother rather than settle old scores. It is one of the most quietly astonishing reunions in the Bible precisely because it defies what we expect from a wronged sibling.

Many of us assume the sibling we have distanced from would respond the way Jacob feared Esau might. We rehearse the worst-case conversation so often that we never actually attempt the real one. But Esau's example reminds us that people, and relationships, can change more than we expect, especially when years and grace have had time to work on a heart we assumed was still frozen in an old grievance.

This does not mean every reconciliation will go smoothly, or that we should force one before we are ready. But it does mean we should not assume the worst without ever testing it. Today, consider whether there is a small, low-stakes step toward a sibling you could take this week, not a grand gesture, simply a text, a call, or a shared meal that begins to run toward rather than away.","Yakub menghabiskan bertahun-tahun mencemaskan pertemuannya kembali dengan Esau. Ia punya alasan kuat untuk takut; ia telah menipu saudaranya, merampas hak kesulungan dan berkat, lalu melarikan diri daripada menghadapi akibatnya. Ketika kabar datang bahwa Esau sedang mendekat dengan empat ratus orang, Yakub menduga yang terburuk dan bersiap menghadapi bencana, mengirimkan hadiah bergelombang di depan, berharap dapat melunakkan pukulan yang ia yakini akan datang.

Apa yang sebenarnya terjadi mengejutkan semua orang. Esau, saudara yang punya segala hak untuk menyimpan dendam, justru berlari menyambut Yakub, memeluknya, dan menangis. Alkitab tidak menjelaskan persis apa yang berubah dalam hati Esau selama tahun-tahun perpisahan itu, hanya bahwa ketika saatnya tiba, ia memilih berlari menuju saudaranya alih-alih menuntaskan perhitungan lama. Ini salah satu pertemuan paling mengejutkan dalam Alkitab justru karena bertentangan dengan apa yang kita bayangkan dari saudara yang pernah dizalimi.

Banyak dari kita menganggap saudara yang telah kita jauhi akan bereaksi seperti yang ditakutkan Yakub dari Esau. Kita begitu sering membayangkan percakapan terburuk sehingga tidak pernah benar-benar mencoba percakapan yang sesungguhnya. Namun teladan Esau mengingatkan kita bahwa orang, dan hubungan, bisa berubah lebih dari yang kita duga, terutama ketika waktu dan anugerah telah bekerja pada hati yang kita kira masih membeku dalam keluhan lama.

Ini bukan berarti setiap rekonsiliasi akan berjalan mulus, atau bahwa kita harus memaksakannya sebelum siap. Tetapi ini berarti kita tidak boleh berasumsi yang terburuk tanpa pernah mengujinya. Hari ini, pertimbangkan apakah ada langkah kecil dan berisiko rendah menuju seorang saudara yang bisa kau ambil minggu ini, bukan gestur besar, cukup sebuah pesan, telepon, atau makan bersama yang mulai berlari mendekat, bukan menjauh.","Genesis 33:4 | But Esau ran to meet Jacob and embraced him; he threw his arms around his neck and kissed him. And they wept.","Kejadian 33:4 | Tetapi Esau berlari mendapatkan dia, didekapnya dia, dipeluk lehernya dan diciumnya dia dengan bercucuran air mata.","Is there a small, low-stakes step you could take this week to run a little closer to a sibling instead of staying at a safe distance?","Adakah langkah kecil dan tidak berisiko besar yang bisa kau ambil minggu ini untuk sedikit lebih mendekat kepada seorang saudara, alih-alih tetap berada di jarak aman?","Lord, soften the fear I carry about how a sibling might respond to me. Give me even a fraction of the grace Esau showed, and give me the courage to take one small step toward reconciliation rather than assuming the worst. Amen.","Tuhan, lunakkanlah rasa takut yang kupikul tentang bagaimana seorang saudara mungkin bereaksi kepadaku. Berilah aku bahkan sedikit dari anugerah yang ditunjukkan Esau, dan berilah aku keberanian untuk mengambil satu langkah kecil menuju rekonsiliasi, bukan berasumsi yang terburuk. Amin."
"Family","Keluarga","Siblings & Extended Family","Saudara dan Keluarga Besar","From Rivals to Reconciled","Dari Rival Menjadi Rekonsiliasi","A five-day journey through sibling conflict and forgiveness","Perjalanan lima hari melalui konflik dan pengampunan antar saudara","5","Brothers and sisters can wound each other more deeply than almost anyone else, because they know exactly where it hurts. Drawing on the stories of Joseph and his brothers and of Jacob and Esau, this five-day plan walks through the slow, honest work of naming old rivalries, choosing to forgive, and letting God rebuild what competition and jealousy once broke.","Kakak dan adik bisa saling melukai lebih dalam daripada hampir siapa pun, karena mereka tahu persis di mana titik lemah kita. Dengan berpijak pada kisah Yusuf dan saudara-saudaranya serta Yakub dan Esau, rencana lima hari ini menuntun kita melalui proses jujur dan perlahan untuk menyebut rivalitas lama, memilih mengampuni, dan membiarkan Allah membangun kembali apa yang pernah dirusak oleh persaingan dan iri hati.","A portrait-orientation 3:4 illustration in the style of a warm linocut print with visible carved texture and bold ink lines. Composition: two silhouetted figures, arms outstretched toward each other across a gap in a cracked stone bridge, the crack slowly filling with blooming olive branches and small birds; behind them a sunrise in concentric bands. Palette: terracotta, deep indigo, warm ochre, and cream paper-white, with a single accent of dusty rose in the sunrise. Mood: tender, earthy, quietly triumphant. All lettering is grouped together at the very top of the composition for maximum legibility, stacked on a soft solid-color band or gentle scrim so it stays readable against the artwork behind it: the title ""From Rivals to Reconciled"" first, largest, in a bold hand-carved woodblock-style serif; directly beneath it the smaller subtitle ""A five-day journey through sibling conflict and forgiveness""; and directly beneath the subtitle a compact rounded pill reading ""5 DAYS"" in bold small caps. Nothing else overlaps the illustration below. Mood: tender, earthy, quietly triumphant.","","4","Leave Your Gift at the Altar","Tinggalkan Persembahanmu di Depan Mezbah","Jesus taught something that must have startled His first listeners: worship itself should be interrupted for the sake of reconciliation. He did not say, finish your offering and then go make peace when it is convenient. He said, if you remember a brother has something against you, leave your gift right there at the altar and go be reconciled first. In other words, God cares more about restored relationship than about the appearance of religious devotion.

This is uncomfortable for many of us, because it is often easier to be devout toward God in the abstract than to be humble toward the specific, flawed sibling sitting three seats down at a family gathering. We can sing worship songs with real sincerity on Sunday and still avoid a phone call to a brother or sister all week. Jesus refuses to let those two things stay separate. Our vertical relationship with God and our horizontal relationships with family are woven together far more tightly than we like to admit.

There is also mercy hidden in this teaching. Jesus does not say the offering is rejected forever, only that it should wait. He is not shaming us for having unresolved conflict; conflict happens in every family. He is simply reordering our priorities, reminding us that the altar will still be there after the harder conversation, but the relationship might not wait forever.

If there is a sibling relationship that comes to mind every time you sit in worship or pray, that recurring thought may not be a distraction from your prayer. It may be an invitation woven into it. Consider today what it would mean to actually act on that nudge rather than setting it aside again.","Yesus mengajarkan sesuatu yang pasti mengejutkan para pendengar pertama-Nya: ibadah itu sendiri harus dihentikan sejenak demi rekonsiliasi. Ia tidak berkata, selesaikan dulu persembahanmu, baru berdamai ketika ada waktu luang. Ia berkata, jika engkau teringat bahwa saudaramu menaruh sesuatu terhadapmu, tinggalkanlah persembahanmu di depan mezbah dan pergilah berdamai dahulu. Dengan kata lain, Allah lebih peduli pada hubungan yang dipulihkan daripada pada tampilan kesalehan agamawi.

Ini tidak nyaman bagi banyak dari kita, karena sering kali lebih mudah bersikap saleh kepada Allah secara abstrak daripada rendah hati kepada saudara yang spesifik dan penuh kekurangan yang duduk tiga kursi dari kita di acara keluarga. Kita bisa menyanyikan lagu pujian dengan ketulusan sejati pada hari Minggu tetapi tetap menghindari telepon kepada kakak atau adik sepanjang minggu. Yesus menolak membiarkan dua hal itu terpisah. Hubungan vertikal kita dengan Allah dan hubungan horizontal kita dengan keluarga terjalin jauh lebih erat daripada yang ingin kita akui.

Ada juga belas kasihan yang tersembunyi dalam pengajaran ini. Yesus tidak berkata persembahan itu ditolak selamanya, hanya bahwa ia harus menunggu. Ia tidak mempermalukan kita karena memiliki konflik yang belum selesai; konflik terjadi di setiap keluarga. Ia hanya menata ulang prioritas kita, mengingatkan bahwa mezbah akan tetap ada setelah percakapan yang lebih sulit itu, tetapi hubungan mungkin tidak akan menunggu selamanya.

Jika ada hubungan bersaudara yang selalu terlintas setiap kali engkau duduk beribadah atau berdoa, pikiran yang berulang itu mungkin bukan gangguan atas doamu. Itu mungkin sebuah undangan yang terjalin di dalamnya. Renungkan hari ini apa artinya benar-benar bertindak atas dorongan itu, alih-alih menyisihkannya lagi.","Matthew 5:24 | Leave your gift there in front of the altar. First go and be reconciled to them; then come and offer your gift.","Matius 5:24 | Tinggalkanlah persembahanmu di depan mezbah itu dan pergilah berdamai dahulu dengan saudaramu, lalu kembali mempersembahkan persembahanmu itu.","Which sibling relationship keeps resurfacing in your prayers, and what might that recurring thought actually be inviting you to do?","Hubungan bersaudara mana yang terus muncul dalam doamu, dan apa sebenarnya yang mungkin diundang oleh pikiran yang berulang itu untuk kau lakukan?","Jesus, You care more about a restored relationship than a perfect-looking offering. Show me clearly where You want me to leave my gift at the altar and go make peace first, and give me the humility to actually do it. Amen.","Yesus, Engkau lebih peduli pada hubungan yang dipulihkan daripada persembahan yang tampak sempurna. Tunjukkan dengan jelas di mana Engkau ingin aku meninggalkan persembahanku di depan mezbah dan berdamai lebih dahulu, dan berilah aku kerendahan hati untuk benar-benar melakukannya. Amin."
"Family","Keluarga","Siblings & Extended Family","Saudara dan Keluarga Besar","From Rivals to Reconciled","Dari Rival Menjadi Rekonsiliasi","A five-day journey through sibling conflict and forgiveness","Perjalanan lima hari melalui konflik dan pengampunan antar saudara","5","Brothers and sisters can wound each other more deeply than almost anyone else, because they know exactly where it hurts. Drawing on the stories of Joseph and his brothers and of Jacob and Esau, this five-day plan walks through the slow, honest work of naming old rivalries, choosing to forgive, and letting God rebuild what competition and jealousy once broke.","Kakak dan adik bisa saling melukai lebih dalam daripada hampir siapa pun, karena mereka tahu persis di mana titik lemah kita. Dengan berpijak pada kisah Yusuf dan saudara-saudaranya serta Yakub dan Esau, rencana lima hari ini menuntun kita melalui proses jujur dan perlahan untuk menyebut rivalitas lama, memilih mengampuni, dan membiarkan Allah membangun kembali apa yang pernah dirusak oleh persaingan dan iri hati.","A portrait-orientation 3:4 illustration in the style of a warm linocut print with visible carved texture and bold ink lines. Composition: two silhouetted figures, arms outstretched toward each other across a gap in a cracked stone bridge, the crack slowly filling with blooming olive branches and small birds; behind them a sunrise in concentric bands. Palette: terracotta, deep indigo, warm ochre, and cream paper-white, with a single accent of dusty rose in the sunrise. Mood: tender, earthy, quietly triumphant. All lettering is grouped together at the very top of the composition for maximum legibility, stacked on a soft solid-color band or gentle scrim so it stays readable against the artwork behind it: the title ""From Rivals to Reconciled"" first, largest, in a bold hand-carved woodblock-style serif; directly beneath it the smaller subtitle ""A five-day journey through sibling conflict and forgiveness""; and directly beneath the subtitle a compact rounded pill reading ""5 DAYS"" in bold small caps. Nothing else overlaps the illustration below. Mood: tender, earthy, quietly triumphant.","","5","How Good and Pleasant","Sungguh Alangkah Baik dan Indahnya","The psalmist did not write about siblings living in rukun, harmony, as a small or minor thing. He compared it to precious oil poured out, to dew that refreshes a whole mountain range, to a blessing so rich that God commands life to flourish wherever it is found. This is a strong claim for something as ordinary as brothers and sisters getting along. But anyone who has lived through years of family tension, and then experienced even a small season of peace, knows exactly why the psalmist reached for such extravagant images.

Reconciliation between siblings rarely arrives all at once, the way Joseph's tearful reunion did. More often it is built slowly: an honest conversation here, a returned phone call there, a decision to show up at a nephew's birthday even when it is awkward, a choice to let an old comment go rather than relitigate it for the tenth time. Each of these small acts is its own kind of oil poured out, its own quiet dew settling on ground that has been dry for a long time.

It also matters that this psalm is communal. It was likely sung by pilgrims traveling together to worship in Jerusalem, families and clans walking the same road toward the same God. Unity among brothers and sisters was never meant to be a private accomplishment; it was meant to be part of how the wider family and community experienced the goodness of God together. When siblings are at peace, that peace tends to ripple outward to spouses, children, and cousins who no longer have to navigate divided loyalties at every gathering.

As this five-day journey closes, take a moment to picture the specific sibling relationship you have been reflecting on this week, not as a problem to permanently solve today, but as ground where God is patiently at work pouring out oil and dew. Ask Him to keep tending it long after this devotion ends.","Sang pemazmur tidak menuliskan tentang saudara-saudara yang hidup rukun sebagai hal yang kecil atau remeh. Ia membandingkannya dengan minyak berharga yang dicurahkan, dengan embun yang menyegarkan seluruh pegunungan, dengan berkat yang begitu kaya sehingga Allah memerintahkan kehidupan untuk bertumbuh subur di mana pun ia ditemukan. Ini klaim yang kuat untuk sesuatu yang tampak sesederhana kakak dan adik yang akur. Namun siapa pun yang pernah melewati bertahun-tahun ketegangan keluarga, lalu mengalami bahkan sedikit masa damai, tahu persis mengapa sang pemazmur memilih gambaran seindah itu.

Rekonsiliasi antar saudara jarang datang sekaligus, seperti pertemuan penuh air mata antara Yusuf dan saudara-saudaranya. Lebih sering ia dibangun perlahan: satu percakapan jujur di sini, satu telepon yang akhirnya dijawab di sana, keputusan untuk tetap hadir di ulang tahun keponakan meski canggung, pilihan untuk melepaskan komentar lama alih-alih membahasnya lagi untuk kesepuluh kalinya. Setiap tindakan kecil ini adalah bentuknya sendiri dari minyak yang dicurahkan, embunnya sendiri yang perlahan turun di tanah yang sudah lama kering.

Penting juga bahwa mazmur ini bersifat komunal. Kemungkinan besar dinyanyikan oleh para peziarah yang berjalan bersama menuju ibadah di Yerusalem, keluarga dan kaum yang menempuh jalan yang sama menuju Allah yang sama. Persatuan antar saudara tidak pernah dimaksudkan sebagai pencapaian pribadi; ia dimaksudkan menjadi bagian dari bagaimana keluarga besar dan komunitas bersama-sama mengalami kebaikan Allah. Ketika kakak dan adik hidup damai, kedamaian itu cenderung merambat ke luar, kepada pasangan, anak-anak, dan sepupu yang tidak lagi harus mengelola kesetiaan yang terbelah di setiap acara keluarga.

Saat perjalanan lima hari ini berakhir, luangkan waktu untuk membayangkan hubungan bersaudara spesifik yang telah kau renungkan minggu ini, bukan sebagai masalah yang harus tuntas selesai hari ini, tetapi sebagai tanah tempat Allah sedang bekerja dengan sabar, mencurahkan minyak dan embun-Nya. Mintalah Ia terus merawatnya jauh setelah renungan ini berakhir.","Psalm 133:1 | How good and pleasant it is when God's people live together in unity!","Mazmur 133:1 | Nyanyian ziarah Daud. Sungguh, alangkah baiknya dan indahnya, apabila saudara-saudara diam bersama dengan rukun!","What is one small, ordinary act of grace toward a sibling that you could offer this month, trusting God to multiply it like oil and dew?","Apa satu tindakan kecil dan sederhana penuh anugerah bagi seorang saudara yang bisa kau berikan bulan ini, sambil percaya Allah akan melipatgandakannya seperti minyak dan embun?","Lord, thank You for how patiently You have walked with me through this week of remembering, hoping, and choosing forgiveness. Keep tending the ground between me and my siblings long after today, and let unity among us become a quiet blessing that overflows to our whole family. Amen.","Tuhan, terima kasih atas kesabaran-Mu menemaniku sepanjang minggu ini, dalam mengenang, berharap, dan memilih untuk mengampuni. Teruslah merawat tanah di antara aku dan saudara-saudaraku jauh setelah hari ini, dan biarlah persatuan di antara kami menjadi berkat yang tenang yang melimpah kepada seluruh keluarga besar kami. Amin."
"Family","Keluarga","Siblings & Extended Family","Saudara dan Keluarga Besar","Becoming One Family","Menjadi Satu Keluarga","Four days on welcoming in-laws with an open heart","Empat hari untuk menyambut mertua dan ipar dengan hati terbuka","4","Marriage does not simply join two people, it joins two entire families, complete with their own habits, holidays, and unspoken rules. Anchored in the loyalty of Ruth toward Naomi, this four-day plan offers a gentle path toward welcoming in-laws not as outsiders to be managed but as family to be genuinely loved.","Pernikahan tidak hanya menyatukan dua orang, tetapi menyatukan dua keluarga besar lengkap dengan kebiasaan, tradisi, dan aturan tak tertulis masing-masing. Berpijak pada kesetiaan Rut kepada Naomi, rencana empat hari ini menawarkan jalan yang lembut untuk menyambut mertua dan ipar bukan sebagai orang luar yang harus dihadapi, melainkan sebagai keluarga yang sungguh dikasihi.","A portrait-orientation 3:4 illustration in the style of soft gouache folk art with flat shapes and a slightly naive, storybook charm. Composition: two houses standing side by side with their rooftops gently overlapping into a single shared roof, a warm lantern-lit doorway between them, and a long table set outdoors beneath the joined roofline with simple painted figures of different ages gathered around it. Palette: warm coral, buttery yellow, sage green, and soft plum, with white string lights as small dabs of light. Mood: cozy, welcoming, gently hopeful. All lettering is grouped together at the very top of the composition for maximum legibility, stacked on a soft solid-color band or gentle scrim so it stays readable against the artwork behind it: the title ""Becoming One Family"" first, largest, in a rounded friendly hand-lettered script; directly beneath it the smaller subtitle ""Four days on welcoming in-laws with an open heart""; and directly beneath the subtitle a compact rounded pill reading ""4 DAYS"" in bold small caps. Nothing else overlaps the illustration below. Mood: cozy, welcoming, gently hopeful.","","1","Leaving and Joining","Meninggalkan dan Bersatu","From the very beginning, Scripture describes marriage as a kind of holy rearrangement of family. A man leaves his father and mother and is joined to his wife, and the two become one flesh. This single verse carries an enormous amount of change inside it. It is not only about a couple starting a new household; it quietly acknowledges that two sets of parents, two sets of siblings, and two whole family cultures are now being woven together, sometimes gracefully and sometimes with real friction.

Many newly married people are surprised by how much adjustment in-law relationships require, even in a happy marriage. Suddenly there are new holiday traditions to navigate, a mother-in-law's advice to receive with grace even when it was not asked for, a brother-in-law's humor to get used to, or a family communication style that feels completely foreign compared to the home you grew up in. None of this means something is wrong. It means two family systems are genuinely becoming one, and that process takes time.

It helps to remember that leaving does not mean abandoning your family of origin, and joining does not mean erasing who you were before the wedding. God's design was never about loss on either side. It was about creating something new, a household with its own identity, built from the best of both families rather than the total replacement of either one.

If you find yourself feeling caught between two families, or unsure how to honor your parents while also fully joining your spouse's family, today is a good day to bring that tension honestly to God rather than to feel guilty about it. He designed this leaving and joining, and He is not surprised by how complicated it can feel in practice.","Sejak awal, Alkitab menggambarkan pernikahan sebagai semacam penataan ulang keluarga yang kudus. Seorang laki-laki meninggalkan ayah dan ibunya dan bersatu dengan istrinya, sehingga keduanya menjadi satu daging. Satu ayat ini membawa perubahan yang sangat besar di dalamnya. Ini bukan hanya tentang pasangan yang memulai rumah tangga baru; ini diam-diam mengakui bahwa dua keluarga orang tua, dua kelompok saudara, dan dua budaya keluarga yang utuh kini sedang dijalin menjadi satu, kadang dengan anggun dan kadang dengan gesekan yang nyata.

Banyak pasangan yang baru menikah terkejut betapa banyak penyesuaian yang dibutuhkan dalam hubungan dengan mertua dan ipar, bahkan dalam pernikahan yang bahagia sekalipun. Tiba-tiba ada tradisi hari raya baru yang harus dijalani, nasihat mertua yang harus diterima dengan anggun meski tidak diminta, gaya humor ipar yang harus dibiasakan, atau gaya komunikasi keluarga yang terasa sama sekali asing dibandingkan rumah tempat kita dibesarkan. Semua ini tidak berarti ada yang salah. Ini berarti dua sistem keluarga sungguh-sungguh sedang menjadi satu, dan proses itu membutuhkan waktu.

Ada baiknya diingat bahwa meninggalkan tidak berarti melupakan keluarga asal kita, dan bersatu tidak berarti menghapus siapa diri kita sebelum menikah. Rancangan Allah tidak pernah tentang kehilangan bagi pihak mana pun. Ini tentang menciptakan sesuatu yang baru, sebuah rumah tangga dengan identitasnya sendiri, dibangun dari yang terbaik dari kedua keluarga, bukan penggantian total salah satunya.

Jika engkau merasa terjepit di antara dua keluarga, atau tidak yakin bagaimana menghormati orang tuamu sambil sepenuhnya bersatu dengan keluarga pasanganmu, hari ini adalah waktu yang baik untuk membawa ketegangan itu dengan jujur kepada Allah, bukan merasa bersalah karenanya. Ia yang merancang proses meninggalkan dan bersatu ini, dan Ia tidak terkejut betapa rumitnya hal ini terasa dalam kenyataan.","Genesis 2:24 | That is why a man leaves his father and mother and is united to his wife, and they become one flesh.","Kejadian 2:24 | Sebab itu seorang laki-laki akan meninggalkan ayahnya dan ibunya dan bersatu dengan isterinya, sehingga keduanya menjadi satu daging.","Where do you feel the most tension between honoring your family of origin and fully joining your spouse's family, and how might you bring that honestly to God?","Di bagian mana kau merasakan ketegangan terbesar antara menghormati keluarga asalmu dan sepenuhnya bersatu dengan keluarga pasanganmu, dan bagaimana kau bisa membawanya dengan jujur kepada Allah?","Lord, thank You for designing marriage as a joining of families, not just individuals. Help me hold my love for my family of origin and my commitment to my spouse's family together with grace, not guilt. Amen.","Tuhan, terima kasih telah merancang pernikahan sebagai penyatuan keluarga, bukan hanya individu. Tolonglah aku memegang kasihku pada keluarga asalku dan komitmenku pada keluarga pasanganku bersama-sama dengan anugerah, bukan rasa bersalah. Amin."
"Family","Keluarga","Siblings & Extended Family","Saudara dan Keluarga Besar","Becoming One Family","Menjadi Satu Keluarga","Four days on welcoming in-laws with an open heart","Empat hari untuk menyambut mertua dan ipar dengan hati terbuka","4","Marriage does not simply join two people, it joins two entire families, complete with their own habits, holidays, and unspoken rules. Anchored in the loyalty of Ruth toward Naomi, this four-day plan offers a gentle path toward welcoming in-laws not as outsiders to be managed but as family to be genuinely loved.","Pernikahan tidak hanya menyatukan dua orang, tetapi menyatukan dua keluarga besar lengkap dengan kebiasaan, tradisi, dan aturan tak tertulis masing-masing. Berpijak pada kesetiaan Rut kepada Naomi, rencana empat hari ini menawarkan jalan yang lembut untuk menyambut mertua dan ipar bukan sebagai orang luar yang harus dihadapi, melainkan sebagai keluarga yang sungguh dikasihi.","A portrait-orientation 3:4 illustration in the style of soft gouache folk art with flat shapes and a slightly naive, storybook charm. Composition: two houses standing side by side with their rooftops gently overlapping into a single shared roof, a warm lantern-lit doorway between them, and a long table set outdoors beneath the joined roofline with simple painted figures of different ages gathered around it. Palette: warm coral, buttery yellow, sage green, and soft plum, with white string lights as small dabs of light. Mood: cozy, welcoming, gently hopeful. All lettering is grouped together at the very top of the composition for maximum legibility, stacked on a soft solid-color band or gentle scrim so it stays readable against the artwork behind it: the title ""Becoming One Family"" first, largest, in a rounded friendly hand-lettered script; directly beneath it the smaller subtitle ""Four days on welcoming in-laws with an open heart""; and directly beneath the subtitle a compact rounded pill reading ""4 DAYS"" in bold small caps. Nothing else overlaps the illustration below. Mood: cozy, welcoming, gently hopeful.","","2","Where You Go, I Will Go","Ke Mana Engkau Pergi, Ke Situ Aku Pergi","Ruth's declaration to her mother-in-law Naomi is one of the most quoted lines in Scripture, and often it gets read at weddings as if it were only about romantic love. But look closely at the actual story: these are the words of a daughter-in-law to her mother-in-law, spoken after both women had lost their husbands and had every reasonable excuse to go their separate ways. Ruth was not obligated to stay. Naomi even urged her to leave, twice, and return to her own people. Ruth chose loyalty anyway.

This kind of chosen loyalty is exactly what in-law relationships are invited into. No one requires you to love a mother-in-law or a sister-in-law the way you love your own blood family; culturally and even legally, the tie is different. But Ruth shows us that some of the deepest family bonds in Scripture were never about obligation at all. They were about a decision to stay, to belong, to say your people will be my people even when it costs something.

It is worth noticing that Ruth's loyalty was not naive or effortless. She was a foreigner in Naomi's land, gleaning leftover grain in fields to survive, doing hard and humbling work to provide for both of them. Real love for in-laws is rarely about grand declarations; it is usually built through ordinary faithfulness, showing up for a hospital visit, remembering a birthday, listening patiently to a story you have heard many times before.

If your relationship with an in-law still feels new, awkward, or distant, Ruth's story offers real hope. She began as an outsider and became the great-grandmother of King David, woven permanently into the family line of Jesus Himself. Chosen loyalty, even when it starts small, can grow into something that outlasts every initial awkwardness.","Pernyataan Rut kepada Naomi, mertuanya, adalah salah satu ayat yang paling sering dikutip dalam Alkitab, dan sering dibacakan di pernikahan seolah-olah hanya berbicara tentang cinta romantis. Namun perhatikan baik-baik kisah sesungguhnya: ini adalah kata-kata seorang menantu perempuan kepada mertuanya, diucapkan setelah kedua perempuan itu kehilangan suami mereka dan punya segala alasan wajar untuk berpisah jalan. Rut tidak wajib tinggal. Naomi bahkan mendesaknya untuk pergi, dua kali, dan kembali kepada bangsanya sendiri. Rut tetap memilih kesetiaan.

Kesetiaan yang dipilih semacam inilah yang menjadi undangan bagi hubungan dengan mertua dan ipar. Tidak ada yang mewajibkanmu mengasihi mertua atau ipar perempuan sebagaimana kau mengasihi keluarga kandungmu sendiri; secara budaya bahkan hukum, ikatannya berbeda. Namun Rut menunjukkan bahwa beberapa ikatan keluarga terdalam dalam Alkitab sama sekali bukan soal kewajiban. Itu tentang keputusan untuk tinggal, untuk menjadi bagian, untuk berkata bangsamu akan menjadi bangsaku juga meski itu memerlukan pengorbanan.

Perlu dicatat bahwa kesetiaan Rut bukanlah sesuatu yang naif atau tanpa usaha. Ia orang asing di tanah Naomi, memungut sisa gandum di ladang demi bertahan hidup, melakukan pekerjaan berat dan merendahkan diri demi menopang mereka berdua. Kasih sejati bagi mertua dan ipar jarang berupa pernyataan besar; biasanya dibangun lewat kesetiaan yang sederhana, hadir saat kunjungan rumah sakit, mengingat hari ulang tahun, mendengarkan dengan sabar cerita yang sudah berkali-kali kau dengar.

Jika hubunganmu dengan seorang mertua atau ipar masih terasa baru, canggung, atau berjarak, kisah Rut memberi harapan nyata. Ia memulai sebagai orang asing dan menjadi nenek buyut Raja Daud, terjalin permanen dalam silsilah keluarga Yesus sendiri. Kesetiaan yang dipilih, bahkan yang dimulai dari hal kecil, bisa bertumbuh menjadi sesuatu yang bertahan jauh melampaui kecanggungan awalnya.","Ruth 1:16 | But Ruth replied, 'Don't urge me to leave you or to turn back from you. Where you go I will go, and where you stay I will stay. Your people will be my people and your God my God.'","Rut 1:16 | Tetapi kata Rut: 'Janganlah desak aku meninggalkan engkau dan pulang dengan tidak mengikuti engkau; sebab ke mana engkau pergi, ke situ jugalah aku pergi, dan di mana engkau bermalam, di situ jugalah aku bermalam: bangsamulah bangsaku dan Allahmulah Allahku.'","What is one small, ordinary act of faithfulness you could offer an in-law this week, in the spirit of Ruth's quiet loyalty to Naomi?","Apa satu tindakan kesetiaan sederhana dan biasa yang bisa kau berikan kepada seorang mertua atau ipar minggu ini, dalam semangat kesetiaan Rut yang tenang kepada Naomi?","Lord, give me a heart like Ruth's toward my husband's or wife's family, a heart that chooses loyalty and love even when it is not required of me. Help me build real belonging through small, faithful acts. Amen.","Tuhan, berilah aku hati seperti Rut terhadap keluarga suamiku atau istriku, hati yang memilih kesetiaan dan kasih bahkan ketika itu tidak diwajibkan bagiku. Tolong aku membangun rasa memiliki yang sejati lewat tindakan-tindakan kecil yang setia. Amin."
"Family","Keluarga","Siblings & Extended Family","Saudara dan Keluarga Besar","Becoming One Family","Menjadi Satu Keluarga","Four days on welcoming in-laws with an open heart","Empat hari untuk menyambut mertua dan ipar dengan hati terbuka","4","Marriage does not simply join two people, it joins two entire families, complete with their own habits, holidays, and unspoken rules. Anchored in the loyalty of Ruth toward Naomi, this four-day plan offers a gentle path toward welcoming in-laws not as outsiders to be managed but as family to be genuinely loved.","Pernikahan tidak hanya menyatukan dua orang, tetapi menyatukan dua keluarga besar lengkap dengan kebiasaan, tradisi, dan aturan tak tertulis masing-masing. Berpijak pada kesetiaan Rut kepada Naomi, rencana empat hari ini menawarkan jalan yang lembut untuk menyambut mertua dan ipar bukan sebagai orang luar yang harus dihadapi, melainkan sebagai keluarga yang sungguh dikasihi.","A portrait-orientation 3:4 illustration in the style of soft gouache folk art with flat shapes and a slightly naive, storybook charm. Composition: two houses standing side by side with their rooftops gently overlapping into a single shared roof, a warm lantern-lit doorway between them, and a long table set outdoors beneath the joined roofline with simple painted figures of different ages gathered around it. Palette: warm coral, buttery yellow, sage green, and soft plum, with white string lights as small dabs of light. Mood: cozy, welcoming, gently hopeful. All lettering is grouped together at the very top of the composition for maximum legibility, stacked on a soft solid-color band or gentle scrim so it stays readable against the artwork behind it: the title ""Becoming One Family"" first, largest, in a rounded friendly hand-lettered script; directly beneath it the smaller subtitle ""Four days on welcoming in-laws with an open heart""; and directly beneath the subtitle a compact rounded pill reading ""4 DAYS"" in bold small caps. Nothing else overlaps the illustration below. Mood: cozy, welcoming, gently hopeful.","","3","Valuing One Another Above Yourself","Menganggap Orang Lain Lebih Utama","Paul's instruction to the church in Philippi was never meant only for strangers in a congregation; it applies with particular force at a crowded holiday table where in-laws with different habits, opinions, and love languages are all trying to share space. He calls believers to a rare kind of humility: not thinking less of yourself, but thinking of others as worth considering first, ahead of your own preferences and comfort.

This is not naturally easy with in-laws, precisely because you did not choose them the way you chose your spouse. Their parenting style, their political opinions at dinner, their way of doing holidays, or simply their personality can feel like a lot to accommodate. It is tempting to quietly keep score of who is adjusting more, who is compromising more, who is being more inconvenienced by whose family traditions.

Paul's answer cuts straight through that scorekeeping. He does not ask us to pretend differences do not exist. He asks us to actively look out for the interests of others, including in-laws, the same way we naturally look out for our own. That might mean choosing to visit a difficult in-law's home even when your own family's traditions feel more comfortable, or biting back a sharp reply when a comment stings, or simply asking a mother-in-law genuine questions about her life instead of waiting for the conversation to end.

Humility toward in-laws is not weakness. It is often the very thing that turns a technically-related stranger into someone who feels like real family. Consider today one specific way you could put an in-law's comfort or preference ahead of your own this week, not out of obligation, but as an act of Christlike humility.","Perintah Paulus kepada jemaat di Filipi tidak pernah dimaksudkan hanya untuk orang asing dalam sebuah jemaat; perintah itu berlaku dengan kekuatan khusus di meja makan hari raya yang ramai, tempat para mertua dan ipar dengan kebiasaan, pendapat, dan bahasa kasih yang berbeda-beda berusaha berbagi ruang. Ia memanggil orang percaya kepada kerendahan hati yang langka: bukan merendahkan diri sendiri, tetapi menganggap orang lain layak dipertimbangkan lebih dulu, mendahului preferensi dan kenyamanan kita sendiri.

Ini tidak mudah secara alami terhadap mertua dan ipar, justru karena kita tidak memilih mereka sebagaimana kita memilih pasangan kita. Gaya pengasuhan mereka, pendapat politik mereka di meja makan, cara mereka merayakan hari raya, atau sekadar kepribadian mereka bisa terasa banyak untuk diakomodasi. Ada godaan untuk diam-diam menghitung siapa yang lebih banyak menyesuaikan diri, siapa yang lebih banyak berkompromi, siapa yang lebih banyak direpotkan oleh tradisi keluarga siapa.

Jawaban Paulus langsung memotong penghitungan semacam itu. Ia tidak meminta kita berpura-pura perbedaan itu tidak ada. Ia meminta kita secara aktif memperhatikan kepentingan orang lain, termasuk mertua dan ipar, sama seperti kita secara alami memperhatikan kepentingan kita sendiri. Itu mungkin berarti memilih mengunjungi rumah ipar yang sulit meski tradisi keluargamu sendiri terasa lebih nyaman, menahan balasan tajam ketika sebuah komentar menyakiti, atau sekadar bertanya dengan tulus kepada mertua tentang hidupnya alih-alih menunggu percakapan itu selesai.

Kerendahan hati terhadap mertua dan ipar bukanlah kelemahan. Seringkali justru itulah yang mengubah orang asing yang secara teknis terhubung menjadi seseorang yang terasa seperti keluarga sungguhan. Renungkan hari ini satu cara spesifik untuk mendahulukan kenyamanan atau preferensi seorang ipar atau mertua di atas dirimu sendiri minggu ini, bukan karena kewajiban, melainkan sebagai tindakan kerendahan hati seperti Kristus.","Philippians 2:3-4 | Do nothing out of selfish ambition or vain conceit, but in humility value others above yourselves, not looking to your own interests but each of you to the interests of the others.","Filipi 2:3-4 | Dengan tidak mencari kepentingan sendiri atau puji-pujian yang sia-sia. Sebaliknya hendaklah dengan rendah hati yang seorang menganggap yang lain lebih utama dari pada dirinya sendiri, dan janganlah tiap-tiap orang hanya memperhatikan kepentingannya sendiri, tetapi kepentingan orang lain juga.","In what specific way could you put an in-law's comfort or preference ahead of your own this week, as an act of humility rather than obligation?","Dengan cara spesifik apa kau bisa mendahulukan kenyamanan atau preferensi seorang mertua atau ipar di atas dirimu sendiri minggu ini, sebagai tindakan kerendahan hati, bukan kewajiban?","Father, teach me the kind of humility Paul describes, one that genuinely values my in-laws' comfort and interests rather than quietly keeping score. Let my home feel like a place where they are honestly welcomed. Amen.","Bapa, ajarilah aku kerendahan hati seperti yang digambarkan Paulus, yang sungguh-sungguh menghargai kenyamanan dan kepentingan mertua serta iparku, bukan diam-diam menghitung jasa. Biarlah rumahku terasa seperti tempat mereka disambut dengan tulus. Amin."
"Family","Keluarga","Siblings & Extended Family","Saudara dan Keluarga Besar","Becoming One Family","Menjadi Satu Keluarga","Four days on welcoming in-laws with an open heart","Empat hari untuk menyambut mertua dan ipar dengan hati terbuka","4","Marriage does not simply join two people, it joins two entire families, complete with their own habits, holidays, and unspoken rules. Anchored in the loyalty of Ruth toward Naomi, this four-day plan offers a gentle path toward welcoming in-laws not as outsiders to be managed but as family to be genuinely loved.","Pernikahan tidak hanya menyatukan dua orang, tetapi menyatukan dua keluarga besar lengkap dengan kebiasaan, tradisi, dan aturan tak tertulis masing-masing. Berpijak pada kesetiaan Rut kepada Naomi, rencana empat hari ini menawarkan jalan yang lembut untuk menyambut mertua dan ipar bukan sebagai orang luar yang harus dihadapi, melainkan sebagai keluarga yang sungguh dikasihi.","A portrait-orientation 3:4 illustration in the style of soft gouache folk art with flat shapes and a slightly naive, storybook charm. Composition: two houses standing side by side with their rooftops gently overlapping into a single shared roof, a warm lantern-lit doorway between them, and a long table set outdoors beneath the joined roofline with simple painted figures of different ages gathered around it. Palette: warm coral, buttery yellow, sage green, and soft plum, with white string lights as small dabs of light. Mood: cozy, welcoming, gently hopeful. All lettering is grouped together at the very top of the composition for maximum legibility, stacked on a soft solid-color band or gentle scrim so it stays readable against the artwork behind it: the title ""Becoming One Family"" first, largest, in a rounded friendly hand-lettered script; directly beneath it the smaller subtitle ""Four days on welcoming in-laws with an open heart""; and directly beneath the subtitle a compact rounded pill reading ""4 DAYS"" in bold small caps. Nothing else overlaps the illustration below. Mood: cozy, welcoming, gently hopeful.","","4","Accept One Another","Terimalah Satu Akan yang Lain","Paul's letter to the Romans was written to a church wrestling with real division, Jewish and Gentile believers who came from entirely different backgrounds, customs, and convictions, now expected to sit at the same table and call each other family. His instruction is beautifully simple and hard to argue with: accept one another, just as Christ accepted you. Not agree with everything about one another. Not enjoy every one of one another's habits. Accept.

This is the note this whole plan wants to end on. Building closeness with in-laws is rarely about erasing every difference until a mother-in-law thinks exactly like you, or a brother-in-law shares all your interests. It is about the ongoing choice to accept people who came into your life through marriage rather than through blood, the same way Christ accepted you fully, including the parts of you that were still rough and unfinished.

It is worth remembering that acceptance, in Paul's sense, is not passive. It is active welcome, the kind that shows up, that makes room at the table, that chooses warmth even when warmth is not fully reciprocated. Christ did not wait for us to become easy to love before He welcomed us. He welcomed us first, and the transformation happened over time, inside that welcome.

As you close this four-day plan, ask God to help you extend that same first-move welcome to the in-laws in your life, whether the relationship already feels warm or still feels new and uncertain. Family formed through marriage is still family, worth the patient, ongoing work of genuine acceptance, for the glory of God who accepted us first.","Surat Paulus kepada jemaat di Roma ditulis untuk jemaat yang bergumul dengan perpecahan nyata, orang percaya Yahudi dan bukan Yahudi yang datang dari latar belakang, adat, dan keyakinan yang sama sekali berbeda, kini diharapkan duduk di meja yang sama dan saling memanggil keluarga. Perintahnya indah dan sederhana, sulit dibantah: terimalah satu akan yang lain, sama seperti Kristus telah menerima kamu. Bukan menyetujui segala sesuatu tentang satu sama lain. Bukan menikmati setiap kebiasaan satu sama lain. Menerima.

Inilah nada penutup yang ingin dibawa oleh seluruh rencana ini. Membangun kedekatan dengan mertua dan ipar jarang berarti menghapus setiap perbedaan sampai seorang mertua berpikir persis sepertimu, atau seorang ipar berbagi semua minatmu. Ini tentang keputusan yang terus berlanjut untuk menerima orang-orang yang masuk ke hidupmu lewat pernikahan, bukan lewat darah, sama seperti Kristus menerima kita sepenuhnya, termasuk bagian-bagian diri kita yang masih kasar dan belum sempurna.

Perlu diingat bahwa penerimaan, dalam pengertian Paulus, bukanlah sikap pasif. Ini penyambutan yang aktif, jenis yang hadir, yang membuat ruang di meja, yang memilih kehangatan bahkan ketika kehangatan itu belum sepenuhnya dibalas. Kristus tidak menunggu kita menjadi mudah dikasihi sebelum Ia menyambut kita. Ia menyambut kita lebih dulu, dan perubahan terjadi seiring waktu, di dalam sambutan itu.

Saat kau menutup rencana empat hari ini, mintalah Allah menolongmu memberikan sambutan yang mengambil langkah pertama itu kepada mertua dan ipar dalam hidupmu, baik hubungan itu sudah terasa hangat maupun masih terasa baru dan belum pasti. Keluarga yang terbentuk lewat pernikahan tetaplah keluarga, layak mendapat kerja keras yang sabar dan terus-menerus berupa penerimaan yang tulus, demi kemuliaan Allah yang telah menerima kita lebih dulu.","Romans 15:7 | Accept one another, then, just as Christ accepted you, in order to bring praise to God.","Roma 15:7 | Sebab itu terimalah satu akan yang lain, sama seperti Kristus juga telah menerima kita, untuk kemuliaan Allah.","What would it look like to be the one who extends acceptance first to an in-law, rather than waiting for the relationship to feel easy?","Seperti apa rupanya jika kau menjadi pihak yang lebih dulu memberikan penerimaan kepada seorang mertua atau ipar, alih-alih menunggu hubungan itu terasa mudah?","Lord Jesus, thank You for accepting me fully before I had anything figured out. Help me offer that same first-move acceptance to my in-laws, and let our extended family become a place where Your welcoming love is genuinely visible. Amen.","Tuhan Yesus, terima kasih telah menerimaku sepenuhnya sebelum aku memiliki apa pun yang benar. Tolong aku memberikan penerimaan yang mengambil langkah pertama itu kepada mertua dan iparku, dan biarlah keluarga besar kami menjadi tempat di mana kasih-Mu yang menyambut sungguh-sungguh terlihat nyata. Amin."
"Family","Keluarga","Siblings & Extended Family","Saudara dan Keluarga Besar","Roots That Reach Far","Akar yang Menjangkau Jauh","Seven days on staying close to extended family across the miles","Tujuh hari untuk tetap dekat dengan keluarga besar meski berjauhan","7","Cousins move cities, aunts and uncles grow older, grandchildren are born in places the rest of the family has never visited. This seven-day plan is for anyone whose extended family is scattered by distance, work, or busy seasons of life, offering a biblical vision of family bonds that were never meant to depend on proximity to stay strong.","Sepupu pindah kota, paman dan bibi menua, cucu lahir di tempat yang belum pernah dikunjungi anggota keluarga lainnya. Rencana tujuh hari ini untuk siapa pun yang keluarga besarnya tersebar karena jarak, pekerjaan, atau musim hidup yang sibuk, menawarkan pandangan alkitabiah tentang ikatan keluarga yang tidak pernah dimaksudkan bergantung pada kedekatan jarak untuk tetap kuat.","A portrait-orientation 3:4 illustration in the style of a delicate botanical ink-wash painting on textured paper. Composition: a single old tree at the center with its visible root system branching outward below ground into many smaller distant trees and houses scattered across a wide horizon, roots glowing faintly gold where they connect; a flock of small birds flying between the distant houses to suggest ongoing connection. Palette: deep forest green, warm sepia, muted gold, and pale sky blue on cream paper. Mood: rooted, tender, quietly hopeful across distance. All lettering is grouped together at the very top of the composition for maximum legibility, stacked on a soft solid-color band or gentle scrim so it stays readable against the artwork behind it: the title ""Roots That Reach Far"" first, largest, in an elegant thin serif with slightly extended letterspacing; directly beneath it the smaller subtitle ""Seven days on staying close to extended family across the miles""; and directly beneath the subtitle a compact rounded pill reading ""7 DAYS"" in bold small caps. Nothing else overlaps the illustration below. Mood: rooted, tender, quietly hopeful across distance.","","1","Two Are Better Than One","Berdua Lebih Baik dari Seorang Diri","The writer of Ecclesiastes spent much of the book wrestling honestly with life's difficulties, yet in the middle of that searching he pauses to state something simple and sturdy: two are better than one, because when one falls, the other can help them up. This was written long before phone calls, video chats, or long-haul flights, in a world where extended family often lived within walking distance of one another for an entire lifetime. Today, that same wisdom has to survive a very different reality, one where cousins might live on different continents and grandparents might see grandchildren only once a year.

Distance changes the shape of family life, but it does not change this basic truth. We are still better together than apart, even when together now sometimes means a phone screen instead of a shared table. The value of extended family was never really about physical proximity in the first place; it was about having people who will help you up when you fall, who remember your story across decades, who show up in ways a stranger simply cannot.

It is easy to let distance quietly become disconnection, not through any single decision but through the slow accumulation of missed calls, unanswered messages, and years passing between visits. Ecclesiastes does not shame anyone for the miles between family members; it simply reminds us why the effort to stay connected is worth making in the first place.

As you begin this seven-day plan, think of one extended family member who lives far from you, an aunt, a cousin, a grandparent, and consider what it would mean this week to help them up, even from a distance, through a call, a message, or simply remembering to ask how they are really doing.","Penulis Kitab Pengkhotbah menghabiskan sebagian besar kitab ini bergumul jujur dengan kesulitan hidup, namun di tengah pencarian itu ia berhenti sejenak untuk menyatakan sesuatu yang sederhana dan kokoh: berdua lebih baik daripada seorang diri, karena jika salah satu jatuh, yang lain dapat menolongnya berdiri. Ini ditulis jauh sebelum ada telepon, panggilan video, atau penerbangan jarak jauh, di dunia tempat keluarga besar sering tinggal dalam jarak berjalan kaki satu sama lain seumur hidup mereka. Hari ini, kebijaksanaan yang sama harus bertahan dalam kenyataan yang sangat berbeda, tempat sepupu mungkin tinggal di benua berbeda dan kakek-nenek mungkin hanya bertemu cucu mereka sekali setahun.

Jarak mengubah bentuk kehidupan keluarga, tetapi tidak mengubah kebenaran dasarnya. Kita tetap lebih baik bersama daripada terpisah, meski kini bersama kadang berarti layar telepon, bukan meja makan bersama. Nilai keluarga besar sebenarnya tidak pernah benar-benar soal kedekatan fisik; itu tentang memiliki orang-orang yang akan menolongmu berdiri saat kau jatuh, yang mengingat kisahmu selama puluhan tahun, yang hadir dengan cara yang tidak bisa dilakukan orang asing.

Sangat mudah membiarkan jarak diam-diam berubah menjadi keterputusan hubungan, bukan lewat satu keputusan tunggal tetapi lewat penumpukan perlahan panggilan yang terlewat, pesan yang tak dibalas, dan tahun-tahun yang berlalu di antara kunjungan. Pengkhotbah tidak mempermalukan siapa pun karena jarak antar anggota keluarga; kitab ini hanya mengingatkan kita mengapa usaha untuk tetap terhubung layak diperjuangkan sejak awal.

Saat kau memulai rencana tujuh hari ini, pikirkan satu anggota keluarga besar yang tinggal jauh darimu, seorang bibi, sepupu, atau kakek-nenek, dan pertimbangkan apa artinya minggu ini menolongnya berdiri, bahkan dari jarak jauh, lewat telepon, pesan, atau sekadar mengingat untuk bertanya bagaimana keadaannya yang sebenarnya.","Ecclesiastes 4:9-10 | Two are better than one, because they have a good return for their labor: if either of them falls down, one can help the other up. But pity anyone who falls and has no one to help them up.","Pengkhotbah 4:9-10 | Berdua lebih baik dari pada seorang diri, karena mereka mendapat upah yang baik dalam jerih payah mereka. Karena jikalau salah satu jatuh, yang lain menolong temannya itu, tetapi celakalah orang yang jatuh, yang tidak ditolong temannya.","Which extended family member living far from you comes to mind right now, and what is one small way you could help them up this week?","Anggota keluarga besar mana yang tinggal jauh darimu terlintas dalam pikiranmu sekarang, dan apa satu cara kecil untuk menolongnya berdiri minggu ini?","Lord, thank You that family was never meant to depend on distance to matter. Bring to mind the relatives I have let drift, and give me the initiative to reach across the miles this week. Amen.","Tuhan, terima kasih bahwa keluarga tidak pernah dimaksudkan bergantung pada jarak untuk tetap berarti. Ingatkanlah aku pada kerabat yang telah kubiarkan menjauh, dan berilah aku inisiatif untuk menjangkau melintasi jarak minggu ini. Amin."
"Family","Keluarga","Siblings & Extended Family","Saudara dan Keluarga Besar","Roots That Reach Far","Akar yang Menjangkau Jauh","Seven days on staying close to extended family across the miles","Tujuh hari untuk tetap dekat dengan keluarga besar meski berjauhan","7","Cousins move cities, aunts and uncles grow older, grandchildren are born in places the rest of the family has never visited. This seven-day plan is for anyone whose extended family is scattered by distance, work, or busy seasons of life, offering a biblical vision of family bonds that were never meant to depend on proximity to stay strong.","Sepupu pindah kota, paman dan bibi menua, cucu lahir di tempat yang belum pernah dikunjungi anggota keluarga lainnya. Rencana tujuh hari ini untuk siapa pun yang keluarga besarnya tersebar karena jarak, pekerjaan, atau musim hidup yang sibuk, menawarkan pandangan alkitabiah tentang ikatan keluarga yang tidak pernah dimaksudkan bergantung pada kedekatan jarak untuk tetap kuat.","A portrait-orientation 3:4 illustration in the style of a delicate botanical ink-wash painting on textured paper. Composition: a single old tree at the center with its visible root system branching outward below ground into many smaller distant trees and houses scattered across a wide horizon, roots glowing faintly gold where they connect; a flock of small birds flying between the distant houses to suggest ongoing connection. Palette: deep forest green, warm sepia, muted gold, and pale sky blue on cream paper. Mood: rooted, tender, quietly hopeful across distance. All lettering is grouped together at the very top of the composition for maximum legibility, stacked on a soft solid-color band or gentle scrim so it stays readable against the artwork behind it: the title ""Roots That Reach Far"" first, largest, in an elegant thin serif with slightly extended letterspacing; directly beneath it the smaller subtitle ""Seven days on staying close to extended family across the miles""; and directly beneath the subtitle a compact rounded pill reading ""7 DAYS"" in bold small caps. Nothing else overlaps the illustration below. Mood: rooted, tender, quietly hopeful across distance.","","2","Do Not Forget Hospitality","Jangan Lupa Memberi Tumpangan","The writer of Hebrews links two ideas that might seem separate at first glance: keeping on loving each other as family, and not neglecting hospitality to others, including strangers. But for extended family living across distances, these two commands often become the very same act. Hosting an aunt who is passing through town, opening your home to cousins visiting from another country, or simply making the effort to welcome relatives you rarely see is exactly the kind of ordinary hospitality this passage has in mind.

There is something quietly countercultural about prioritizing hospitality toward extended family in a season of life that often prizes convenience and low-maintenance relationships. It can feel easier to let a visiting relative stay at a hotel, to keep gatherings short, to treat far-off family almost like distant acquaintances rather than people worth the inconvenience of genuine welcome. Hebrews pushes back gently against that instinct.

It also matters that this verse mentions entertaining angels without knowing it. Whatever that means practically, it suggests hospitality carries more spiritual weight than we usually credit it with. Opening a door, setting an extra place at the table, offering a guest room to a cousin between flights, these small acts of welcome can carry blessing far beyond what we notice in the moment.

Consider today whether there is a piece of practical hospitality you could plan for an extended family member this year: an invitation to visit, an offer to host during a holiday, or simply making clear that your door is genuinely open to them whenever distance allows a visit.","Penulis Kitab Ibrani menghubungkan dua gagasan yang mungkin terlihat terpisah pada pandangan pertama: terus mengasihi sesama sebagai saudara, dan tidak melupakan untuk memberi tumpangan kepada orang lain, termasuk orang asing. Namun bagi keluarga besar yang tinggal berjauhan, kedua perintah ini sering menjadi tindakan yang sama persis. Menjamu seorang bibi yang sedang singgah di kota, membuka rumah bagi sepupu yang berkunjung dari negara lain, atau sekadar berusaha menyambut kerabat yang jarang kau temui, adalah persis jenis keramahan sederhana yang dimaksud oleh bagian ini.

Ada sesuatu yang diam-diam melawan arus zaman dalam mengutamakan keramahan terhadap keluarga besar di masa yang sering mengutamakan kenyamanan dan hubungan yang minim beban. Bisa terasa lebih mudah membiarkan kerabat yang berkunjung menginap di hotel, membuat pertemuan singkat, memperlakukan keluarga yang jauh hampir seperti kenalan biasa alih-alih orang yang layak mendapat ketidaknyamanan dari sambutan yang tulus. Ibrani dengan lembut melawan naluri itu.

Penting juga bahwa ayat ini menyebut menjamu malaikat tanpa mengetahuinya. Apa pun makna praktisnya, ini menunjukkan bahwa keramahan membawa bobot rohani lebih besar daripada yang biasa kita sadari. Membuka pintu, menyediakan tempat duduk tambahan di meja makan, menawarkan kamar tamu bagi sepupu yang transit antar penerbangan, tindakan-tindakan kecil penyambutan ini bisa membawa berkat jauh melampaui apa yang kita sadari saat itu.

Renungkan hari ini apakah ada bentuk keramahan praktis yang bisa kau rencanakan untuk anggota keluarga besar tahun ini: undangan untuk berkunjung, tawaran menjadi tuan rumah saat hari raya, atau sekadar membuat jelas bahwa pintumu sungguh terbuka bagi mereka kapan pun jarak memungkinkan kunjungan.","Hebrews 13:1-2 | Keep on loving one another as brothers and sisters. Do not forget to show hospitality to strangers, for by so doing some people have shown hospitality to angels without knowing it.","Ibrani 13:1-2 | Peliharalah kasih persaudaraan! Dan jangan kamu lupa memberi tumpangan kepada orang, sebab dengan berbuat demikian beberapa orang dengan tidak diketahuinya telah menjamu malaikat-malaikat.","What is one concrete act of hospitality you could plan for a far-off relative this year, rather than leaving connection to chance?","Apa satu tindakan keramahan yang konkret yang bisa kau rencanakan untuk kerabat yang jauh tahun ini, alih-alih membiarkan hubungan itu terjadi begitu saja?","Lord, remind me not to let convenience quietly replace hospitality toward my extended family. Give me a generous, welcoming heart, and open real opportunities to host and be hosted by the relatives distance has separated me from. Amen.","Tuhan, ingatkanlah aku agar tidak membiarkan kenyamanan diam-diam menggantikan keramahan terhadap keluarga besarku. Berilah aku hati yang murah dan menyambut, dan bukakanlah kesempatan nyata untuk menjamu dan dijamu oleh kerabat yang telah dipisahkan jarak dariku. Amin."
"Family","Keluarga","Siblings & Extended Family","Saudara dan Keluarga Besar","Roots That Reach Far","Akar yang Menjangkau Jauh","Seven days on staying close to extended family across the miles","Tujuh hari untuk tetap dekat dengan keluarga besar meski berjauhan","7","Cousins move cities, aunts and uncles grow older, grandchildren are born in places the rest of the family has never visited. This seven-day plan is for anyone whose extended family is scattered by distance, work, or busy seasons of life, offering a biblical vision of family bonds that were never meant to depend on proximity to stay strong.","Sepupu pindah kota, paman dan bibi menua, cucu lahir di tempat yang belum pernah dikunjungi anggota keluarga lainnya. Rencana tujuh hari ini untuk siapa pun yang keluarga besarnya tersebar karena jarak, pekerjaan, atau musim hidup yang sibuk, menawarkan pandangan alkitabiah tentang ikatan keluarga yang tidak pernah dimaksudkan bergantung pada kedekatan jarak untuk tetap kuat.","A portrait-orientation 3:4 illustration in the style of a delicate botanical ink-wash painting on textured paper. Composition: a single old tree at the center with its visible root system branching outward below ground into many smaller distant trees and houses scattered across a wide horizon, roots glowing faintly gold where they connect; a flock of small birds flying between the distant houses to suggest ongoing connection. Palette: deep forest green, warm sepia, muted gold, and pale sky blue on cream paper. Mood: rooted, tender, quietly hopeful across distance. All lettering is grouped together at the very top of the composition for maximum legibility, stacked on a soft solid-color band or gentle scrim so it stays readable against the artwork behind it: the title ""Roots That Reach Far"" first, largest, in an elegant thin serif with slightly extended letterspacing; directly beneath it the smaller subtitle ""Seven days on staying close to extended family across the miles""; and directly beneath the subtitle a compact rounded pill reading ""7 DAYS"" in bold small caps. Nothing else overlaps the illustration below. Mood: rooted, tender, quietly hopeful across distance.","","3","One Heart, Many Homes","Satu Hati, Banyak Rumah","The earliest believers in Jerusalem devoted themselves to gathering together, breaking bread in one another's homes, sharing meals with glad and sincere hearts, even though they came from very different households and backgrounds. Their unity did not depend on everyone living under the same roof; it depended on a shared devotion that kept pulling them back toward each other despite their different homes and daily lives.

Extended family scattered across cities or countries can take real encouragement from this pattern. Unity was never meant to require constant physical closeness, only consistent, intentional togetherness, whatever form that takes. For the early church it was daily gatherings in homes. For a modern extended family it might be a weekly family group chat, a rotating video call, a shared prayer request thread, or a tradition of visiting one household each year on a specific holiday.

What stands out most in this passage is the gladness. These were not obligatory gatherings people dreaded attending. They ate together with glad and sincere hearts. That kind of joy is worth aiming for in extended family life too, not gatherings held together by guilt or duty alone, but ones people genuinely look forward to because real warmth and welcome are present there.

Think today about the rhythms your own extended family currently has for staying connected, whether a group chat, an annual reunion, or semi-regular calls, and ask God whether any small adjustment could bring more of that early church gladness into your family's version of staying together.","Orang-orang percaya paling awal di Yerusalem membaktikan diri untuk berkumpul bersama, memecahkan roti di rumah masing-masing, makan bersama dengan hati yang gembira dan tulus, meski mereka berasal dari rumah tangga dan latar belakang yang sangat berbeda. Persatuan mereka tidak bergantung pada semua orang tinggal di bawah atap yang sama; itu bergantung pada pengabdian bersama yang terus menarik mereka kembali satu sama lain meski rumah dan kehidupan sehari-hari mereka berbeda.

Keluarga besar yang tersebar di berbagai kota atau negara bisa mengambil dorongan nyata dari pola ini. Persatuan tidak pernah dimaksudkan mengharuskan kedekatan fisik yang terus-menerus, hanya kebersamaan yang konsisten dan disengaja, dalam bentuk apa pun itu. Bagi jemaat mula-mula itu berarti perkumpulan harian di rumah-rumah. Bagi keluarga besar masa kini itu bisa berarti grup obrolan keluarga mingguan, panggilan video bergiliran, utas doa bersama, atau tradisi mengunjungi satu rumah tangga setiap tahun pada hari raya tertentu.

Yang paling menonjol dari bagian ini adalah kegembiraannya. Ini bukan pertemuan wajib yang orang enggan hadiri. Mereka makan bersama dengan hati yang gembira dan tulus. Jenis sukacita itu layak dituju juga dalam kehidupan keluarga besar, bukan pertemuan yang disatukan hanya oleh rasa bersalah atau kewajiban semata, melainkan pertemuan yang benar-benar dinantikan orang karena kehangatan dan sambutan yang tulus hadir di sana.

Renungkan hari ini ritme apa yang saat ini dimiliki keluarga besarmu untuk tetap terhubung, baik itu grup obrolan, reuni tahunan, atau panggilan yang cukup rutin, dan tanyakan kepada Allah apakah ada penyesuaian kecil yang bisa membawa lebih banyak kegembiraan jemaat mula-mula itu ke dalam versi kebersamaan keluargamu sendiri.","Acts 2:46 | Every day they continued to meet together... They broke bread in their homes and ate together with glad and sincere hearts.","Kisah Para Rasul 2:46 | Dengan bertekun dan dengan sehati mereka berkumpul tiap-tiap hari... Mereka memecahkan roti di rumah masing-masing secara bergilir dan makan bersama-sama dengan gembira dan dengan tulus hati.","What rhythm of staying connected does your extended family currently have, and what small adjustment might bring more genuine gladness into it?","Ritme kebersamaan apa yang saat ini dimiliki keluarga besarmu, dan penyesuaian kecil apa yang mungkin membawa lebih banyak kegembiraan tulus ke dalamnya?","Lord, help my extended family build rhythms of connection that feel like gladness rather than obligation. Even across different homes and cities, knit our hearts together the way You knit the early church together. Amen.","Tuhan, tolonglah keluarga besarku membangun ritme kebersamaan yang terasa seperti kegembiraan, bukan kewajiban. Meski di rumah dan kota yang berbeda, jalinlah hati kami bersama seperti Engkau menjalin jemaat mula-mula. Amin."
"Family","Keluarga","Siblings & Extended Family","Saudara dan Keluarga Besar","Roots That Reach Far","Akar yang Menjangkau Jauh","Seven days on staying close to extended family across the miles","Tujuh hari untuk tetap dekat dengan keluarga besar meski berjauhan","7","Cousins move cities, aunts and uncles grow older, grandchildren are born in places the rest of the family has never visited. This seven-day plan is for anyone whose extended family is scattered by distance, work, or busy seasons of life, offering a biblical vision of family bonds that were never meant to depend on proximity to stay strong.","Sepupu pindah kota, paman dan bibi menua, cucu lahir di tempat yang belum pernah dikunjungi anggota keluarga lainnya. Rencana tujuh hari ini untuk siapa pun yang keluarga besarnya tersebar karena jarak, pekerjaan, atau musim hidup yang sibuk, menawarkan pandangan alkitabiah tentang ikatan keluarga yang tidak pernah dimaksudkan bergantung pada kedekatan jarak untuk tetap kuat.","A portrait-orientation 3:4 illustration in the style of a delicate botanical ink-wash painting on textured paper. Composition: a single old tree at the center with its visible root system branching outward below ground into many smaller distant trees and houses scattered across a wide horizon, roots glowing faintly gold where they connect; a flock of small birds flying between the distant houses to suggest ongoing connection. Palette: deep forest green, warm sepia, muted gold, and pale sky blue on cream paper. Mood: rooted, tender, quietly hopeful across distance. All lettering is grouped together at the very top of the composition for maximum legibility, stacked on a soft solid-color band or gentle scrim so it stays readable against the artwork behind it: the title ""Roots That Reach Far"" first, largest, in an elegant thin serif with slightly extended letterspacing; directly beneath it the smaller subtitle ""Seven days on staying close to extended family across the miles""; and directly beneath the subtitle a compact rounded pill reading ""7 DAYS"" in bold small caps. Nothing else overlaps the illustration below. Mood: rooted, tender, quietly hopeful across distance.","","4","Love That Binds Together","Kasih yang Mempersatukan","Paul lists many virtues believers should put on, compassion, kindness, humility, gentleness, patience, but then names love as something above all of these, the bond that ties everything else together in perfect unity. For a large extended family, this image of love as a binding cord is especially fitting. A big family is naturally full of very different people: different generations, different personalities, different life stages, different opinions about nearly everything from politics to how to cook the holiday meal.

Without love actively holding those differences together, an extended family can slowly fragment into smaller, more comfortable subgroups, the cousins who get along easily staying close while others quietly drift to the edges. Distance only accelerates this natural pull toward fragmentation, since it removes the regular contact that used to paper over disagreements simply through sheer familiarity.

Love, in Paul's sense here, is not primarily a feeling that happens to strong family bonds. It is closer to a deliberate practice, a choice to keep including the relative whose views differ from yours, to keep inviting the cousin who rarely comes, to keep speaking well of family members even when it would be easier to write them off as too different or too difficult.

Today, consider whether there is a family member on the edges of your extended family, someone whose relationship with the wider family has grown thin, and ask God how you might be part of the cord of love that keeps drawing them back toward the center rather than letting the distance quietly win.","Paulus mendaftar banyak kebajikan yang harus dikenakan orang percaya, belas kasihan, kebaikan, kerendahan hati, kelembutan, kesabaran, tetapi kemudian menyebut kasih sebagai sesuatu di atas semuanya, pengikat yang menyatukan segala sesuatu dalam kesempurnaan. Bagi keluarga besar, gambaran kasih sebagai tali pengikat ini sangat sesuai. Keluarga besar secara alami penuh dengan orang-orang yang sangat berbeda: generasi berbeda, kepribadian berbeda, tahap hidup berbeda, pendapat berbeda tentang hampir segala hal, mulai dari politik sampai cara memasak hidangan hari raya.

Tanpa kasih yang secara aktif menyatukan perbedaan-perbedaan itu, keluarga besar bisa perlahan pecah menjadi kelompok-kelompok kecil yang lebih nyaman, sepupu yang mudah akur tetap dekat sementara yang lain diam-diam bergeser ke pinggiran. Jarak hanya mempercepat tarikan alami menuju perpecahan ini, karena ia menghilangkan kontak rutin yang dulu menutupi ketidaksepakatan hanya lewat keakraban semata.

Kasih, dalam pengertian Paulus di sini, bukan terutama perasaan yang kebetulan terjadi pada ikatan keluarga yang kuat. Ini lebih dekat dengan praktik yang disengaja, sebuah pilihan untuk terus melibatkan kerabat yang pandangannya berbeda darimu, terus mengundang sepupu yang jarang datang, terus berbicara baik tentang anggota keluarga bahkan ketika lebih mudah untuk menganggap mereka terlalu berbeda atau terlalu sulit.

Hari ini, pertimbangkan apakah ada anggota keluarga di pinggiran keluarga besarmu, seseorang yang hubungannya dengan keluarga besar telah menipis, dan tanyakan kepada Allah bagaimana kau bisa menjadi bagian dari tali kasih yang terus menariknya kembali ke pusat, alih-alih membiarkan jarak diam-diam menang.","Colossians 3:14 | And over all these virtues put on love, which binds them all together in perfect unity.","Kolose 3:14 | Dan di atas semuanya itu: kenakanlah kasih, sebagai pengikat yang mempersatukan dan menyempurnakan.","Is there a relative who has quietly drifted to the edges of your extended family, and how might you become part of the cord that draws them back?","Adakah kerabat yang diam-diam bergeser ke pinggiran keluarga besarmu, dan bagaimana kau bisa menjadi bagian dari tali yang menariknya kembali?","Lord, clothe our extended family in love that actively binds us together, not just a feeling but a daily practice. Show me who has drifted to the edges, and give me a small way to help draw them back toward the center. Amen.","Tuhan, kenakanlah pada keluarga besar kami kasih yang secara aktif mengikat kami bersama, bukan sekadar perasaan tetapi praktik harian. Tunjukkanlah kepadaku siapa yang telah bergeser ke pinggiran, dan berilah aku cara kecil untuk membantu menariknya kembali ke pusat. Amin."
"Family","Keluarga","Siblings & Extended Family","Saudara dan Keluarga Besar","Roots That Reach Far","Akar yang Menjangkau Jauh","Seven days on staying close to extended family across the miles","Tujuh hari untuk tetap dekat dengan keluarga besar meski berjauhan","7","Cousins move cities, aunts and uncles grow older, grandchildren are born in places the rest of the family has never visited. This seven-day plan is for anyone whose extended family is scattered by distance, work, or busy seasons of life, offering a biblical vision of family bonds that were never meant to depend on proximity to stay strong.","Sepupu pindah kota, paman dan bibi menua, cucu lahir di tempat yang belum pernah dikunjungi anggota keluarga lainnya. Rencana tujuh hari ini untuk siapa pun yang keluarga besarnya tersebar karena jarak, pekerjaan, atau musim hidup yang sibuk, menawarkan pandangan alkitabiah tentang ikatan keluarga yang tidak pernah dimaksudkan bergantung pada kedekatan jarak untuk tetap kuat.","A portrait-orientation 3:4 illustration in the style of a delicate botanical ink-wash painting on textured paper. Composition: a single old tree at the center with its visible root system branching outward below ground into many smaller distant trees and houses scattered across a wide horizon, roots glowing faintly gold where they connect; a flock of small birds flying between the distant houses to suggest ongoing connection. Palette: deep forest green, warm sepia, muted gold, and pale sky blue on cream paper. Mood: rooted, tender, quietly hopeful across distance. All lettering is grouped together at the very top of the composition for maximum legibility, stacked on a soft solid-color band or gentle scrim so it stays readable against the artwork behind it: the title ""Roots That Reach Far"" first, largest, in an elegant thin serif with slightly extended letterspacing; directly beneath it the smaller subtitle ""Seven days on staying close to extended family across the miles""; and directly beneath the subtitle a compact rounded pill reading ""7 DAYS"" in bold small caps. Nothing else overlaps the illustration below. Mood: rooted, tender, quietly hopeful across distance.","","5","Love Covers a Multitude","Kasih Menutupi Banyak Dosa","Peter tells his readers to love each other deeply, because love covers over a multitude of sins. In a large extended family, that multitude is real. Over the years there are misunderstandings at reunions, comments made carelessly at a wedding, old grudges about who helped care for aging parents and who did not, decisions about inheritance or attention that left someone feeling slighted. No extended family reaches adulthood without a fairly long list of small offenses accumulated along the way.

Peter does not tell us to pretend those offenses never happened, and he certainly does not tell us to let genuinely serious harm go unaddressed. But he does point to something powerful: deep, deliberate love has the capacity to cover minor offenses rather than let them fester into permanent grudges. This is especially important for extended family, where the sheer number of relationships multiplies the opportunities for small hurts to accumulate over decades.

Distance can make this harder in one sense, since a misunderstanding over a text message or a missed call can sit unresolved for months without the natural repair that a face-to-face conversation might have provided. But distance can also make it easier, since love that covers does not always require a dramatic confrontation. Sometimes it simply means choosing not to bring up an old slight again, deciding instead to keep showing love as though the matter never happened.

Think today about whether you are holding onto a minor offense from an extended family member, something that was hurtful but not severe, and consider whether love covering it, quietly and without demanding an apology first, might be the freeing choice God is inviting you to make.","Petrus memberi tahu para pembacanya untuk saling mengasihi dengan sungguh-sungguh, sebab kasih menutupi banyak sekali dosa. Dalam keluarga besar, jumlah itu nyata adanya. Selama bertahun-tahun ada kesalahpahaman di reuni, komentar yang diucapkan sembarangan di pesta pernikahan, dendam lama soal siapa yang membantu merawat orang tua yang menua dan siapa yang tidak, keputusan soal warisan atau perhatian yang membuat seseorang merasa disepelekan. Tidak ada keluarga besar yang mencapai usia dewasa tanpa daftar cukup panjang berisi pelanggaran kecil yang terkumpul sepanjang jalan.

Petrus tidak menyuruh kita berpura-pura pelanggaran itu tidak pernah terjadi, dan ia pasti tidak menyuruh kita membiarkan kerugian yang benar-benar serius tidak diselesaikan. Namun ia menunjuk pada sesuatu yang berkuasa: kasih yang dalam dan disengaja memiliki kemampuan untuk menutupi pelanggaran-pelanggaran kecil daripada membiarkannya membusuk menjadi dendam permanen. Ini terutama penting bagi keluarga besar, tempat banyaknya jumlah hubungan melipatgandakan kesempatan bagi luka-luka kecil untuk menumpuk selama puluhan tahun.

Jarak bisa membuat ini lebih sulit dalam satu sisi, karena kesalahpahaman lewat pesan teks atau panggilan yang terlewat bisa mengendap tanpa penyelesaian selama berbulan-bulan tanpa perbaikan alami yang mungkin diberikan oleh percakapan tatap muka. Namun jarak juga bisa membuatnya lebih mudah, karena kasih yang menutupi tidak selalu memerlukan konfrontasi dramatis. Kadang itu hanya berarti memilih untuk tidak mengungkit lagi luka lama, memilih tetap menunjukkan kasih seolah-olah hal itu tidak pernah terjadi.

Renungkan hari ini apakah kau memikul pelanggaran kecil dari seorang anggota keluarga besar, sesuatu yang menyakitkan tetapi tidak berat, dan pertimbangkan apakah kasih yang menutupinya, dengan tenang dan tanpa menuntut permintaan maaf lebih dulu, mungkin adalah pilihan yang membebaskan yang sedang Allah undang kau ambil.","1 Peter 4:8 | Above all, love each other deeply, because love covers over a multitude of sins.","1 Petrus 4:8 | Yang terutama, kasihilah sungguh-sungguh seorang akan yang lain, sebab kasih menutupi banyak sekali dosa.","Is there a small, old offense from an extended family member you have been holding onto that love could simply cover rather than keep replaying?","Adakah pelanggaran kecil dan lama dari seorang anggota keluarga besar yang selama ini kau pegang erat, yang bisa saja ditutupi oleh kasih, alih-alih terus diputar ulang?","Lord, give me a love deep enough to cover the small offenses that have quietly built up in my extended family over the years. Free me from replaying old slights, and let love have the last word instead. Amen.","Tuhan, berilah aku kasih yang cukup dalam untuk menutupi pelanggaran-pelanggaran kecil yang diam-diam menumpuk dalam keluarga besarku selama bertahun-tahun. Bebaskanlah aku dari memutar ulang luka lama, dan biarlah kasih yang mengucapkan kata terakhir. Amin."
"Family","Keluarga","Siblings & Extended Family","Saudara dan Keluarga Besar","Roots That Reach Far","Akar yang Menjangkau Jauh","Seven days on staying close to extended family across the miles","Tujuh hari untuk tetap dekat dengan keluarga besar meski berjauhan","7","Cousins move cities, aunts and uncles grow older, grandchildren are born in places the rest of the family has never visited. This seven-day plan is for anyone whose extended family is scattered by distance, work, or busy seasons of life, offering a biblical vision of family bonds that were never meant to depend on proximity to stay strong.","Sepupu pindah kota, paman dan bibi menua, cucu lahir di tempat yang belum pernah dikunjungi anggota keluarga lainnya. Rencana tujuh hari ini untuk siapa pun yang keluarga besarnya tersebar karena jarak, pekerjaan, atau musim hidup yang sibuk, menawarkan pandangan alkitabiah tentang ikatan keluarga yang tidak pernah dimaksudkan bergantung pada kedekatan jarak untuk tetap kuat.","A portrait-orientation 3:4 illustration in the style of a delicate botanical ink-wash painting on textured paper. Composition: a single old tree at the center with its visible root system branching outward below ground into many smaller distant trees and houses scattered across a wide horizon, roots glowing faintly gold where they connect; a flock of small birds flying between the distant houses to suggest ongoing connection. Palette: deep forest green, warm sepia, muted gold, and pale sky blue on cream paper. Mood: rooted, tender, quietly hopeful across distance. All lettering is grouped together at the very top of the composition for maximum legibility, stacked on a soft solid-color band or gentle scrim so it stays readable against the artwork behind it: the title ""Roots That Reach Far"" first, largest, in an elegant thin serif with slightly extended letterspacing; directly beneath it the smaller subtitle ""Seven days on staying close to extended family across the miles""; and directly beneath the subtitle a compact rounded pill reading ""7 DAYS"" in bold small caps. Nothing else overlaps the illustration below. Mood: rooted, tender, quietly hopeful across distance.","","6","Carry Each Other's Burdens","Bertolong-tolonglah Menanggung Beban","Paul's instruction to the Galatians to carry each other's burdens was written to a community, not merely a household, which makes it especially relevant for extended family scattered across many households. Burdens in a large family show up constantly: a cousin going through a divorce, an uncle facing a health crisis, a grandmother who has recently become a widow and now lives alone, a niece struggling in her first year away at university. Distance does not remove these burdens; it only makes carrying them together more logistically complicated.

Yet burden-bearing across distance is entirely possible, and modern life has actually made it easier than at almost any point in history. A prayer chain can move across continents in seconds. A meal train can be coordinated for a relative recovering from surgery even when family members live in different cities, through calls to local friends or delivery services. Money, cards, video calls, and simple consistent check-ins can all become real, tangible ways of carrying a burden that once required physical presence to bear.

What burden-carrying requires most is not proximity but attentiveness, actually knowing what is happening in the lives of extended family members closely enough to notice when someone is struggling. This is harder across distance, since we do not see tired faces or notice absence from a regular gathering the way we might up close. It takes intentional effort to ask real questions and to actually listen to the answers.

Consider today whether there is an extended family member currently carrying a burden you were unaware of, or aware of but had not yet acted on, and ask God to show you one concrete way to help carry it this week, even from far away.","Perintah Paulus kepada jemaat di Galatia untuk saling menanggung beban ditulis kepada sebuah komunitas, bukan sekadar satu rumah tangga, yang membuatnya sangat relevan bagi keluarga besar yang tersebar di banyak rumah tangga. Beban dalam keluarga besar terus muncul: sepupu yang sedang menjalani perceraian, paman yang menghadapi krisis kesehatan, nenek yang baru menjadi janda dan kini tinggal sendirian, keponakan yang bergumul di tahun pertamanya kuliah di kota lain. Jarak tidak menghilangkan beban-beban ini; ia hanya membuat menanggungnya bersama secara logistik lebih rumit.

Namun menanggung beban lintas jarak sepenuhnya mungkin dilakukan, dan kehidupan modern justru telah membuatnya lebih mudah daripada hampir sepanjang sejarah manusia. Rantai doa bisa bergerak melintasi benua dalam hitungan detik. Bantuan makanan bisa dikoordinasikan bagi kerabat yang pulih dari operasi bahkan ketika anggota keluarga tinggal di kota berbeda, lewat panggilan kepada teman setempat atau layanan pengiriman. Uang, kartu ucapan, panggilan video, dan kabar rutin yang sederhana semuanya bisa menjadi cara nyata dan konkret untuk menanggung beban yang dulu memerlukan kehadiran fisik.

Yang paling dibutuhkan untuk menanggung beban bukanlah kedekatan jarak, melainkan kepekaan, benar-benar mengetahui apa yang terjadi dalam hidup anggota keluarga besar cukup dekat untuk menyadari ketika seseorang sedang bergumul. Ini lebih sulit lintas jarak, karena kita tidak melihat wajah yang lelah atau menyadari ketidakhadiran dari pertemuan rutin sebagaimana kita bisa lakukan dari dekat. Dibutuhkan usaha yang disengaja untuk bertanya dengan sungguh-sungguh dan benar-benar mendengarkan jawabannya.

Renungkan hari ini apakah ada anggota keluarga besar yang saat ini menanggung beban yang belum kau ketahui, atau kau ketahui tetapi belum bertindak, dan mintalah Allah menunjukkan satu cara konkret untuk membantu menanggungnya minggu ini, bahkan dari jauh.","Galatians 6:2 | Carry each other's burdens, and in this way you will fulfill the law of Christ.","Galatia 6:2 | Bertolong-tolonglah menanggung bebanmu! Demikianlah kamu memenuhi hukum Kristus.","Which extended family member might be carrying a burden right now that you could help lighten this week, even from a distance?","Anggota keluarga besar mana yang mungkin sedang menanggung beban saat ini yang bisa kau bantu ringankan minggu ini, bahkan dari jarak jauh?","Lord, sharpen my attentiveness to what my extended family is really carrying, even when distance makes it easy to miss. Show me practical ways to help bear their burdens, and give me the initiative to actually reach out. Amen.","Tuhan, tajamkanlah kepekaanku terhadap apa yang sesungguhnya sedang ditanggung keluarga besarku, bahkan ketika jarak membuatnya mudah terlewat. Tunjukkanlah cara-cara praktis untuk membantu menanggung beban mereka, dan berilah aku inisiatif untuk benar-benar menjangkau mereka. Amin."
"Family","Keluarga","Siblings & Extended Family","Saudara dan Keluarga Besar","Roots That Reach Far","Akar yang Menjangkau Jauh","Seven days on staying close to extended family across the miles","Tujuh hari untuk tetap dekat dengan keluarga besar meski berjauhan","7","Cousins move cities, aunts and uncles grow older, grandchildren are born in places the rest of the family has never visited. This seven-day plan is for anyone whose extended family is scattered by distance, work, or busy seasons of life, offering a biblical vision of family bonds that were never meant to depend on proximity to stay strong.","Sepupu pindah kota, paman dan bibi menua, cucu lahir di tempat yang belum pernah dikunjungi anggota keluarga lainnya. Rencana tujuh hari ini untuk siapa pun yang keluarga besarnya tersebar karena jarak, pekerjaan, atau musim hidup yang sibuk, menawarkan pandangan alkitabiah tentang ikatan keluarga yang tidak pernah dimaksudkan bergantung pada kedekatan jarak untuk tetap kuat.","A portrait-orientation 3:4 illustration in the style of a delicate botanical ink-wash painting on textured paper. Composition: a single old tree at the center with its visible root system branching outward below ground into many smaller distant trees and houses scattered across a wide horizon, roots glowing faintly gold where they connect; a flock of small birds flying between the distant houses to suggest ongoing connection. Palette: deep forest green, warm sepia, muted gold, and pale sky blue on cream paper. Mood: rooted, tender, quietly hopeful across distance. All lettering is grouped together at the very top of the composition for maximum legibility, stacked on a soft solid-color band or gentle scrim so it stays readable against the artwork behind it: the title ""Roots That Reach Far"" first, largest, in an elegant thin serif with slightly extended letterspacing; directly beneath it the smaller subtitle ""Seven days on staying close to extended family across the miles""; and directly beneath the subtitle a compact rounded pill reading ""7 DAYS"" in bold small caps. Nothing else overlaps the illustration below. Mood: rooted, tender, quietly hopeful across distance.","","7","God Sets the Lonely in Families","Allah Memberi Tempat kepada yang Kesepian","The psalmist describes God as one who sets the lonely in families, a beautiful and deliberate image of a God who cares about belonging, not as a nice extra in life but as something He actively arranges. Extended family, at its best, is one of the clearest pictures we have of this on earth: people connected not because they chose each other the way friends do, but because God wove them into the same family tree, generation after generation, whether they live next door or across an ocean.

As this seven-day plan closes, it is worth remembering that geography was never the true measure of family closeness in Scripture. Abraham's family scattered across territories, Joseph lived a continent away from his father and brothers for decades, the early church spread believers across the known world, and yet in each case God kept weaving connection through memory, letters, visits, and shared faith rather than proximity alone.

If your extended family already feels close despite the distance, let this be a day of simple gratitude, thanking God for the relatives who have kept showing up in your life in whatever form distance allows. If your extended family feels scattered, distant, or quietly fraying at the edges, let this be a day of hope rather than discouragement. The God who sets the lonely in families is not finished weaving your family together, no matter how many miles currently sit between you.

Close this plan by naming, specifically, one or two extended family members you want to invest in more intentionally going forward, and commit that intention to God in prayer, trusting Him to keep doing what He has always done: setting people who belong to each other back into the same family, again and again, across every kind of distance.","Sang pemazmur menggambarkan Allah sebagai pribadi yang memberi tempat tinggal kepada orang yang kesepian, sebuah gambaran indah dan disengaja tentang Allah yang peduli pada rasa memiliki, bukan sebagai pelengkap yang menyenangkan dalam hidup, melainkan sesuatu yang secara aktif Ia atur. Keluarga besar, pada intinya yang terbaik, adalah salah satu gambaran paling jelas yang kita miliki di bumi tentang hal ini: orang-orang yang terhubung bukan karena mereka memilih satu sama lain seperti sahabat memilih, melainkan karena Allah menjalin mereka ke dalam pohon keluarga yang sama, generasi demi generasi, entah mereka tinggal bertetangga atau terpisah samudra.

Saat rencana tujuh hari ini berakhir, patut diingat bahwa jarak geografis tidak pernah menjadi ukuran sejati kedekatan keluarga dalam Alkitab. Keluarga Abraham tersebar di berbagai wilayah, Yusuf hidup satu benua jauhnya dari ayah dan saudara-saudaranya selama puluhan tahun, jemaat mula-mula menyebarkan orang percaya ke seluruh dunia yang dikenal saat itu, namun dalam setiap kasus Allah terus menjalin hubungan lewat kenangan, surat, kunjungan, dan iman bersama, bukan sekadar kedekatan jarak.

Jika keluarga besarmu sudah terasa dekat meski berjauhan, biarlah hari ini menjadi hari syukur sederhana, berterima kasih kepada Allah untuk kerabat yang terus hadir dalam hidupmu dalam bentuk apa pun yang dimungkinkan oleh jarak. Jika keluarga besarmu terasa tersebar, berjarak, atau diam-diam mulai renggang di pinggirannya, biarlah hari ini menjadi hari harapan, bukan kekecewaan. Allah yang memberi tempat kepada yang kesepian dalam keluarga belum selesai menjalin keluargamu bersama, tidak peduli berapa banyak kilometer yang saat ini memisahkan kalian.

Tutuplah rencana ini dengan menyebut secara spesifik satu atau dua anggota keluarga besar yang ingin kau perhatikan lebih sungguh-sungguh ke depannya, dan serahkan niat itu kepada Allah dalam doa, percaya bahwa Ia akan terus melakukan apa yang selalu Ia lakukan: menempatkan orang-orang yang saling memiliki kembali ke dalam keluarga yang sama, berulang kali, melintasi jarak dalam bentuk apa pun.","Psalm 68:6 | God sets the lonely in families, he leads out the prisoners with singing; but the rebellious live in a sun-scorched land.","Mazmur 68:7 | Allah memberi tempat tinggal kepada orang yang kesepian, Ia mengeluarkan orang tahanan sehingga mereka bergembira; tetapi pemberontak-pemberontak akan tinggal di tanah yang gundul.","Which one or two extended family members do you want to invest in more intentionally from here, regardless of how many miles separate you?","Satu atau dua anggota keluarga besar mana yang ingin kau perhatikan lebih sungguh-sungguh mulai sekarang, tidak peduli berapa jauh jarak yang memisahkan kalian?","Lord, thank You for setting me into a family, one that stretches across distances You have always been able to bridge. Keep weaving us together, and give me the faithfulness to keep reaching toward the relatives You have placed in my life. Amen.","Tuhan, terima kasih telah menempatkan aku dalam sebuah keluarga, yang membentang melintasi jarak yang selalu bisa Kau jembatani. Teruslah menjalin kami bersama, dan berilah aku kesetiaan untuk terus menjangkau kerabat yang telah Kau tempatkan dalam hidupku. Amin."
"Family","Keluarga","Siblings & Extended Family","Saudara dan Keluarga Besar","A Brother Born for Adversity","Saudara yang Lahir untuk Masa Kesukaran","Three days of gratitude for the brothers and sisters God gave you","Tiga hari bersyukur untuk kakak dan adik yang Allah berikan","3","It is easy to take siblings for granted precisely because they have always been there, woven into the earliest memories we have. This short three-day plan pauses the busyness of ordinary life to genuinely give thanks for brothers and sisters, celebrating the specific, steady, everyday gift of having someone who has known you the longest.","Sangat mudah menganggap kakak dan adik sebagai hal yang biasa saja, justru karena mereka selalu ada, terjalin dalam ingatan paling awal yang kita miliki. Rencana singkat tiga hari ini menghentikan kesibukan hidup sehari-hari untuk sungguh-sungguh bersyukur atas kakak dan adik, merayakan pemberian yang khusus, tetap, dan sehari-hari berupa memiliki seseorang yang telah mengenal kita paling lama.","A portrait-orientation 3:4 illustration in the style of a charming retro travel-poster design with bold flat color blocks and clean vintage typography shapes worked into the scene itself. Composition: two children's silhouettes, hand in hand, running along a sunlit path that transforms partway up into two adult silhouettes still walking together, with a trail of small paper-cutout memories (a kite, a bicycle, a shared umbrella) floating above the path. Palette: warm mustard yellow, coral red, teal blue, and cream, in flat mid-century poster style. Mood: nostalgic, affectionate, warmly celebratory. All lettering is grouped together at the very top of the composition for maximum legibility, stacked on a soft solid-color band or gentle scrim so it stays readable against the artwork behind it: the title ""A Brother Born for Adversity"" first, largest, in a bold retro poster display typeface; directly beneath it the smaller subtitle ""Three days of gratitude for the brothers and sisters God gave you""; and directly beneath the subtitle a compact rounded pill reading ""3 DAYS"" in bold small caps. Nothing else overlaps the illustration below. Mood: nostalgic, affectionate, warmly celebratory.","","1","A Friend Who Loves at All Times","Sahabat yang Mengasihi Setiap Waktu","The book of Proverbs offers a small but striking observation: a friend loves at all times, and a brother is born for a time of adversity. This is not a sentimental line meant only for greeting cards. It is a piece of ancient wisdom noticing something true across cultures and centuries, that siblings occupy a category of relationship almost no one else does. Friends are chosen. Siblings simply exist in your life from a point earlier than memory itself often reaches.

Because siblings arrive without our choosing them, it is easy to take that relationship for granted in a way we rarely take a close friendship for granted. We can go weeks without checking in on a sibling, assuming the bond will simply hold because it always has. Most of the time it does, precisely because siblings tend to show up in adversity in ways few other relationships do, arriving at a hospital, helping move a household, sitting quietly through a hard season without needing much explanation.

Gratitude for a sibling does not require a dramatic story of rescue or crisis to be genuine. It can simply be an honest recognition of steadiness: someone who remembers your childhood home, who laughs at the same old family jokes, who has quietly been present through more of your life than almost anyone else alive. That steadiness is itself a gift worth naming out loud rather than assuming.

Today, take a few minutes to actually think through, and perhaps write down, specific reasons you are grateful for a brother or sister, not vague sentiment but real, particular memories or qualities. Consider whether you could tell them directly this week, rather than only thinking it quietly to yourself.","Kitab Amsal memberikan sebuah pengamatan kecil namun mengena: seorang sahabat menaruh kasih setiap waktu, dan menjadi seorang saudara dalam kesukaran. Ini bukan kalimat sentimental yang hanya cocok untuk kartu ucapan. Ini adalah kebijaksanaan kuno yang menyadari sesuatu yang benar lintas budaya dan zaman, bahwa saudara menempati kategori hubungan yang hampir tidak dimiliki siapa pun yang lain. Sahabat dipilih. Saudara begitu saja hadir dalam hidupmu sejak titik yang lebih awal dari yang bisa dijangkau ingatan sekalipun.

Karena saudara hadir tanpa kita pilih, sangat mudah menganggap hubungan itu sebagai hal biasa dengan cara yang jarang kita lakukan pada persahabatan dekat. Kita bisa melewati berminggu-minggu tanpa mengabari seorang saudara, berasumsi ikatan itu akan tetap bertahan karena selalu begitu. Sebagian besar waktu memang demikian, justru karena saudara cenderung hadir dalam masa kesukaran dengan cara yang jarang dilakukan hubungan lain, datang ke rumah sakit, membantu pindahan rumah, duduk diam menemani masa sulit tanpa perlu banyak penjelasan.

Rasa syukur atas seorang saudara tidak memerlukan kisah dramatis penyelamatan atau krisis untuk menjadi tulus. Ia bisa sekadar pengakuan jujur atas kesetiaan yang tetap: seseorang yang mengingat rumah masa kecilmu, yang tertawa pada lelucon keluarga lama yang sama, yang diam-diam hadir sepanjang lebih banyak bagian hidupmu daripada hampir siapa pun yang masih hidup. Kesetiaan yang tetap itu sendiri adalah pemberian yang layak disebutkan dengan lantang, bukan sekadar dianggap sebagai hal wajar.

Hari ini, luangkan beberapa menit untuk benar-benar memikirkan, dan mungkin menuliskan, alasan-alasan spesifik mengapa kau bersyukur atas seorang kakak atau adik, bukan perasaan yang samar tetapi kenangan atau kualitas yang nyata dan khusus. Pertimbangkan apakah kau bisa mengatakannya langsung kepada mereka minggu ini, alih-alih hanya memikirkannya diam-diam dalam hati.","Proverbs 17:17 | A friend loves at all times, and a brother is born for a time of adversity.","Amsal 17:17 | Seorang sahabat menaruh kasih setiap waktu, dan menjadi seorang saudara dalam kesukaran.","What is one specific, particular reason you are grateful for a brother or sister, and could you tell them so directly this week?","Apa satu alasan spesifik dan khusus mengapa kau bersyukur atas seorang kakak atau adik, dan bisakah kau mengatakannya langsung kepada mereka minggu ini?","Lord, thank You for the specific brothers and sisters You placed in my life. Forgive me for the times I have taken their steady presence for granted, and give me the words to tell them plainly how grateful I am. Amen.","Tuhan, terima kasih untuk kakak dan adik yang khusus Kau tempatkan dalam hidupku. Ampunilah aku untuk saat-saat aku menganggap kehadiran mereka yang setia sebagai hal biasa saja, dan berilah aku kata-kata untuk mengatakan dengan jelas betapa bersyukurnya aku. Amin."
"Family","Keluarga","Siblings & Extended Family","Saudara dan Keluarga Besar","A Brother Born for Adversity","Saudara yang Lahir untuk Masa Kesukaran","Three days of gratitude for the brothers and sisters God gave you","Tiga hari bersyukur untuk kakak dan adik yang Allah berikan","3","It is easy to take siblings for granted precisely because they have always been there, woven into the earliest memories we have. This short three-day plan pauses the busyness of ordinary life to genuinely give thanks for brothers and sisters, celebrating the specific, steady, everyday gift of having someone who has known you the longest.","Sangat mudah menganggap kakak dan adik sebagai hal yang biasa saja, justru karena mereka selalu ada, terjalin dalam ingatan paling awal yang kita miliki. Rencana singkat tiga hari ini menghentikan kesibukan hidup sehari-hari untuk sungguh-sungguh bersyukur atas kakak dan adik, merayakan pemberian yang khusus, tetap, dan sehari-hari berupa memiliki seseorang yang telah mengenal kita paling lama.","A portrait-orientation 3:4 illustration in the style of a charming retro travel-poster design with bold flat color blocks and clean vintage typography shapes worked into the scene itself. Composition: two children's silhouettes, hand in hand, running along a sunlit path that transforms partway up into two adult silhouettes still walking together, with a trail of small paper-cutout memories (a kite, a bicycle, a shared umbrella) floating above the path. Palette: warm mustard yellow, coral red, teal blue, and cream, in flat mid-century poster style. Mood: nostalgic, affectionate, warmly celebratory. All lettering is grouped together at the very top of the composition for maximum legibility, stacked on a soft solid-color band or gentle scrim so it stays readable against the artwork behind it: the title ""A Brother Born for Adversity"" first, largest, in a bold retro poster display typeface; directly beneath it the smaller subtitle ""Three days of gratitude for the brothers and sisters God gave you""; and directly beneath the subtitle a compact rounded pill reading ""3 DAYS"" in bold small caps. Nothing else overlaps the illustration below. Mood: nostalgic, affectionate, warmly celebratory.","","2","Sharper Together","Menjadi Lebih Tajam Bersama","Proverbs also tells us that as iron sharpens iron, one person sharpens another, and few relationships fit this picture as naturally as siblings do. Growing up alongside a brother or sister often means being challenged, corrected, teased, and stretched in ways a more polite acquaintance would never risk. Siblings tend to tell you the truth about yourself, sometimes bluntly, precisely because the relationship is secure enough to survive honesty.

This sharpening is not always comfortable in the moment. A sibling might point out a blind spot you would rather not see, or push back on a decision in a way that stings before it helps. Yet looking back over years of growing up alongside a brother or sister, many people can trace real character growth to those exact friction points, moments where a sibling's honesty, competitiveness, or simple presence forced a kind of maturing that would not have happened alone.

There is also a quieter, gentler form of sharpening: simply being shaped by watching a sibling live their life. A brother's steady faith through a hard season, a sister's generosity, a sibling's work ethic or humor or patience, these qualities rub off on us over years of proximity in ways we rarely consciously notice until we try to describe our own character and realize how much of it was formed alongside them.

Take time today to consider one specific way a sibling has sharpened you, whether through honest correction, quiet example, or the simple friction of growing up together, and thank God for using that particular person to shape who you have become.","Amsal juga memberi tahu kita bahwa besi menajamkan besi, dan orang menajamkan sesamanya, dan tak banyak hubungan yang cocok dengan gambaran ini sealami hubungan bersaudara. Tumbuh besar bersama seorang kakak atau adik sering berarti ditantang, dikoreksi, diejek dengan sayang, dan diregangkan dengan cara yang tak akan pernah diambil risikonya oleh kenalan yang lebih sopan. Saudara cenderung mengatakan kebenaran tentang dirimu, kadang dengan blak-blakan, justru karena hubungan itu cukup aman untuk bertahan dari kejujuran.

Penajaman ini tidak selalu terasa nyaman pada saat itu terjadi. Seorang saudara mungkin menunjuk titik buta yang sebenarnya tak ingin kau lihat, atau menentang sebuah keputusan dengan cara yang menyakitkan sebelum akhirnya menolong. Namun menengok kembali bertahun-tahun tumbuh bersama seorang kakak atau adik, banyak orang bisa menelusuri pertumbuhan karakter sejati mereka pada titik-titik gesekan itu tepatnya, saat kejujuran, sifat kompetitif, atau sekadar kehadiran seorang saudara memaksa semacam kedewasaan yang tak akan terjadi jika sendirian.

Ada juga bentuk penajaman yang lebih tenang dan lembut: sekadar terbentuk oleh menyaksikan seorang saudara menjalani hidupnya. Iman yang teguh dari seorang kakak laki-laki melewati masa sulit, kemurahan hati seorang kakak perempuan, etos kerja atau humor atau kesabaran seorang saudara, kualitas-kualitas ini menular kepada kita selama bertahun-tahun kedekatan dengan cara yang jarang kita sadari secara sadar sampai kita mencoba menggambarkan karakter kita sendiri dan menyadari betapa banyak bagiannya terbentuk bersama mereka.

Luangkan waktu hari ini untuk memikirkan satu cara spesifik seorang saudara telah menajamkanmu, baik lewat koreksi jujur, teladan yang tenang, atau sekadar gesekan tumbuh besar bersama, dan bersyukurlah kepada Allah karena telah memakai orang tertentu itu untuk membentuk siapa dirimu sekarang.","Proverbs 27:17 | As iron sharpens iron, so one person sharpens another.","Amsal 27:17 | Besi menajamkan besi, orang menajamkan sesamanya.","Can you name one specific way a sibling's honesty, example, or presence has shaped or sharpened your character over the years?","Bisakah kau menyebut satu cara spesifik kejujuran, teladan, atau kehadiran seorang saudara telah membentuk atau menajamkan karaktermu selama bertahun-tahun?","Lord, thank You for using my siblings, sometimes gently and sometimes through friction, to sharpen and shape my character. Help me receive their honesty with humility and grow in the ways You intend through this relationship. Amen.","Tuhan, terima kasih telah memakai saudara-saudaraku, kadang dengan lembut dan kadang lewat gesekan, untuk menajamkan dan membentuk karakterku. Tolonglah aku menerima kejujuran mereka dengan rendah hati dan bertumbuh sebagaimana Kau kehendaki lewat hubungan ini. Amin."
"Family","Keluarga","Siblings & Extended Family","Saudara dan Keluarga Besar","A Brother Born for Adversity","Saudara yang Lahir untuk Masa Kesukaran","Three days of gratitude for the brothers and sisters God gave you","Tiga hari bersyukur untuk kakak dan adik yang Allah berikan","3","It is easy to take siblings for granted precisely because they have always been there, woven into the earliest memories we have. This short three-day plan pauses the busyness of ordinary life to genuinely give thanks for brothers and sisters, celebrating the specific, steady, everyday gift of having someone who has known you the longest.","Sangat mudah menganggap kakak dan adik sebagai hal yang biasa saja, justru karena mereka selalu ada, terjalin dalam ingatan paling awal yang kita miliki. Rencana singkat tiga hari ini menghentikan kesibukan hidup sehari-hari untuk sungguh-sungguh bersyukur atas kakak dan adik, merayakan pemberian yang khusus, tetap, dan sehari-hari berupa memiliki seseorang yang telah mengenal kita paling lama.","A portrait-orientation 3:4 illustration in the style of a charming retro travel-poster design with bold flat color blocks and clean vintage typography shapes worked into the scene itself. Composition: two children's silhouettes, hand in hand, running along a sunlit path that transforms partway up into two adult silhouettes still walking together, with a trail of small paper-cutout memories (a kite, a bicycle, a shared umbrella) floating above the path. Palette: warm mustard yellow, coral red, teal blue, and cream, in flat mid-century poster style. Mood: nostalgic, affectionate, warmly celebratory. All lettering is grouped together at the very top of the composition for maximum legibility, stacked on a soft solid-color band or gentle scrim so it stays readable against the artwork behind it: the title ""A Brother Born for Adversity"" first, largest, in a bold retro poster display typeface; directly beneath it the smaller subtitle ""Three days of gratitude for the brothers and sisters God gave you""; and directly beneath the subtitle a compact rounded pill reading ""3 DAYS"" in bold small caps. Nothing else overlaps the illustration below. Mood: nostalgic, affectionate, warmly celebratory.","","3","Patient, Kind, and Keeps No Record","Sabar, Murah Hati, Tak Menyimpan Kesalahan","Paul's famous description of love in his letter to the Corinthians is often read at weddings, yet it was originally written to a quarreling church, and it maps just as naturally onto sibling relationships as onto marriage. Love is patient. Love is kind. It does not envy. It keeps no record of wrongs. Anyone who grew up alongside a brother or sister has watched these qualities get tested repeatedly, at the dinner table, in shared bedrooms, over borrowed belongings, through years of ordinary and sometimes irritating closeness.

What makes this passage a fitting close to a devotion on gratitude for siblings is its final claims: love bears all things, believes all things, hopes all things, endures all things. This is essentially a description of what a good sibling relationship becomes over decades, a bond that survives disagreements, distance, different life paths, and the ordinary friction of being deeply known by someone who watched you at your most unfinished and unpolished, and stayed anyway.

Gratitude for a sibling, at its fullest, is gratitude for this kind of durable love, imperfect and human, but genuinely patient and enduring in a way that mirrors something of God's own steadfast love for us. Every sibling relationship falls short of this description at times; none of us loves as perfectly as this passage describes. But the fact that most siblings keep choosing to stay, to forgive, to show up again after disagreements, reflects a real, if imperfect, echo of the love Paul is describing.

As this short plan closes, spend a moment thanking God specifically for the ways your siblings have loved you patiently over the years, imperfectly but genuinely, and ask Him to help you love them the same way, bearing, believing, hoping, and enduring, for as long as He gives you each other.","Uraian terkenal Paulus tentang kasih dalam suratnya kepada jemaat Korintus sering dibacakan di pernikahan, namun aslinya ditulis untuk jemaat yang sedang bertikai, dan uraian itu sama alaminya berlaku bagi hubungan bersaudara seperti halnya bagi pernikahan. Kasih itu sabar. Kasih itu murah hati. Ia tidak cemburu. Ia tidak menyimpan kesalahan orang lain. Siapa pun yang tumbuh besar bersama seorang kakak atau adik pernah menyaksikan kualitas-kualitas ini diuji berulang kali, di meja makan, di kamar tidur bersama, soal barang yang dipinjam, sepanjang tahun-tahun kedekatan yang biasa dan kadang menjengkelkan.

Yang membuat bagian ini menjadi penutup yang tepat bagi renungan tentang syukur atas saudara adalah pernyataan penutupnya: kasih menutupi segala sesuatu, percaya segala sesuatu, mengharapkan segala sesuatu, sabar menanggung segala sesuatu. Ini pada dasarnya adalah gambaran tentang apa yang menjadi hubungan bersaudara yang baik selama puluhan tahun, ikatan yang bertahan melewati ketidaksepakatan, jarak, jalan hidup yang berbeda, dan gesekan biasa karena dikenal secara dalam oleh seseorang yang menyaksikanmu pada masa paling belum matang dan belum sempurna, dan tetap tinggal.

Rasa syukur atas seorang saudara, dalam bentuknya yang paling penuh, adalah syukur atas kasih yang bertahan lama semacam ini, tidak sempurna dan sangat manusiawi, tetapi sungguh-sungguh sabar dan tahan lama dengan cara yang mencerminkan sedikit dari kasih setia Allah sendiri kepada kita. Setiap hubungan bersaudara kadang jatuh dari gambaran ini; tak satu pun dari kita mengasihi sesempurna yang digambarkan bagian ini. Namun fakta bahwa kebanyakan saudara terus memilih untuk tinggal, untuk mengampuni, untuk kembali hadir setelah ketidaksepakatan, mencerminkan gema nyata, meski tak sempurna, dari kasih yang digambarkan Paulus.

Saat renungan singkat ini berakhir, luangkan waktu bersyukur kepada Allah secara khusus atas cara-cara saudara-saudaramu telah mengasihimu dengan sabar selama bertahun-tahun, tidak sempurna tetapi tulus, dan mintalah Ia menolongmu mengasihi mereka dengan cara yang sama, menanggung, percaya, mengharap, dan sabar bertahan, selama Ia masih memberikan kalian satu sama lain.","1 Corinthians 13:4-7 | Love is patient, love is kind. It does not envy, it does not boast, it is not proud... It always protects, always trusts, always hopes, always perseveres.","1 Korintus 13:4-7 | Kasih itu sabar; kasih itu murah hati; ia tidak cemburu. Ia tidak memegahkan diri dan tidak sombong... Ia menutupi segala sesuatu, percaya segala sesuatu, mengharapkan segala sesuatu, sabar menanggung segala sesuatu.","How have your siblings shown you a patient, enduring love over the years, even imperfectly, and how could you reflect that same love back to them?","Bagaimana saudara-saudaramu telah menunjukkan kasih yang sabar dan tahan lama kepadamu selama bertahun-tahun, meski tak sempurna, dan bagaimana kau bisa memantulkan kasih yang sama kepada mereka?","Father, thank You for the patient, imperfect, enduring love my siblings have shown me over the years. Teach me to love them the same way, bearing with them, believing the best, and staying close for as long as You give us together. Amen.","Bapa, terima kasih atas kasih yang sabar, tak sempurna, dan tahan lama yang telah ditunjukkan saudara-saudaraku kepadaku selama bertahun-tahun. Ajarilah aku mengasihi mereka dengan cara yang sama, menanggung mereka, percaya yang terbaik, dan tetap dekat selama Kau memberikan kami kebersamaan. Amin."
"Family","Keluarga","Family Traditions & Legacy","Tradisi dan Warisan Keluarga","Building an Altar in Your Home","Membangun Altar di Rumah Kita","Five days toward a simple family prayer rhythm","Lima hari menuju ritme doa keluarga yang sederhana","5","Many families long to pray together but never quite know where to start. This five-day plan walks through the small, repeatable habits — a shared grace, a nightly blessing, a quiet corner with a candle and a crucifix — that turn a house into a place where faith is practiced out loud, together, day after ordinary day.","Banyak keluarga rindu berdoa bersama namun bingung harus mulai dari mana. Rencana lima hari ini menelusuri kebiasaan-kebiasaan kecil yang dapat diulang — doa makan bersama, berkat malam, sudut hening dengan lilin dan salib — yang mengubah rumah menjadi tempat di mana iman dihidupi secara nyata, hari demi hari yang biasa.","A cozy watercolor illustration of a modest family dining table at dusk, seen from a gentle overhead-angle perspective: a lit taper candle, a small wooden crucifix propped against a basket of bread, and empty chairs waiting to be filled, soft golden lamplight pooling across a woven tablecloth. Loose, translucent watercolor washes with visible paper texture, warm amber and honey-gold tones layered against deep indigo shadows and touches of terracotta red. The mood is intimate, unhurried, and hopeful, like the last quiet minutes before a family gathers. All lettering is grouped together at the very top of the composition for maximum legibility, stacked on a soft solid-color band or gentle scrim so it stays readable against the artwork behind it: the title ""Building an Altar in Your Home"" first, largest, in a warm hand-lettered serif script; directly beneath it the smaller subtitle ""Five days toward a simple family prayer rhythm""; and directly beneath the subtitle a compact rounded pill reading ""5 DAYS"" in bold small caps. Nothing else overlaps the illustration below. Mood: warm, candlelit, quietly hopeful.","","1","Every House Can Have an Altar","Setiap Rumah Bisa Memiliki Altar","When people hear the word 'altar,' they often picture something reserved for a church sanctuary — marble, gold, incense curling toward a high ceiling. But long before there were church buildings, faith was practiced at kitchen tables and around campfires, in tents and courtyards, wherever a family gathered to remember God together. The altar was never really about the furniture. It was about the family choosing, again and again, to turn toward God in the middle of ordinary life.

Joshua stood before the tribes of Israel late in his life and made a declaration that has echoed through generations of households since: as for me and my house, we will serve the Lord. Notice that he did not say 'as for me and my congregation' or 'as for me and my nation.' He narrowed it down to the smallest, most immediate unit of faith — his own house. That is where the real work of discipleship begins, and it is where it often gets neglected, simply because home feels too familiar, too unceremonious, to feel like a place of worship.

Many families who eventually build a rich prayer life did not start with elaborate rituals. They started with one small, repeated act — a grace before dinner, a blessing traced on a child's forehead before bed, a Bible left open on the counter. Over months and years, these small acts accumulate into something sturdy: a household rhythm that children absorb almost without noticing, the way they absorb a language spoken around them from birth.

This week is an invitation to think of your home not as a building you retreat to after church, but as a small sanctuary in its own right — a place where an altar, however humble, can be built. It does not need to be beautiful yet. It only needs to be there, and to be used.","Ketika orang mendengar kata 'altar,' yang sering terbayang adalah sesuatu yang khusus ada di dalam gereja — marmer, emas, dupa yang mengepul ke langit-langit tinggi. Namun jauh sebelum ada gedung gereja, iman dihidupi di meja makan dan sekitar api unggun, di dalam tenda dan halaman rumah, di mana pun sebuah keluarga berkumpul untuk mengingat Allah bersama. Altar sebenarnya bukan soal perabotan. Altar adalah soal keluarga yang memilih, berulang kali, untuk berpaling kepada Allah di tengah kehidupan yang biasa.

Yosua berdiri di hadapan suku-suku Israel pada masa tuanya dan membuat sebuah pernyataan yang terus bergema melalui generasi rumah tangga sejak saat itu: aku dan seisi rumahku, kami akan beribadah kepada TUHAN. Perhatikan bahwa ia tidak berkata 'aku dan jemaatku' atau 'aku dan bangsaku.' Ia mempersempitnya menjadi unit iman yang paling kecil dan paling dekat — rumahnya sendiri. Di situlah kerja pemuridan yang sesungguhnya dimulai, dan di situ pula sering kali terabaikan, justru karena rumah terasa terlalu akrab, terlalu tanpa upacara, untuk terasa seperti tempat ibadah.

Banyak keluarga yang akhirnya memiliki kehidupan doa yang kaya tidak memulainya dengan ritual yang rumit. Mereka memulai dengan satu tindakan kecil yang diulang — doa sebelum makan malam, berkat yang digurat di dahi anak sebelum tidur, Alkitab yang dibiarkan terbuka di meja dapur. Selama berbulan-bulan dan bertahun-tahun, tindakan-tindakan kecil ini terkumpul menjadi sesuatu yang kokoh: ritme rumah tangga yang diserap anak-anak hampir tanpa disadari, seperti mereka menyerap bahasa yang diucapkan di sekeliling mereka sejak lahir.

Minggu ini adalah undangan untuk memandang rumah kita bukan sebagai bangunan tempat kita beristirahat setelah gereja, melainkan sebagai tempat kudus kecil tersendiri — tempat di mana sebuah altar, sesederhana apa pun, dapat dibangun. Altar itu belum perlu indah. Ia hanya perlu ada, dan digunakan.","Joshua 24:15 | But as for me and my household, we will serve the Lord.","Yosua 24:15 | Tetapi aku dan seisi rumahku, kami akan beribadah kepada TUHAN!","What is one small, repeatable act of faith your household could begin this week?","Apa satu tindakan iman kecil yang bisa diulang, yang dapat dimulai rumah tanggamu minggu ini?","Lord, make our home a place where you are welcome at every table and in every room. Give us the courage to begin, even with something small, and the patience to keep at it until it becomes who we are. Amen.","Tuhan, jadikanlah rumah kami tempat Engkau disambut di setiap meja dan di setiap ruangan. Berikanlah kami keberanian untuk memulai, sekecil apa pun itu, dan kesabaran untuk terus melakukannya hingga menjadi jati diri kami. Amin."
"Family","Keluarga","Family Traditions & Legacy","Tradisi dan Warisan Keluarga","Building an Altar in Your Home","Membangun Altar di Rumah Kita","Five days toward a simple family prayer rhythm","Lima hari menuju ritme doa keluarga yang sederhana","5","Many families long to pray together but never quite know where to start. This five-day plan walks through the small, repeatable habits — a shared grace, a nightly blessing, a quiet corner with a candle and a crucifix — that turn a house into a place where faith is practiced out loud, together, day after ordinary day.","Banyak keluarga rindu berdoa bersama namun bingung harus mulai dari mana. Rencana lima hari ini menelusuri kebiasaan-kebiasaan kecil yang dapat diulang — doa makan bersama, berkat malam, sudut hening dengan lilin dan salib — yang mengubah rumah menjadi tempat di mana iman dihidupi secara nyata, hari demi hari yang biasa.","A cozy watercolor illustration of a modest family dining table at dusk, seen from a gentle overhead-angle perspective: a lit taper candle, a small wooden crucifix propped against a basket of bread, and empty chairs waiting to be filled, soft golden lamplight pooling across a woven tablecloth. Loose, translucent watercolor washes with visible paper texture, warm amber and honey-gold tones layered against deep indigo shadows and touches of terracotta red. The mood is intimate, unhurried, and hopeful, like the last quiet minutes before a family gathers. All lettering is grouped together at the very top of the composition for maximum legibility, stacked on a soft solid-color band or gentle scrim so it stays readable against the artwork behind it: the title ""Building an Altar in Your Home"" first, largest, in a warm hand-lettered serif script; directly beneath it the smaller subtitle ""Five days toward a simple family prayer rhythm""; and directly beneath the subtitle a compact rounded pill reading ""5 DAYS"" in bold small caps. Nothing else overlaps the illustration below. Mood: warm, candlelit, quietly hopeful.","","2","Talk of Him When You Sit and When You Walk","Bicarakan Dia Saat Duduk dan Saat Berjalan","Moses gave Israel one of the most practical instructions for household faith found anywhere in Scripture: impress these commandments on your children, talk about them at home and away, when you lie down and when you get up. What strikes many readers is how ordinary the settings are. Not just in the temple courts, not only on holy days, but at the dinner table, in the car, on the walk to school, at bedtime. Faith was never meant to be confined to special occasions.

This is good news for families who feel they lack the vocabulary or training to lead formal devotions. God is not asking for a seminary lecture at breakfast. He is asking for conversation — the same kind of ordinary talk a family already has about the weather, homework, or what's for dinner, except now including him. A parent who says 'I'm grateful God got us through that today' while doing the dishes is teaching theology just as surely as a catechism class does, perhaps more durably, because it is woven into real life rather than set apart from it.

Children notice what their parents mention unprompted. If God only comes up in church on Sunday, children quietly learn that God belongs to Sunday. But if God's name surfaces naturally on a Tuesday afternoon — thanking him for a safe drive, asking his help before a hard conversation, wondering aloud what he might be teaching through a disappointment — children learn that God belongs everywhere, because their parents clearly believe it.

You do not need a script for this. You need only a habit of noticing God's presence out loud, in the ordinary hours, so that your children grow up assuming — correctly — that faith is not a compartment of life but the air the whole household breathes.","Musa memberikan salah satu instruksi paling praktis tentang iman rumah tangga yang ada dalam Alkitab: ajarkanlah perintah-perintah ini kepada anak-anakmu, bicarakanlah tentangnya di rumah dan dalam perjalanan, saat berbaring dan saat bangun. Yang mencolok bagi banyak pembaca adalah betapa biasanya suasana yang disebutkan. Bukan hanya di pelataran bait Allah, bukan hanya pada hari-hari kudus, tetapi di meja makan, di dalam mobil, dalam perjalanan ke sekolah, saat menjelang tidur. Iman tidak pernah dimaksudkan untuk dibatasi pada momen-momen khusus saja.

Ini adalah kabar baik bagi keluarga yang merasa tidak memiliki kosakata atau pelatihan untuk memimpin devosi formal. Allah tidak meminta ceramah seminari saat sarapan. Ia meminta percakapan — jenis obrolan biasa yang sudah dimiliki sebuah keluarga tentang cuaca, pekerjaan rumah, atau menu makan malam, hanya saja kini menyertakan Dia. Orang tua yang berkata, 'Aku bersyukur Tuhan menolong kita melewati hari ini,' sambil mencuci piring, sedang mengajarkan teologi sama nyatanya seperti kelas katekismus, bahkan mungkin lebih bertahan lama, karena tertenun dalam kehidupan nyata, bukan dipisahkan darinya.

Anak-anak memperhatikan apa yang disebut orang tua mereka tanpa diminta. Jika Allah hanya muncul di gereja pada hari Minggu, anak-anak diam-diam belajar bahwa Allah hanya milik hari Minggu. Namun jika nama Allah muncul secara alami pada suatu siang hari Selasa — bersyukur atas perjalanan yang aman, meminta pertolongan-Nya sebelum percakapan yang sulit, bertanya-tanya apa yang mungkin sedang Ia ajarkan melalui sebuah kekecewaan — anak-anak belajar bahwa Allah ada di mana-mana, karena orang tua mereka jelas mempercayainya.

Kita tidak memerlukan naskah untuk ini. Kita hanya memerlukan kebiasaan menyadari kehadiran Allah secara terucap, dalam jam-jam biasa, sehingga anak-anak kita bertumbuh dengan asumsi yang benar bahwa iman bukanlah satu ruang kehidupan, melainkan udara yang dihirup oleh seluruh rumah tangga.","Deuteronomy 6:6-7 | These commandments that I give you today are to be on your hearts. Impress them on your children. Talk about them when you sit at home and when you walk along the road, when you lie down and when you get up.","Ulangan 6:6-7 | Apa yang kuperintahkan kepadamu pada hari ini haruslah engkau perhatikan, haruslah engkau mengajarkannya berulang-ulang kepada anak-anakmu dan membicarakannya apabila engkau duduk di rumahmu, apabila engkau sedang dalam perjalanan, apabila engkau berbaring dan apabila engkau bangun.","When was the last time God's name came up naturally in your home outside of formal prayer?","Kapan terakhir kali nama Allah muncul secara alami di rumahmu di luar doa formal?","Father, loosen our tongues to speak of you naturally, at the table, on the road, and at bedtime, so our children learn that you belong to every hour of the day. Amen.","Bapa, lepaskanlah lidah kami untuk berbicara tentang-Mu secara alami, di meja makan, dalam perjalanan, dan menjelang tidur, agar anak-anak kami belajar bahwa Engkau ada di setiap jam kehidupan. Amin."
"Family","Keluarga","Family Traditions & Legacy","Tradisi dan Warisan Keluarga","Building an Altar in Your Home","Membangun Altar di Rumah Kita","Five days toward a simple family prayer rhythm","Lima hari menuju ritme doa keluarga yang sederhana","5","Many families long to pray together but never quite know where to start. This five-day plan walks through the small, repeatable habits — a shared grace, a nightly blessing, a quiet corner with a candle and a crucifix — that turn a house into a place where faith is practiced out loud, together, day after ordinary day.","Banyak keluarga rindu berdoa bersama namun bingung harus mulai dari mana. Rencana lima hari ini menelusuri kebiasaan-kebiasaan kecil yang dapat diulang — doa makan bersama, berkat malam, sudut hening dengan lilin dan salib — yang mengubah rumah menjadi tempat di mana iman dihidupi secara nyata, hari demi hari yang biasa.","A cozy watercolor illustration of a modest family dining table at dusk, seen from a gentle overhead-angle perspective: a lit taper candle, a small wooden crucifix propped against a basket of bread, and empty chairs waiting to be filled, soft golden lamplight pooling across a woven tablecloth. Loose, translucent watercolor washes with visible paper texture, warm amber and honey-gold tones layered against deep indigo shadows and touches of terracotta red. The mood is intimate, unhurried, and hopeful, like the last quiet minutes before a family gathers. All lettering is grouped together at the very top of the composition for maximum legibility, stacked on a soft solid-color band or gentle scrim so it stays readable against the artwork behind it: the title ""Building an Altar in Your Home"" first, largest, in a warm hand-lettered serif script; directly beneath it the smaller subtitle ""Five days toward a simple family prayer rhythm""; and directly beneath the subtitle a compact rounded pill reading ""5 DAYS"" in bold small caps. Nothing else overlaps the illustration below. Mood: warm, candlelit, quietly hopeful.","","3","A Blessing Before Bed","Berkat Sebelum Tidur","There is a particular kind of stillness at the end of a day, once the noise of homework and dinner and arguments over screen time has quieted, when a family is most open to a small sacred moment. This is why so many households, across cultures and centuries, have treated bedtime as a natural hinge for prayer. A blessing spoken over a child before sleep — the sign of the cross traced on a forehead, a whispered 'the Lord watch over you tonight' — plants something in a child that outlasts the memory of the words themselves.

Psalm 128 paints a picture of a household that fears the Lord: it describes children like olive shoots around the table, a home marked by blessing that extends from one generation into the next. That image of shoots is worth sitting with. Olive shoots do not appear overnight; they grow slowly around an established tree, drawing from the same root system, becoming part of the same grove. A nightly blessing works the same way — it does not transform a child in a single night, but it draws them, night after night, closer to the root of faith that sustains the whole household.

Some families worry they will get the words wrong, that they are not 'qualified' to bless their own children the way a priest blesses a congregation. But parents were the first blessers in the story of salvation — Isaac blessed Jacob, Jacob blessed each of his twelve sons before he died. Blessing a child is not a clerical function reserved for ordained hands alone; it is a parental one, rooted in the authority God gives every mother and father over the spiritual life of their household.

Tonight, consider trying it if you have not already: a hand on a child's head, a short prayer or even a single sentence of blessing, spoken with sincerity. It costs almost nothing in time. It may be one of the most lasting gifts you ever give.","Ada sebuah kesunyian tertentu di penghujung hari, setelah kebisingan pekerjaan rumah, makan malam, dan perdebatan soal layar gawai mereda, saat sebuah keluarga paling terbuka terhadap momen kudus yang kecil. Inilah sebabnya begitu banyak rumah tangga, lintas budaya dan zaman, memperlakukan waktu tidur sebagai engsel alami untuk berdoa. Sebuah berkat yang diucapkan atas seorang anak sebelum tidur — tanda salib yang digurat di dahi, bisikan 'semoga Tuhan menjagamu malam ini' — menanamkan sesuatu dalam diri anak yang bertahan melampaui ingatan akan kata-katanya sendiri.

Mazmur 128 melukiskan gambaran sebuah rumah tangga yang takut akan TUHAN: menggambarkan anak-anak seperti tunas pohon zaitun di sekeliling meja, sebuah rumah yang ditandai oleh berkat yang menjangkau dari satu generasi ke generasi berikutnya. Gambaran tunas itu layak direnungkan. Tunas zaitun tidak muncul dalam semalam; ia tumbuh perlahan di sekeliling pohon yang sudah mapan, menyerap dari sistem akar yang sama, menjadi bagian dari kebun zaitun yang sama. Berkat yang diucapkan setiap malam bekerja dengan cara serupa — ia tidak mengubah seorang anak dalam satu malam, tetapi ia menarik mereka, malam demi malam, semakin dekat ke akar iman yang menopang seluruh rumah tangga.

Sebagian keluarga khawatir mereka akan salah mengucapkan kata-kata, bahwa mereka tidak 'berwenang' memberkati anak mereka sendiri sebagaimana seorang imam memberkati jemaat. Namun orang tua adalah pemberi berkat pertama dalam kisah keselamatan — Ishak memberkati Yakub, Yakub memberkati masing-masing dari dua belas anaknya sebelum ia wafat. Memberkati seorang anak bukanlah fungsi klerikal yang hanya disediakan bagi tangan yang ditahbiskan; itu adalah fungsi orang tua, berakar pada otoritas yang Allah berikan kepada setiap ibu dan ayah atas kehidupan rohani rumah tangganya.

Malam ini, pertimbangkanlah untuk mencobanya jika belum: sebuah tangan di kepala anak, doa singkat atau bahkan satu kalimat berkat, diucapkan dengan sungguh-sungguh. Itu hampir tidak membutuhkan waktu. Namun itu bisa menjadi salah satu hadiah paling abadi yang pernah kau berikan.","Psalm 128:1,3 | Blessed are all who fear the Lord... Your children will be like olive shoots around your table.","Mazmur 128:1,3 | Berbahagialah setiap orang yang takut akan TUHAN... anak-anakmu seperti tunas pohon zaitun sekeliling mejamu.","Could you offer a spoken blessing over your children or another loved one tonight?","Bisakah engkau mengucapkan berkat atas anak-anakmu atau orang terkasih lainnya malam ini?","Lord, teach me to bless the people you have placed in my care. Let my words at the end of the day be words that plant faith rather than merely end the noise. Amen.","Tuhan, ajarilah aku memberkati orang-orang yang Engkau percayakan dalam pemeliharaanku. Biarlah kata-kataku di penghujung hari menjadi kata-kata yang menanam iman, bukan sekadar mengakhiri kebisingan. Amin."
"Family","Keluarga","Family Traditions & Legacy","Tradisi dan Warisan Keluarga","Building an Altar in Your Home","Membangun Altar di Rumah Kita","Five days toward a simple family prayer rhythm","Lima hari menuju ritme doa keluarga yang sederhana","5","Many families long to pray together but never quite know where to start. This five-day plan walks through the small, repeatable habits — a shared grace, a nightly blessing, a quiet corner with a candle and a crucifix — that turn a house into a place where faith is practiced out loud, together, day after ordinary day.","Banyak keluarga rindu berdoa bersama namun bingung harus mulai dari mana. Rencana lima hari ini menelusuri kebiasaan-kebiasaan kecil yang dapat diulang — doa makan bersama, berkat malam, sudut hening dengan lilin dan salib — yang mengubah rumah menjadi tempat di mana iman dihidupi secara nyata, hari demi hari yang biasa.","A cozy watercolor illustration of a modest family dining table at dusk, seen from a gentle overhead-angle perspective: a lit taper candle, a small wooden crucifix propped against a basket of bread, and empty chairs waiting to be filled, soft golden lamplight pooling across a woven tablecloth. Loose, translucent watercolor washes with visible paper texture, warm amber and honey-gold tones layered against deep indigo shadows and touches of terracotta red. The mood is intimate, unhurried, and hopeful, like the last quiet minutes before a family gathers. All lettering is grouped together at the very top of the composition for maximum legibility, stacked on a soft solid-color band or gentle scrim so it stays readable against the artwork behind it: the title ""Building an Altar in Your Home"" first, largest, in a warm hand-lettered serif script; directly beneath it the smaller subtitle ""Five days toward a simple family prayer rhythm""; and directly beneath the subtitle a compact rounded pill reading ""5 DAYS"" in bold small caps. Nothing else overlaps the illustration below. Mood: warm, candlelit, quietly hopeful.","","4","Wherever Two or Three Gather","Di Mana Dua atau Tiga Berkumpul","Jesus's promise that where two or three gather in his name, he is there among them, is often quoted about church committees and prayer groups. But read it plainly and it applies just as much — arguably more — to a family of four sitting around a kitchen table with bowed heads before a meal. Two or three is not a large crowd. It is a small gathering, the size of most families on an ordinary weeknight. Christ did not set a minimum threshold that excludes the home; he set a minimum that practically guarantees his presence there.

This should reframe how families think about the 'smallness' of their prayer life. A rushed grace before dinner, said by tired parents and distracted children, is not a lesser form of worship compared to a grand liturgy. It is, according to Christ's own words, a gathering in his name that draws his real presence. The size of the altar does not diminish the size of the guest who comes to it.

Many parents feel discouraged because their family prayer feels imperfect — children fidgeting, someone forgetting the words, the whole thing lasting less than a minute. But perfection was never the entry requirement Jesus named. He asked only for gathering in his name. A messy, brief, sincere grace before dinner qualifies completely.

Consider your evening meal this week not as a break from spiritual life but as one of its central altars. However informal it looks, however short the prayer, Christ has committed himself to being present in it.","Janji Yesus bahwa di mana dua atau tiga orang berkumpul dalam nama-Nya, Ia ada di tengah-tengah mereka, sering dikutip untuk komite gereja atau kelompok doa. Namun jika dibaca apa adanya, ayat ini berlaku sama, bahkan mungkin lebih, bagi keluarga beranggotakan empat orang yang duduk mengelilingi meja dapur dengan kepala tertunduk sebelum makan. Dua atau tiga bukanlah kerumunan besar. Itu adalah kumpulan kecil, seukuran kebanyakan keluarga pada malam biasa dalam seminggu. Kristus tidak menetapkan ambang minimum yang mengecualikan rumah; Ia menetapkan ambang minimum yang justru hampir menjamin kehadiran-Nya di sana.

Ini seharusnya mengubah cara keluarga memandang 'kekecilan' kehidupan doa mereka. Doa makan yang terburu-buru, diucapkan oleh orang tua yang lelah dan anak-anak yang teralihkan perhatiannya, bukanlah bentuk ibadah yang lebih rendah dibandingkan liturgi yang megah. Menurut perkataan Kristus sendiri, itu adalah perkumpulan dalam nama-Nya yang menarik kehadiran-Nya yang nyata. Kecilnya altar tidak mengurangi besarnya Tamu yang datang kepadanya.

Banyak orang tua merasa patah semangat karena doa keluarga mereka terasa tidak sempurna — anak-anak gelisah, seseorang lupa kata-katanya, semuanya berlangsung kurang dari semenit. Namun kesempurnaan bukanlah syarat yang disebutkan Yesus. Ia hanya meminta perkumpulan dalam nama-Nya. Doa makan yang berantakan, singkat, namun tulus, sepenuhnya memenuhi syarat itu.

Pertimbangkanlah makan malam keluargamu minggu ini bukan sebagai jeda dari kehidupan rohani, melainkan sebagai salah satu altarnya yang utama. Sekasual apa pun tampilannya, sesingkat apa pun doanya, Kristus telah berkomitmen untuk hadir di dalamnya.","Matthew 18:20 | For where two or three gather in my name, there am I with them.","Matius 18:20 | Sebab di mana dua atau tiga orang berkumpul dalam nama-Ku, di situ Aku ada di tengah-tengah mereka.","What would change if you truly believed Christ was present at your family table tonight?","Apa yang akan berubah jika engkau benar-benar percaya Kristus hadir di meja keluargamu malam ini?","Jesus, thank you for promising to be present even in our smallest, most imperfect gatherings. Meet us at our table tonight, and every night we choose to gather in your name. Amen.","Yesus, terima kasih karena Engkau berjanji untuk hadir bahkan dalam perkumpulan kami yang paling kecil dan tidak sempurna. Jumpailah kami di meja kami malam ini, dan setiap malam kami memilih berkumpul dalam nama-Mu. Amin."
"Family","Keluarga","Family Traditions & Legacy","Tradisi dan Warisan Keluarga","Building an Altar in Your Home","Membangun Altar di Rumah Kita","Five days toward a simple family prayer rhythm","Lima hari menuju ritme doa keluarga yang sederhana","5","Many families long to pray together but never quite know where to start. This five-day plan walks through the small, repeatable habits — a shared grace, a nightly blessing, a quiet corner with a candle and a crucifix — that turn a house into a place where faith is practiced out loud, together, day after ordinary day.","Banyak keluarga rindu berdoa bersama namun bingung harus mulai dari mana. Rencana lima hari ini menelusuri kebiasaan-kebiasaan kecil yang dapat diulang — doa makan bersama, berkat malam, sudut hening dengan lilin dan salib — yang mengubah rumah menjadi tempat di mana iman dihidupi secara nyata, hari demi hari yang biasa.","A cozy watercolor illustration of a modest family dining table at dusk, seen from a gentle overhead-angle perspective: a lit taper candle, a small wooden crucifix propped against a basket of bread, and empty chairs waiting to be filled, soft golden lamplight pooling across a woven tablecloth. Loose, translucent watercolor washes with visible paper texture, warm amber and honey-gold tones layered against deep indigo shadows and touches of terracotta red. The mood is intimate, unhurried, and hopeful, like the last quiet minutes before a family gathers. All lettering is grouped together at the very top of the composition for maximum legibility, stacked on a soft solid-color band or gentle scrim so it stays readable against the artwork behind it: the title ""Building an Altar in Your Home"" first, largest, in a warm hand-lettered serif script; directly beneath it the smaller subtitle ""Five days toward a simple family prayer rhythm""; and directly beneath the subtitle a compact rounded pill reading ""5 DAYS"" in bold small caps. Nothing else overlaps the illustration below. Mood: warm, candlelit, quietly hopeful.","","5","Train Up a Child, and Keep Training","Didiklah Anak, dan Teruslah Mendidik","The book of Proverbs offers a compact but weighty promise: train up a child in the way they should go, and when they are old they will not depart from it. This verse is sometimes misread as a guarantee that faithful parenting produces automatically faithful adults, as if raising children well is a formula with a fixed output. Life, and Scripture elsewhere, is more honest than that — children retain free will, and some who are raised faithfully wander for seasons, sometimes for a lifetime. But the proverb still holds a deep and comforting truth: formation matters, and it lasts, even when its fruit is delayed.

'Train' in the original language carries the sense of dedicating or initiating — the same word used for dedicating a house or a newly built structure. It suggests something deliberate and repeated, not a single conversation but an ongoing formation, much like the daily habits this week has explored: grace at the table, a blessing before bed, God's name spoken naturally throughout the day. None of these are one-time events. They are training, in the sense of shaping a way of life through repetition until it becomes second nature.

Parents who feel they have started this training late, or imperfectly, can take heart. The proverb does not require flawless execution, only faithful direction over time. A household does not need to have had beautiful prayer rituals since infancy for those rituals to matter now. Every family altar that is built today — however late, however small — becomes part of the training a child carries into adulthood.

As this five-day plan closes, consider which single habit you want to carry forward: the family grace, the bedtime blessing, the natural mention of God's presence, the gathering around the table in his name. Pick one. Commit to it not for a week, but for a season. That is how an altar in a home is truly built — not all at once, but by return visits, over years, until the family simply cannot imagine living any other way.","Kitab Amsal menawarkan sebuah janji yang ringkas namun penuh bobot: didiklah orang muda menurut jalan yang patut baginya, maka pada masa tuanya pun ia tidak akan menyimpang dari pada jalan itu. Ayat ini kadang salah dibaca seolah menjanjikan bahwa pengasuhan yang setia otomatis menghasilkan orang dewasa yang setia, seakan membesarkan anak dengan baik adalah rumus dengan hasil yang pasti. Kehidupan, dan bagian lain Alkitab, lebih jujur dari itu — anak-anak tetap memiliki kehendak bebas, dan sebagian yang dibesarkan dengan setia pun mengembara untuk suatu musim, kadang seumur hidup. Namun amsal ini tetap menyimpan kebenaran yang dalam dan menghibur: pembentukan itu penting, dan bertahan lama, bahkan ketika buahnya tertunda.

Kata 'didiklah' dalam bahasa aslinya membawa makna mendedikasikan atau memulakan — kata yang sama digunakan untuk mendedikasikan sebuah rumah atau bangunan yang baru selesai dibangun. Ini menyiratkan sesuatu yang disengaja dan berulang, bukan satu percakapan tunggal melainkan pembentukan yang berkelanjutan, seperti kebiasaan harian yang dieksplorasi minggu ini: doa di meja makan, berkat sebelum tidur, nama Allah yang diucapkan secara alami sepanjang hari. Tidak satu pun dari ini adalah peristiwa sekali jadi. Semuanya adalah pendidikan, dalam arti membentuk cara hidup melalui pengulangan hingga menjadi kebiasaan yang mengakar.

Orang tua yang merasa memulai pendidikan ini terlambat, atau tidak sempurna, dapat bertabahan hati. Amsal ini tidak menuntut pelaksanaan tanpa cela, hanya arah yang setia sepanjang waktu. Sebuah rumah tangga tidak perlu telah memiliki ritual doa yang indah sejak bayi agar ritual itu berarti sekarang. Setiap altar keluarga yang dibangun hari ini — seterlambat apa pun, sekecil apa pun — menjadi bagian dari pendidikan yang dibawa seorang anak hingga dewasa.

Saat rencana lima hari ini ditutup, pertimbangkanlah kebiasaan mana yang ingin engkau bawa terus: doa keluarga, berkat sebelum tidur, penyebutan kehadiran Allah secara alami, perkumpulan di meja dalam nama-Nya. Pilihlah satu. Berkomitmenlah bukan untuk seminggu, melainkan untuk satu musim. Begitulah altar di rumah sungguh dibangun — bukan sekaligus, melainkan melalui kunjungan yang berulang, bertahun-tahun lamanya, hingga keluarga itu tidak lagi bisa membayangkan hidup dengan cara lain.","Proverbs 22:6 | Start children off on the way they should go, and even when they are old they will not turn from it.","Amsal 22:6 | Didiklah orang muda menurut jalan yang patut baginya, maka pada masa tuanya pun ia tidak akan menyimpang dari pada jalan itu.","Which single household habit from this week will you commit to carrying forward for a whole season?","Kebiasaan rumah tangga mana dari minggu ini yang akan engkau komitmenkan untuk dilanjutkan sepanjang satu musim?","Lord, give our family the patience to keep building this altar day by day, trusting that even our smallest, imperfect efforts are shaping hearts that will belong to you for life. Amen.","Tuhan, berikanlah keluarga kami kesabaran untuk terus membangun altar ini hari demi hari, percaya bahwa bahkan usaha kami yang kecil dan tidak sempurna sedang membentuk hati yang akan menjadi milik-Mu seumur hidup. Amin."
"Family","Keluarga","Family Traditions & Legacy","Tradisi dan Warisan Keluarga","Passing the Flame to the Next Generation","Menyalurkan Nyala Api kepada Generasi Berikutnya","Seven days on handing down faith to your children and grandchildren","Tujuh hari tentang mewariskan iman kepada anak dan cucu","7","Faith that is not shared tends to end with the person who holds it. This seven-day plan draws on the story of Timothy — raised in faith by his mother and grandmother — to explore how grandparents, parents, and mentors can intentionally, patiently, and hopefully pass the flame of faith to the generation coming up behind them.","Iman yang tidak dibagikan cenderung berakhir bersama orang yang memilikinya. Rencana tujuh hari ini mengambil kisah Timotius — yang dibesarkan dalam iman oleh ibu dan neneknya — untuk mendalami bagaimana kakek-nenek, orang tua, dan pembimbing rohani dapat dengan sengaja, sabar, dan penuh pengharapan menyalurkan nyala api iman kepada generasi yang datang setelah mereka.","A gentle gouache illustration in a folk-art style: an elderly grandmother's weathered hand cupped around a small glowing candle flame, passing it toward a child's smaller open hand reaching up from below, both hands rendered with soft rounded brushwork against a simple night-blue background scattered with a few naive hand-painted stars. Flat matte gouache textures, warm palette of candlelight amber, dusty rose, and deep midnight blue, with cream-colored highlights. The mood is tender, hopeful, and quietly ceremonial, like a blessing passed hand to hand. All lettering is grouped together at the very top of the composition for maximum legibility, stacked on a soft solid-color band or gentle scrim so it stays readable against the artwork behind it: the title ""Passing the Flame to the Next Generation"" first, largest, in a rounded folk-art hand-lettered typeface; directly beneath it the smaller subtitle ""Seven days on handing down faith to your children and grandchildren""; and directly beneath the subtitle a compact rounded pill reading ""7 DAYS"" in bold small caps. Nothing else overlaps the illustration below. Mood: tender, hopeful, quietly ceremonial.","","1","A Faith That Lived First in Grandmother","Iman yang Pertama Kali Hidup dalam Diri Sang Nenek","Paul's second letter to Timothy contains a small, tender detail easy to overlook amid its larger themes: I am reminded of your sincere faith, which first lived in your grandmother Lois and in your mother Eunice, and I am persuaded now lives in you also. In just one sentence, Paul traces faith across three generations — grandmother, mother, and young disciple — as though it were a single flame carried carefully from one set of hands to another, never extinguished, only transferred.

We know very little about Lois beyond this verse. Scripture does not record a sermon she preached or a miracle she performed. What it records is quieter and, in some ways, more remarkable: that her faith was sincere enough, and lived out consistently enough, that decades later the apostle Paul could point to her as the origin point of a faith that was now equipping a young pastor for ministry across the Roman world. Lois never knew, in her lifetime, how far her quiet faithfulness would travel.

This is worth sitting with if you are a grandparent, or becoming one, wondering whether your influence still matters in a world that moves so fast around you. You may never see the full harvest of what you plant in a grandchild. Lois likely never did. But faith planted sincerely in a small life has a way of outliving the planter, surfacing years later in a grown grandchild's own convictions, sometimes in ways the grandparent never lived to witness.

Today, simply notice: whose faith first lived in you? And whose faith might first live in someone watching you now? The chain Paul describes did not require fame or eloquence. It required only sincerity, lived consistently, in view of a child who was paying more attention than anyone realized.","Surat kedua Paulus kepada Timotius memuat sebuah detail kecil yang lembut, mudah terlewat di tengah tema-tema besarnya: aku teringat akan imanmu yang tulus ikhlas, iman yang pertama-tama hidup di dalam nenekmu Lois dan ibumu Eunike, dan aku yakin hidup juga di dalam dirimu. Dalam satu kalimat saja, Paulus menelusuri iman melintasi tiga generasi — nenek, ibu, dan murid muda — seolah itu adalah satu nyala api yang dibawa dengan hati-hati dari satu tangan ke tangan berikutnya, tidak pernah padam, hanya berpindah.

Kita hanya mengetahui sedikit tentang Lois di luar ayat ini. Alkitab tidak mencatat khotbah yang ia sampaikan atau mukjizat yang ia lakukan. Yang tercatat lebih tenang, dan dalam beberapa hal, lebih luar biasa: bahwa imannya cukup tulus, dan dihidupi dengan cukup konsisten, sehingga puluhan tahun kemudian rasul Paulus dapat menunjuknya sebagai titik asal iman yang kini sedang membekali seorang gembala muda untuk pelayanan di seluruh dunia Romawi. Lois tidak pernah tahu, semasa hidupnya, seberapa jauh kesetiaannya yang tenang itu akan menjangkau.

Hal ini layak direnungkan jika engkau seorang kakek atau nenek, atau akan menjadi kakek-nenek, yang bertanya-tanya apakah pengaruhmu masih berarti di dunia yang bergerak begitu cepat di sekelilingmu. Engkau mungkin tidak akan pernah melihat penuaian penuh dari apa yang kau tanam dalam diri seorang cucu. Lois kemungkinan besar tidak pernah melihatnya. Namun iman yang ditanam dengan tulus dalam kehidupan kecil memiliki cara untuk bertahan lebih lama dari sang penanam, muncul kembali bertahun-tahun kemudian dalam keyakinan seorang cucu yang telah dewasa, kadang dengan cara yang tidak pernah disaksikan sang kakek atau nenek.

Hari ini, sadarilah saja: iman siapakah yang pertama kali hidup dalam dirimu? Dan iman siapakah yang mungkin pertama kali hidup dalam diri seseorang yang sedang memperhatikanmu sekarang? Rantai yang digambarkan Paulus tidak membutuhkan ketenaran atau kefasihan bicara. Ia hanya membutuhkan ketulusan, yang dihidupi secara konsisten, di hadapan seorang anak yang memperhatikan lebih banyak dari yang disadari siapa pun.","2 Timothy 1:5 | I am reminded of your sincere faith, which first lived in your grandmother Lois and in your mother Eunice and, I am persuaded, now lives in you also.","2 Timotius 1:5 | Sebab aku teringat akan imanmu yang tulus ikhlas, iman yang pertama-tama hidup di dalam nenekmu Lois dan di dalam ibumu Eunike dan yang aku yakin hidup juga di dalam dirimu.","Whose sincere faith first lived in you, and did they ever know its full impact?","Iman tulus siapakah yang pertama kali hidup dalam dirimu, dan apakah mereka pernah tahu betapa besar dampaknya?","Lord, thank you for the Lois in my own story — the quiet, faithful people whose lives first showed me yours. Let my own sincerity now become a starting point for someone else. Amen.","Tuhan, terima kasih untuk sosok Lois dalam kisah hidupku sendiri — orang-orang yang tenang dan setia yang hidupnya pertama kali menunjukkan Engkau kepadaku. Biarlah ketulusanku kini menjadi titik awal bagi orang lain. Amin."
"Family","Keluarga","Family Traditions & Legacy","Tradisi dan Warisan Keluarga","Passing the Flame to the Next Generation","Menyalurkan Nyala Api kepada Generasi Berikutnya","Seven days on handing down faith to your children and grandchildren","Tujuh hari tentang mewariskan iman kepada anak dan cucu","7","Faith that is not shared tends to end with the person who holds it. This seven-day plan draws on the story of Timothy — raised in faith by his mother and grandmother — to explore how grandparents, parents, and mentors can intentionally, patiently, and hopefully pass the flame of faith to the generation coming up behind them.","Iman yang tidak dibagikan cenderung berakhir bersama orang yang memilikinya. Rencana tujuh hari ini mengambil kisah Timotius — yang dibesarkan dalam iman oleh ibu dan neneknya — untuk mendalami bagaimana kakek-nenek, orang tua, dan pembimbing rohani dapat dengan sengaja, sabar, dan penuh pengharapan menyalurkan nyala api iman kepada generasi yang datang setelah mereka.","A gentle gouache illustration in a folk-art style: an elderly grandmother's weathered hand cupped around a small glowing candle flame, passing it toward a child's smaller open hand reaching up from below, both hands rendered with soft rounded brushwork against a simple night-blue background scattered with a few naive hand-painted stars. Flat matte gouache textures, warm palette of candlelight amber, dusty rose, and deep midnight blue, with cream-colored highlights. The mood is tender, hopeful, and quietly ceremonial, like a blessing passed hand to hand. All lettering is grouped together at the very top of the composition for maximum legibility, stacked on a soft solid-color band or gentle scrim so it stays readable against the artwork behind it: the title ""Passing the Flame to the Next Generation"" first, largest, in a rounded folk-art hand-lettered typeface; directly beneath it the smaller subtitle ""Seven days on handing down faith to your children and grandchildren""; and directly beneath the subtitle a compact rounded pill reading ""7 DAYS"" in bold small caps. Nothing else overlaps the illustration below. Mood: tender, hopeful, quietly ceremonial.","","2","Scriptures You Have Known from Infancy","Kitab Suci yang Kaukenal Sejak Masa Kanak-Kanak","Paul reminds Timothy that from infancy he has known the Holy Scriptures, which are able to make him wise for salvation through faith in Christ Jesus. The word 'infancy' is worth pausing on. Timothy was not introduced to Scripture as a teenager making a personal decision, nor as an adult convert weighing evidence. He was introduced to it in the cradle, before he could form memories, absorbing it the way infants absorb everything: through repetition, presence, and the voices of people who loved him.

This is one of the most encouraging truths for parents and grandparents raising very young children, who sometimes wonder whether reading Bible stories to a toddler who cannot yet follow the plot is worth the effort. Timothy's story suggests it is worth far more than it appears. A child does not need to understand every word of a psalm or a parable for that psalm or parable to be taking root. What they absorb first is not doctrine but atmosphere — the sense that Scripture is a normal, beloved, frequently-visited part of their world, read by voices they trust.

Later, as understanding grows, that early exposure becomes scaffolding. The stories heard in infancy resurface in adolescence and adulthood with new depth, because the words were never foreign to begin with. Many adults who return to faith after a wandering season describe this exact phenomenon — a sense that the Scriptures felt like coming home rather than starting from scratch, precisely because someone had planted them early, long before the child could have chosen it for themselves.

If you are raising or grandparenting young children, today is an invitation to treat Scripture-sharing as less about comprehension and more about presence. Read the story even if they cannot yet explain it back to you. You are not wasting the words. You are laying scaffolding for a wisdom Paul says can lead all the way to salvation.","Paulus mengingatkan Timotius bahwa sejak masa kanak-kanak ia telah mengenal Kitab Suci yang dapat memberinya hikmat dan menuntunnya kepada keselamatan oleh iman kepada Kristus Yesus. Kata 'sejak masa kanak-kanak' layak direnungkan sejenak. Timotius tidak diperkenalkan kepada Kitab Suci sebagai remaja yang membuat keputusan pribadi, atau sebagai orang dewasa yang baru bertobat dan sedang menimbang bukti. Ia diperkenalkan kepadanya sejak dalam buaian, sebelum ia mampu membentuk ingatan, menyerapnya sebagaimana bayi menyerap segala sesuatu: melalui pengulangan, kehadiran, dan suara-suara orang yang mengasihinya.

Ini adalah salah satu kebenaran paling menguatkan bagi orang tua dan kakek-nenek yang membesarkan anak-anak sangat kecil, yang kadang bertanya-tanya apakah membacakan kisah Alkitab kepada balita yang belum bisa mengikuti alur cerita itu sepadan dengan usahanya. Kisah Timotius menunjukkan bahwa itu jauh lebih berharga dari yang tampak. Seorang anak tidak perlu memahami setiap kata dari sebuah mazmur atau perumpamaan agar mazmur atau perumpamaan itu mulai berakar. Yang pertama kali mereka serap bukanlah doktrin, melainkan suasana — kesan bahwa Kitab Suci adalah bagian normal, dicintai, dan sering dikunjungi dalam dunia mereka, dibacakan oleh suara-suara yang mereka percayai.

Kemudian, seiring bertumbuhnya pemahaman, paparan awal itu menjadi rangka penopang. Kisah-kisah yang didengar sejak kanak-kanak muncul kembali pada masa remaja dan dewasa dengan kedalaman baru, karena kata-kata itu tidak pernah terasa asing sejak awal. Banyak orang dewasa yang kembali kepada iman setelah suatu masa mengembara menggambarkan fenomena ini persis — kesan bahwa Kitab Suci terasa seperti pulang ke rumah, bukan memulai dari nol, justru karena seseorang telah menanamkannya sejak dini, jauh sebelum sang anak sendiri bisa memilihnya.

Jika engkau sedang membesarkan atau menjadi kakek-nenek bagi anak-anak kecil, hari ini adalah undangan untuk memperlakukan berbagi Kitab Suci sebagai soal kehadiran, bukan hanya pemahaman. Bacakan kisahnya meski mereka belum bisa menjelaskannya kembali kepadamu. Engkau tidak sedang menyia-nyiakan kata-kata itu. Engkau sedang membangun rangka penopang bagi hikmat yang, menurut Paulus, dapat menuntun hingga kepada keselamatan.","2 Timothy 3:15 | From infancy you have known the Holy Scriptures, which are able to make you wise for salvation through faith in Christ Jesus.","2 Timotius 3:15 | Ingatlah juga bahwa dari kecil engkau sudah mengenal Kitab Suci yang dapat memberi hikmat kepadamu dan menuntun engkau kepada keselamatan oleh iman kepada Kristus Yesus.","How can you make Scripture a normal, loved presence in a young child's world this week, even before they fully understand it?","Bagaimana engkau dapat menjadikan Kitab Suci sebagai kehadiran yang normal dan dicintai dalam dunia seorang anak kecil minggu ini, bahkan sebelum mereka sepenuhnya memahaminya?","Lord, help me plant your word early and often in the children I love, trusting that even what they cannot yet understand is taking root for a lifetime. Amen.","Tuhan, tolonglah aku menanam firman-Mu sejak dini dan berulang kali dalam diri anak-anak yang kukasihi, percaya bahwa bahkan apa yang belum bisa mereka pahami sedang berakar untuk seumur hidup. Amin."
"Family","Keluarga","Family Traditions & Legacy","Tradisi dan Warisan Keluarga","Passing the Flame to the Next Generation","Menyalurkan Nyala Api kepada Generasi Berikutnya","Seven days on handing down faith to your children and grandchildren","Tujuh hari tentang mewariskan iman kepada anak dan cucu","7","Faith that is not shared tends to end with the person who holds it. This seven-day plan draws on the story of Timothy — raised in faith by his mother and grandmother — to explore how grandparents, parents, and mentors can intentionally, patiently, and hopefully pass the flame of faith to the generation coming up behind them.","Iman yang tidak dibagikan cenderung berakhir bersama orang yang memilikinya. Rencana tujuh hari ini mengambil kisah Timotius — yang dibesarkan dalam iman oleh ibu dan neneknya — untuk mendalami bagaimana kakek-nenek, orang tua, dan pembimbing rohani dapat dengan sengaja, sabar, dan penuh pengharapan menyalurkan nyala api iman kepada generasi yang datang setelah mereka.","A gentle gouache illustration in a folk-art style: an elderly grandmother's weathered hand cupped around a small glowing candle flame, passing it toward a child's smaller open hand reaching up from below, both hands rendered with soft rounded brushwork against a simple night-blue background scattered with a few naive hand-painted stars. Flat matte gouache textures, warm palette of candlelight amber, dusty rose, and deep midnight blue, with cream-colored highlights. The mood is tender, hopeful, and quietly ceremonial, like a blessing passed hand to hand. All lettering is grouped together at the very top of the composition for maximum legibility, stacked on a soft solid-color band or gentle scrim so it stays readable against the artwork behind it: the title ""Passing the Flame to the Next Generation"" first, largest, in a rounded folk-art hand-lettered typeface; directly beneath it the smaller subtitle ""Seven days on handing down faith to your children and grandchildren""; and directly beneath the subtitle a compact rounded pill reading ""7 DAYS"" in bold small caps. Nothing else overlaps the illustration below. Mood: tender, hopeful, quietly ceremonial.","","3","Tell It to Your Children, and Their Children","Ceritakanlah kepada Anak-Anakmu, dan kepada Anak-Anak Mereka","The psalmist writes of things heard and known, things our ancestors have told us, that we will not hide from our children, but tell to the next generation the praiseworthy deeds of the Lord. This psalm is essentially a mission statement for spiritual legacy: the point of remembering God's faithfulness is never to keep it privately for yourself, but to relay it forward, generation after generation, like a message passed down a long line of runners.

Every family carries stories of God's faithfulness, even if members rarely think of them that way. The unexpected provision during a hard season. The illness that turned around against the odds. The moment a wayward relative returned. The quiet sense of peace during a funeral that felt too big to survive. These stories, told and retold at holidays and gatherings, are not merely family lore — they are, in the psalmist's terms, the praiseworthy deeds of the Lord, and children who hear them repeatedly absorb a theology of a God who acts in real history, in their own family's history, not just in ancient Israel's.

Grandparents in particular carry a unique storehouse of these stories, often spanning decades a grandchild has no other access to. A grandchild cannot personally witness the years before their own birth, but they can hear about them, and hearing repeatedly builds a kind of inherited memory — a sense of belonging to a family whose God has proven faithful long before they arrived.

Consider, this week, telling one story of God's faithfulness to a younger family member — not as a lecture, but simply as a story, the way you might tell any other memory. You may be doing exactly what the psalmist describes: refusing to hide it, and instead handing the next generation one more reason to trust the God who has already proven himself in your family's history.","Pemazmur menulis tentang hal-hal yang telah didengar dan diketahui, yang telah diceritakan oleh nenek moyang kita, yang tidak akan disembunyikan dari anak-anak kita, melainkan diceritakan kepada angkatan yang kemudian tentang puji-pujian TUHAN. Mazmur ini pada dasarnya adalah pernyataan misi untuk warisan rohani: tujuan mengingat kesetiaan Allah bukanlah untuk menyimpannya sendiri secara pribadi, melainkan untuk meneruskannya, generasi demi generasi, seperti pesan yang diteruskan sepanjang barisan pelari yang panjang.

Setiap keluarga membawa kisah-kisah kesetiaan Allah, meski anggota keluarganya jarang memikirkannya seperti itu. Pertolongan tak terduga di masa sulit. Penyakit yang berbalik pulih di luar dugaan. Momen seorang kerabat yang tersesat akhirnya kembali. Kedamaian yang tenang saat pemakaman yang tampak terlalu berat untuk dilalui. Kisah-kisah ini, yang diceritakan dan diceritakan kembali saat hari raya dan pertemuan keluarga, bukan sekadar cerita rakyat keluarga — mereka adalah, dalam istilah pemazmur, puji-pujian TUHAN, dan anak-anak yang mendengarnya berulang kali menyerap sebuah teologi tentang Allah yang bertindak dalam sejarah nyata, dalam sejarah keluarga mereka sendiri, bukan hanya dalam Israel kuno.

Kakek-nenek khususnya membawa gudang kisah yang unik, sering kali mencakup puluhan tahun yang tidak dapat diakses cucu mereka dengan cara lain. Seorang cucu tidak dapat menyaksikan sendiri tahun-tahun sebelum ia lahir, tetapi mereka dapat mendengarnya, dan mendengar berulang kali membangun semacam ingatan yang diwariskan — rasa memiliki keluarga yang Allahnya telah terbukti setia jauh sebelum mereka tiba.

Pertimbangkanlah, minggu ini, untuk menceritakan satu kisah kesetiaan Allah kepada anggota keluarga yang lebih muda — bukan sebagai ceramah, melainkan sekadar cerita, seperti engkau menceritakan kenangan lainnya. Engkau mungkin sedang melakukan tepat seperti yang digambarkan pemazmur: menolak untuk menyembunyikannya, dan sebaliknya memberi generasi berikutnya satu alasan lagi untuk mempercayai Allah yang telah membuktikan diri-Nya dalam sejarah keluargamu.","Psalm 78:4 | We will not hide them from their descendants; we will tell the next generation the praiseworthy deeds of the Lord, his power, and the wonders he has done.","Mazmur 78:4 | Kami tidak menyembunyikannya terhadap anak-anak mereka, tetapi kami akan menceritakan kepada angkatan yang kemudian puji-pujian kepada TUHAN dan kekuatan-Nya dan perbuatan-perbuatan ajaib yang telah dilakukan-Nya.","What is one story of God's faithfulness in your family that a younger relative may never have heard?","Apa satu kisah kesetiaan Allah dalam keluargamu yang mungkin belum pernah didengar oleh kerabat yang lebih muda?","Lord, remind me of the ways you have been faithful to my family, and give me the courage to tell those stories to the ones coming after me. Amen.","Tuhan, ingatkanlah aku akan cara-cara Engkau setia kepada keluargaku, dan berikanlah aku keberanian untuk menceritakan kisah-kisah itu kepada mereka yang datang setelahku. Amin."
"Family","Keluarga","Family Traditions & Legacy","Tradisi dan Warisan Keluarga","Passing the Flame to the Next Generation","Menyalurkan Nyala Api kepada Generasi Berikutnya","Seven days on handing down faith to your children and grandchildren","Tujuh hari tentang mewariskan iman kepada anak dan cucu","7","Faith that is not shared tends to end with the person who holds it. This seven-day plan draws on the story of Timothy — raised in faith by his mother and grandmother — to explore how grandparents, parents, and mentors can intentionally, patiently, and hopefully pass the flame of faith to the generation coming up behind them.","Iman yang tidak dibagikan cenderung berakhir bersama orang yang memilikinya. Rencana tujuh hari ini mengambil kisah Timotius — yang dibesarkan dalam iman oleh ibu dan neneknya — untuk mendalami bagaimana kakek-nenek, orang tua, dan pembimbing rohani dapat dengan sengaja, sabar, dan penuh pengharapan menyalurkan nyala api iman kepada generasi yang datang setelah mereka.","A gentle gouache illustration in a folk-art style: an elderly grandmother's weathered hand cupped around a small glowing candle flame, passing it toward a child's smaller open hand reaching up from below, both hands rendered with soft rounded brushwork against a simple night-blue background scattered with a few naive hand-painted stars. Flat matte gouache textures, warm palette of candlelight amber, dusty rose, and deep midnight blue, with cream-colored highlights. The mood is tender, hopeful, and quietly ceremonial, like a blessing passed hand to hand. All lettering is grouped together at the very top of the composition for maximum legibility, stacked on a soft solid-color band or gentle scrim so it stays readable against the artwork behind it: the title ""Passing the Flame to the Next Generation"" first, largest, in a rounded folk-art hand-lettered typeface; directly beneath it the smaller subtitle ""Seven days on handing down faith to your children and grandchildren""; and directly beneath the subtitle a compact rounded pill reading ""7 DAYS"" in bold small caps. Nothing else overlaps the illustration below. Mood: tender, hopeful, quietly ceremonial.","","4","So That You and Your Children May Fear the Lord","Supaya Engkau dan Anak-Anakmu Takut akan TUHAN","Moses instructs Israel to be careful, watching themselves closely, so that they do not forget the things their eyes have seen, nor let them slip from their hearts as long as they live — and to teach them to their children and their children after them. What is notable here is the two-part instruction: first, watch yourself, guard your own memory and faith; second, teach it forward. Legacy always begins with personal fidelity before it can become inheritance for someone else.

It is tempting to focus entirely on the second half — the teaching, the passing down — while neglecting the first. But a grandparent or parent cannot hand down a faith they themselves have let slip. The instruction to watch yourself closely is not selfish caution; it is the necessary foundation of any legacy worth leaving. You cannot pour from an empty vessel, and you cannot pass on a fire that has gone out in your own life.

This is a gentle but important word for anyone who has felt their own faith cooling while trying to nurture faith in children or grandchildren. The most honest gift you can give the next generation is not a perfect performance of piety, but a real, tended relationship with God in your own life — one you protect, refresh, and return to, so that what you pass on is living rather than merely remembered.

Today, consider both halves of Moses's instruction. Where does your own faith need tending, so it does not slip from your heart? And once tended, who is watching, ready to receive what you protect?","Musa menginstruksikan Israel untuk berhati-hati, mengawasi diri mereka sendiri dengan cermat, supaya tidak melupakan hal-hal yang telah dilihat mata mereka, dan supaya hal-hal itu tidak lenyap dari hati mereka seumur hidup mereka — dan untuk mengajarkannya kepada anak-anak dan cucu-cucu mereka. Yang menonjol di sini adalah instruksi dua bagian: pertama, jagalah dirimu, jagalah ingatan dan imanmu sendiri; kedua, ajarkanlah itu ke depan. Warisan selalu dimulai dengan kesetiaan pribadi sebelum dapat menjadi milik pusaka bagi orang lain.

Sungguh menggoda untuk berfokus sepenuhnya pada bagian kedua — pengajaran, penurunan warisan — sambil mengabaikan bagian pertama. Namun seorang kakek-nenek atau orang tua tidak dapat mewariskan iman yang telah mereka biarkan lenyap dari diri mereka sendiri. Instruksi untuk mengawasi diri dengan cermat bukanlah kehati-hatian yang egois; itu adalah fondasi yang diperlukan bagi warisan apa pun yang layak ditinggalkan. Engkau tidak dapat menuang dari wadah yang kosong, dan engkau tidak dapat mewariskan api yang telah padam dalam hidupmu sendiri.

Ini adalah kata yang lembut namun penting bagi siapa pun yang merasa imannya sendiri mendingin sambil berusaha memelihara iman dalam diri anak atau cucu. Hadiah paling jujur yang dapat kau berikan kepada generasi berikutnya bukanlah kesalehan yang tampil sempurna, melainkan hubungan yang nyata dan terawat dengan Allah dalam hidupmu sendiri — yang kau jaga, kau segarkan, dan kau kembali kepadanya, sehingga apa yang kau wariskan hidup, bukan sekadar dikenang.

Hari ini, pertimbangkanlah kedua bagian instruksi Musa. Di manakah imanmu sendiri perlu dirawat, agar tidak lenyap dari hatimu? Dan setelah dirawat, siapakah yang sedang memperhatikan, siap menerima apa yang kau jaga?","Deuteronomy 4:9 | Watch yourselves closely so that you do not forget the things your eyes have seen or let them fade from your heart as long as you live. Teach them to your children and to their children after them.","Ulangan 4:9 | Hanya, berhati-hatilah dan berjaga-jagalah baik-baik, supaya engkau jangan melupakan hal-hal yang dilihat oleh matamu sendiri, dan supaya semuanya itu jangan lenyap dari hatimu seumur hidupmu; hendaklah semuanya itu kauperkenalkan kepada anak-anakmu dan kepada cucu cicitmu.","Where does your own faith need tending today, before it can be faithfully passed on?","Di manakah imanmu sendiri perlu dirawat hari ini, sebelum dapat diwariskan dengan setia?","Lord, keep my own heart from growing cold. Refresh what has faded in me, so that what I pass on to my children and grandchildren is alive, not merely remembered. Amen.","Tuhan, jagalah hatiku agar tidak menjadi dingin. Segarkanlah apa yang telah pudar dalam diriku, sehingga apa yang kuwariskan kepada anak dan cucuku hidup, bukan sekadar dikenang. Amin."
"Family","Keluarga","Family Traditions & Legacy","Tradisi dan Warisan Keluarga","Passing the Flame to the Next Generation","Menyalurkan Nyala Api kepada Generasi Berikutnya","Seven days on handing down faith to your children and grandchildren","Tujuh hari tentang mewariskan iman kepada anak dan cucu","7","Faith that is not shared tends to end with the person who holds it. This seven-day plan draws on the story of Timothy — raised in faith by his mother and grandmother — to explore how grandparents, parents, and mentors can intentionally, patiently, and hopefully pass the flame of faith to the generation coming up behind them.","Iman yang tidak dibagikan cenderung berakhir bersama orang yang memilikinya. Rencana tujuh hari ini mengambil kisah Timotius — yang dibesarkan dalam iman oleh ibu dan neneknya — untuk mendalami bagaimana kakek-nenek, orang tua, dan pembimbing rohani dapat dengan sengaja, sabar, dan penuh pengharapan menyalurkan nyala api iman kepada generasi yang datang setelah mereka.","A gentle gouache illustration in a folk-art style: an elderly grandmother's weathered hand cupped around a small glowing candle flame, passing it toward a child's smaller open hand reaching up from below, both hands rendered with soft rounded brushwork against a simple night-blue background scattered with a few naive hand-painted stars. Flat matte gouache textures, warm palette of candlelight amber, dusty rose, and deep midnight blue, with cream-colored highlights. The mood is tender, hopeful, and quietly ceremonial, like a blessing passed hand to hand. All lettering is grouped together at the very top of the composition for maximum legibility, stacked on a soft solid-color band or gentle scrim so it stays readable against the artwork behind it: the title ""Passing the Flame to the Next Generation"" first, largest, in a rounded folk-art hand-lettered typeface; directly beneath it the smaller subtitle ""Seven days on handing down faith to your children and grandchildren""; and directly beneath the subtitle a compact rounded pill reading ""7 DAYS"" in bold small caps. Nothing else overlaps the illustration below. Mood: tender, hopeful, quietly ceremonial.","","5","A Good Inheritance Leaves Something Behind","Warisan yang Baik Meninggalkan Sesuatu","Proverbs observes that a good person leaves an inheritance for their children's children. Read in context, the surrounding proverbs concern more than money — they concern the kind of character, wisdom, and reputation that outlasts a single lifetime and becomes something the next generation can draw on. Material inheritance fades quickly; wise families have long understood that the more durable inheritance is spiritual and moral, not financial.

It is worth asking plainly: what inheritance are you actually building? Financial planning receives enormous attention in most families — wills, savings, insurance — while spiritual planning receives almost none. Few families sit down to intentionally discuss what values, what prayers, what convictions about God they hope will still be alive in their grandchildren's grandchildren. Yet this is precisely the kind of inheritance Proverbs elevates as evidence of a good and righteous life.

Building this kind of inheritance does not require dramatic gestures. It happens through the ordinary means this week has already explored — stories told, Scriptures read early, blessings spoken, faith kept tended in your own heart. But it helps to name the goal explicitly: you are not merely raising children for the next twenty years. You are, in a real sense, investing in descendants you may never personally meet, whose faith may trace back, however distantly, to choices you make today.

Take a moment today to think in those terms — not just about this year, or even your children's adulthood, but about your children's children's children. What spiritual inheritance do you want still standing that far down the line, and what small step can you take today to build it?","Amsal mengamati bahwa orang baik mewariskan harta pusaka kepada anak cucunya. Jika dibaca dalam konteksnya, amsal-amsal di sekitarnya membicarakan lebih dari sekadar uang — mereka membicarakan jenis karakter, hikmat, dan reputasi yang bertahan melampaui satu masa hidup dan menjadi sesuatu yang dapat diandalkan generasi berikutnya. Warisan materi cepat pudar; keluarga yang bijaksana sejak lama memahami bahwa warisan yang lebih tahan lama adalah warisan rohani dan moral, bukan warisan finansial.

Layak ditanyakan secara terus terang: warisan apa yang sebenarnya sedang kau bangun? Perencanaan finansial menerima perhatian besar di kebanyakan keluarga — wasiat, tabungan, asuransi — sementara perencanaan rohani hampir tidak menerima perhatian sama sekali. Jarang ada keluarga yang duduk bersama untuk secara sengaja membicarakan nilai-nilai, doa-doa, keyakinan tentang Allah apa yang mereka harapkan masih hidup dalam diri cucu dari cucu mereka. Namun justru inilah jenis warisan yang diangkat Amsal sebagai bukti kehidupan yang baik dan benar.

Membangun warisan semacam ini tidak membutuhkan tindakan dramatis. Ia terjadi melalui sarana-sarana biasa yang telah dieksplorasi minggu ini — kisah yang diceritakan, Kitab Suci yang dibaca sejak dini, berkat yang diucapkan, iman yang dirawat dalam hatimu sendiri. Namun ada baiknya menyebutkan tujuan itu secara eksplisit: engkau tidak hanya sedang membesarkan anak-anak untuk dua puluh tahun ke depan. Engkau, dalam arti yang nyata, sedang berinvestasi pada keturunan yang mungkin tidak pernah kau temui secara pribadi, yang imannya mungkin dapat ditelusuri, sejauh apa pun jaraknya, kembali pada pilihan-pilihan yang kau buat hari ini.

Luangkan waktu sejenak hari ini untuk berpikir dalam kerangka itu — bukan hanya tentang tahun ini, atau bahkan masa dewasa anakmu, melainkan tentang cucu dari cucumu. Warisan rohani apa yang kau ingin masih berdiri sejauh itu, dan langkah kecil apa yang dapat kau ambil hari ini untuk membangunnya?","Proverbs 13:22 | A good person leaves an inheritance for their children's children.","Amsal 13:22 | Orang baik meninggalkan warisan bagi anak cucunya.","What spiritual inheritance, beyond finances, do you most want to leave behind?","Warisan rohani apa, di luar keuangan, yang paling ingin kau tinggalkan?","Lord, help me build an inheritance of faith, not only of finances, so that generations I may never meet will still trace their trust in you back to choices I made today. Amen.","Tuhan, tolonglah aku membangun warisan iman, bukan hanya warisan keuangan, sehingga generasi yang mungkin tidak pernah kutemui tetap dapat menelusuri kepercayaan mereka kepada-Mu hingga ke pilihan-pilihan yang kubuat hari ini. Amin."
"Family","Keluarga","Family Traditions & Legacy","Tradisi dan Warisan Keluarga","Passing the Flame to the Next Generation","Menyalurkan Nyala Api kepada Generasi Berikutnya","Seven days on handing down faith to your children and grandchildren","Tujuh hari tentang mewariskan iman kepada anak dan cucu","7","Faith that is not shared tends to end with the person who holds it. This seven-day plan draws on the story of Timothy — raised in faith by his mother and grandmother — to explore how grandparents, parents, and mentors can intentionally, patiently, and hopefully pass the flame of faith to the generation coming up behind them.","Iman yang tidak dibagikan cenderung berakhir bersama orang yang memilikinya. Rencana tujuh hari ini mengambil kisah Timotius — yang dibesarkan dalam iman oleh ibu dan neneknya — untuk mendalami bagaimana kakek-nenek, orang tua, dan pembimbing rohani dapat dengan sengaja, sabar, dan penuh pengharapan menyalurkan nyala api iman kepada generasi yang datang setelah mereka.","A gentle gouache illustration in a folk-art style: an elderly grandmother's weathered hand cupped around a small glowing candle flame, passing it toward a child's smaller open hand reaching up from below, both hands rendered with soft rounded brushwork against a simple night-blue background scattered with a few naive hand-painted stars. Flat matte gouache textures, warm palette of candlelight amber, dusty rose, and deep midnight blue, with cream-colored highlights. The mood is tender, hopeful, and quietly ceremonial, like a blessing passed hand to hand. All lettering is grouped together at the very top of the composition for maximum legibility, stacked on a soft solid-color band or gentle scrim so it stays readable against the artwork behind it: the title ""Passing the Flame to the Next Generation"" first, largest, in a rounded folk-art hand-lettered typeface; directly beneath it the smaller subtitle ""Seven days on handing down faith to your children and grandchildren""; and directly beneath the subtitle a compact rounded pill reading ""7 DAYS"" in bold small caps. Nothing else overlaps the illustration below. Mood: tender, hopeful, quietly ceremonial.","","6","Great Will Be the Peace of Your Children","Besarlah Kesejahteraan Anak-Anakmu","The prophet Isaiah, writing to a people who had endured exile and loss, offers a promise wrapped in tenderness: all your children will be taught by the Lord, and great will be their peace. This was spoken to a generation that had every reason to worry about what would become of their descendants — a scattered, uncertain future, a people trying to rebuild identity after catastrophe. Into that uncertainty, God promises not just survival for the next generation, but instruction and peace.

There is something freeing in remembering that the ultimate teacher of your children and grandchildren is not you alone. You plant, you read Scripture aloud, you tell the family stories, you bless them at bedtime — and all of that matters — but Isaiah reminds us that behind every human effort at spiritual formation, God himself is teaching. Parents and grandparents are not asked to be their children's only source of truth; they are asked to be faithful conduits, while trusting that the Lord himself continues the work in ways no human hand fully controls.

This should ease some of the anxiety that can creep into legacy-building — the fear that if you say the wrong thing, skip a devotional, or fail to model faith perfectly on any given day, the whole project might collapse. Isaiah's promise suggests otherwise. God's teaching of your children does not depend solely on your flawless execution. It depends on his faithfulness, which is considerably more reliable than yours or mine.

Rest today in this promise. Keep doing the small, faithful things — but release the pressure of thinking the entire spiritual future of your children rests on your shoulders alone. It rests, finally, on the Lord who has promised to teach them himself, and to give them great peace.","Nabi Yesaya, menulis kepada umat yang telah mengalami pembuangan dan kehilangan, menawarkan sebuah janji yang dibalut kelembutan: semua anakmu akan menjadi murid TUHAN, dan besarlah kesejahteraan mereka. Ini diucapkan kepada satu generasi yang memiliki segala alasan untuk khawatir tentang apa yang akan terjadi pada keturunan mereka — masa depan yang tercerai-berai dan tidak pasti, umat yang berusaha membangun kembali jati diri setelah bencana. Ke dalam ketidakpastian itu, Allah menjanjikan bukan sekadar kelangsungan hidup bagi generasi berikutnya, tetapi pengajaran dan kesejahteraan.

Ada sesuatu yang melegakan dalam mengingat bahwa guru utama bagi anak dan cucumu bukanlah engkau seorang diri. Engkau menanam, engkau membacakan Kitab Suci, engkau menceritakan kisah keluarga, engkau memberkati mereka menjelang tidur — dan semua itu penting — tetapi Yesaya mengingatkan kita bahwa di balik setiap usaha manusia dalam pembentukan rohani, Allah sendiri sedang mengajar. Orang tua dan kakek-nenek tidak diminta menjadi satu-satunya sumber kebenaran bagi anak-anak mereka; mereka diminta menjadi saluran yang setia, sambil percaya bahwa TUHAN sendiri terus melanjutkan karya itu dengan cara-cara yang tidak sepenuhnya dikendalikan tangan manusia mana pun.

Ini seharusnya meringankan sebagian kecemasan yang bisa menyusup ke dalam upaya membangun warisan — ketakutan bahwa jika engkau salah bicara, melewatkan renungan, atau gagal menghidupi iman dengan sempurna pada suatu hari, seluruh usaha itu bisa runtuh. Janji Yesaya menunjukkan sebaliknya. Pengajaran Allah atas anak-anakmu tidak bergantung semata-mata pada pelaksanaanmu yang tanpa cela. Ia bergantung pada kesetiaan-Nya, yang jauh lebih dapat diandalkan daripada kesetiaanku atau kesetiaanmu.

Beristirahatlah hari ini dalam janji ini. Teruslah melakukan hal-hal kecil yang setia — tetapi lepaskanlah tekanan berpikir bahwa seluruh masa depan rohani anak-anakmu bertumpu pada pundakmu sendiri. Pada akhirnya, itu bertumpu pada TUHAN yang telah berjanji untuk mengajar mereka sendiri, dan memberi mereka kesejahteraan yang besar.","Isaiah 54:13 | All your children will be taught by the Lord, and great will be their peace.","Yesaya 54:13 | Semua anakmu akan menjadi murid TUHAN, dan besarlah kesejahteraan anak-anakmu itu.","What would change in your parenting or grandparenting if you truly trusted that God, not you alone, is teaching your children?","Apa yang akan berubah dalam pengasuhanmu jika engkau benar-benar percaya bahwa Allah, bukan hanya engkau, sedang mengajar anak-anakmu?","Lord, thank you for teaching my children and grandchildren even when I fall short. Take my small, imperfect efforts and use them for a peace only you can give. Amen.","Tuhan, terima kasih karena Engkau mengajar anak dan cucuku bahkan ketika aku gagal. Pakailah usahaku yang kecil dan tidak sempurna untuk kesejahteraan yang hanya Engkau dapat berikan. Amin."
"Family","Keluarga","Family Traditions & Legacy","Tradisi dan Warisan Keluarga","Passing the Flame to the Next Generation","Menyalurkan Nyala Api kepada Generasi Berikutnya","Seven days on handing down faith to your children and grandchildren","Tujuh hari tentang mewariskan iman kepada anak dan cucu","7","Faith that is not shared tends to end with the person who holds it. This seven-day plan draws on the story of Timothy — raised in faith by his mother and grandmother — to explore how grandparents, parents, and mentors can intentionally, patiently, and hopefully pass the flame of faith to the generation coming up behind them.","Iman yang tidak dibagikan cenderung berakhir bersama orang yang memilikinya. Rencana tujuh hari ini mengambil kisah Timotius — yang dibesarkan dalam iman oleh ibu dan neneknya — untuk mendalami bagaimana kakek-nenek, orang tua, dan pembimbing rohani dapat dengan sengaja, sabar, dan penuh pengharapan menyalurkan nyala api iman kepada generasi yang datang setelah mereka.","A gentle gouache illustration in a folk-art style: an elderly grandmother's weathered hand cupped around a small glowing candle flame, passing it toward a child's smaller open hand reaching up from below, both hands rendered with soft rounded brushwork against a simple night-blue background scattered with a few naive hand-painted stars. Flat matte gouache textures, warm palette of candlelight amber, dusty rose, and deep midnight blue, with cream-colored highlights. The mood is tender, hopeful, and quietly ceremonial, like a blessing passed hand to hand. All lettering is grouped together at the very top of the composition for maximum legibility, stacked on a soft solid-color band or gentle scrim so it stays readable against the artwork behind it: the title ""Passing the Flame to the Next Generation"" first, largest, in a rounded folk-art hand-lettered typeface; directly beneath it the smaller subtitle ""Seven days on handing down faith to your children and grandchildren""; and directly beneath the subtitle a compact rounded pill reading ""7 DAYS"" in bold small caps. Nothing else overlaps the illustration below. Mood: tender, hopeful, quietly ceremonial.","","7","No Greater Joy","Tidak Ada Sukacita yang Lebih Besar","The apostle John, near the end of his short third letter, writes a line that sums up much of what this week has explored: I have no greater joy than to hear that my children are walking in the truth. John was likely writing about his spiritual children — converts and disciples he had shepherded — but the sentiment translates naturally to biological family as well. There is a particular, almost unmatched joy that comes from watching someone you love choose to walk with God, especially when that choosing was not forced but freely embraced.

This joy is worth naming as the true goal of everything explored this week — not flawless family devotions, not a perfectly executed bedtime ritual, not an unbroken record of Scripture reading. The goal, all along, has been this: children and grandchildren who walk in the truth, who love God not because they were required to but because they came to know him as real through the patient witness of the people who raised them.

It is also worth naming honestly that this joy is not guaranteed on any particular timeline. Some children walk in the truth from childhood onward. Others wander for years before returning, if they return within a parent's or grandparent's lifetime at all. John's words are not a formula but an aspiration — a joy to hope for, to pray toward, and to keep working toward even when the outcome is not yet visible.

As this seven-day plan on passing the flame comes to a close, hold onto both halves of what has been explored: the patient, ordinary work of formation — stories told, Scripture read early, blessings spoken, your own faith tended — and the hope that one day, however long it takes, you might know the particular joy John describes, hearing that the ones you loved are walking, freely and truly, in the light you first showed them.","Rasul Yohanes, mendekati akhir surat ketiganya yang singkat, menulis sebuah kalimat yang merangkum banyak hal yang telah dieksplorasi minggu ini: bagiku tidak ada sukacita yang lebih besar daripada mendengar bahwa anak-anakku hidup dalam kebenaran. Yohanes kemungkinan besar sedang menulis tentang anak-anak rohaninya — orang-orang yang bertobat dan murid-murid yang telah ia gembalakan — tetapi perasaan ini secara alami juga berlaku bagi keluarga biologis. Ada sukacita tertentu, yang hampir tak tertandingi, yang muncul dari menyaksikan orang yang kau kasihi memilih berjalan bersama Allah, terlebih ketika pilihan itu bukan dipaksakan melainkan dipeluk dengan bebas.

Sukacita ini layak disebut sebagai tujuan sejati dari segala hal yang dieksplorasi minggu ini — bukan devosi keluarga yang sempurna tanpa cela, bukan ritual sebelum tidur yang dilaksanakan dengan sempurna, bukan catatan pembacaan Kitab Suci yang tak pernah terputus. Tujuannya, sejak awal, adalah ini: anak dan cucu yang hidup dalam kebenaran, yang mengasihi Allah bukan karena diwajibkan, melainkan karena mereka datang mengenal-Nya sebagai nyata melalui kesaksian sabar dari orang-orang yang membesarkan mereka.

Layak pula disebutkan secara jujur bahwa sukacita ini tidak dijamin dalam jangka waktu tertentu. Sebagian anak berjalan dalam kebenaran sejak masa kanak-kanak. Sebagian lain mengembara selama bertahun-tahun sebelum kembali, jika pun mereka kembali dalam masa hidup orang tua atau kakek-neneknya. Kata-kata Yohanes bukanlah rumus, melainkan sebuah harapan — sukacita yang dinantikan, didoakan, dan terus diperjuangkan bahkan ketika hasilnya belum tampak.

Saat rencana tujuh hari tentang menyalurkan nyala api ini berakhir, peganglah kedua bagian dari apa yang telah dieksplorasi: kerja pembentukan yang sabar dan biasa — kisah yang diceritakan, Kitab Suci yang dibaca sejak dini, berkat yang diucapkan, imanmu sendiri yang dirawat — dan harapan bahwa suatu hari, sepanjang apa pun waktu yang dibutuhkan, engkau mungkin merasakan sukacita khusus yang digambarkan Yohanes, mendengar bahwa orang-orang yang kau kasihi sedang berjalan, dengan bebas dan sungguh-sungguh, dalam terang yang pertama kali kau tunjukkan kepada mereka.","3 John 1:4 | I have no greater joy than to hear that my children are walking in the truth.","3 Yohanes 1:4 | Bagiku tidak ada sukacita yang lebih besar daripada mendengar, bahwa anak-anakku hidup dalam kebenaran.","What would it mean to hold this joy as your hope, even before you see its fullness?","Apa artinya memegang sukacita ini sebagai harapanmu, bahkan sebelum engkau melihat kepenuhannya?","Lord, I entrust the ones I love to your patient teaching. Let me faithfully pass on what I have received, and one day let me know the joy of seeing them walk freely in your truth. Amen.","Tuhan, kupercayakan orang-orang yang kukasihi kepada pengajaran-Mu yang sabar. Biarlah aku dengan setia mewariskan apa yang telah kuterima, dan suatu hari biarlah aku merasakan sukacita melihat mereka berjalan dengan bebas dalam kebenaran-Mu. Amin."
"Family","Keluarga","Family Traditions & Legacy","Tradisi dan Warisan Keluarga","A Family Year of Grace","Setahun Rahmat Bersama Keluarga","Four days on celebrating the Church calendar together as a household","Empat hari tentang merayakan kalender Gereja bersama keluarga","4","The liturgical year gives every family a built-in rhythm of feast and fast, waiting and celebrating, that can shape a household's sense of time around the story of salvation rather than the calendar of school terms and sales seasons alone. This four-day plan looks at how families can mark the seasons of the Church year together — through Sunday Mass, shared meals, and small traditions that make the liturgical calendar come alive at home.","Tahun liturgi memberikan setiap keluarga sebuah ritme bawaan berupa perayaan dan puasa, penantian dan sukacita, yang dapat membentuk rasa waktu sebuah rumah tangga di seputar kisah keselamatan, bukan hanya seputar kalender sekolah dan musim diskon belanja. Rencana empat hari ini menelaah bagaimana keluarga dapat menandai musim-musim tahun liturgi Gereja bersama — melalui Misa Minggu, makan bersama, dan tradisi-tradisi kecil yang menghidupkan kalender liturgi di rumah.","A charming linocut-style illustration divided into four small circular vignettes arranged around a central Advent-to-Easter wreath motif: a purple Advent candle wreath, a family walking to Mass under palm branches, an Easter table with lilies, and a simple harvest-and-thanksgiving scene, all rendered in bold carved-linocut linework. Limited block-print palette of deep violet, ochre yellow, cream paper white, and forest green, with visible woodgrain texture in the print. The mood is festive, communal, and rhythmic, celebrating the turning of the church year. All lettering is grouped together at the very top of the composition for maximum legibility, stacked on a soft solid-color band or gentle scrim so it stays readable against the artwork behind it: the title ""A Family Year of Grace"" first, largest, in a bold carved block-print lettering style; directly beneath it the smaller subtitle ""Four days on celebrating the Church calendar together as a household""; and directly beneath the subtitle a compact rounded pill reading ""4 DAYS"" in bold small caps. Nothing else overlaps the illustration below. Mood: festive, communal, rhythmic.","","1","A Time for Everything, Together","Ada Waktu untuk Segala Sesuatu, Bersama","Ecclesiastes opens one of its most famous passages with a simple observation: there is a time for everything, and a season for every activity under the heavens. The Church, in her wisdom, built an entire calendar around this rhythm — seasons of waiting and seasons of feasting, seasons of penance and seasons of unrestrained joy, each following the other in a pattern that repeats year after year, forming believers not through a single event but through the steady turning of time itself.

Families often default to marking time by the school calendar, the fiscal year, or the retail calendar of holiday sales — rhythms shaped entirely around commerce and academics, with faith squeezed in wherever it fits. The liturgical year offers an alternative: a rhythm shaped around the story of salvation, where Advent's quiet waiting gives way to Christmas joy, where Lent's penance gives way to Easter's overflowing celebration, and where a family's sense of time itself becomes a slow, repeated catechesis.

Adopting this rhythm as a family does not require abandoning the secular calendar; it means layering the Church's calendar on top of it, letting purple and rose and white and green vestments, feast days, and fasting seasons become as familiar to your children as the school year's own milestones. Over years, a child raised this way develops an intuitive sense that time itself belongs to God, that waiting has purpose, and that celebration is not random but tied to something eternal.

This four-day plan will look at specific ways to bring that rhythm home — through Mass, through meals, through small markers that turn an abstract calendar into a lived, felt experience for every member of the household, from toddlers to grandparents.","Kitab Pengkhotbah membuka salah satu bagiannya yang paling terkenal dengan sebuah pengamatan sederhana: untuk segala sesuatu ada waktunya, untuk apa pun di bawah langit ada masanya. Gereja, dalam kebijaksanaannya, membangun seluruh kalender di seputar ritme ini — musim penantian dan musim perayaan, musim tobat dan musim sukacita yang meluap, masing-masing mengikuti yang lain dalam pola yang berulang tahun demi tahun, membentuk umat beriman bukan melalui satu peristiwa tunggal, melainkan melalui perputaran waktu itu sendiri secara tetap.

Keluarga sering kali secara default menandai waktu berdasarkan kalender sekolah, tahun fiskal, atau kalender diskon ritel hari raya — ritme yang seluruhnya dibentuk oleh perdagangan dan akademik, dengan iman diselipkan di mana pun ada tempat yang tersisa. Tahun liturgi menawarkan alternatif: sebuah ritme yang dibentuk di seputar kisah keselamatan, di mana penantian tenang Adven berubah menjadi sukacita Natal, di mana tobat masa Prapaskah berubah menjadi perayaan Paskah yang meluap, dan di mana rasa waktu sebuah keluarga sendiri menjadi katekese yang lambat dan berulang.

Mengadopsi ritme ini sebagai keluarga tidak mengharuskan meninggalkan kalender sekuler; artinya melapiskan kalender Gereja di atasnya, membiarkan warna ungu, merah muda, putih, dan hijau jubah liturgi, hari-hari raya, dan musim puasa menjadi seakrab tonggak-tonggak tahun sekolah bagi anak-anakmu. Selama bertahun-tahun, seorang anak yang dibesarkan dengan cara ini mengembangkan rasa intuitif bahwa waktu itu sendiri milik Allah, bahwa penantian memiliki tujuan, dan bahwa perayaan bukanlah hal acak melainkan terkait dengan sesuatu yang kekal.

Rencana empat hari ini akan menelaah cara-cara khusus untuk membawa ritme itu ke rumah — melalui Misa, melalui makan bersama, melalui penanda-penanda kecil yang mengubah kalender yang abstrak menjadi pengalaman yang hidup dan terasa bagi setiap anggota rumah tangga, dari balita hingga kakek-nenek.","Ecclesiastes 3:1 | There is a time for everything, and a season for every activity under the heavens.","Pengkhotbah 3:1 | Untuk segala sesuatu ada masanya, untuk apa pun di bawah langit ada waktunya.","How does your family currently mark the passage of time, and where might the Church calendar find a place in that rhythm?","Bagaimana keluargamu saat ini menandai berlalunya waktu, dan di mana kalender Gereja dapat menemukan tempatnya dalam ritme itu?","Lord of all seasons, teach our family to shape our year around your story of salvation, so that waiting, feasting, fasting, and celebrating all become ways we know you better together. Amen.","Tuhan atas segala musim, ajarilah keluarga kami membentuk tahun kami di seputar kisah keselamatan-Mu, sehingga penantian, perayaan, puasa, dan sukacita semuanya menjadi cara kami mengenal-Mu lebih baik bersama-sama. Amin."
"Family","Keluarga","Family Traditions & Legacy","Tradisi dan Warisan Keluarga","A Family Year of Grace","Setahun Rahmat Bersama Keluarga","Four days on celebrating the Church calendar together as a household","Empat hari tentang merayakan kalender Gereja bersama keluarga","4","The liturgical year gives every family a built-in rhythm of feast and fast, waiting and celebrating, that can shape a household's sense of time around the story of salvation rather than the calendar of school terms and sales seasons alone. This four-day plan looks at how families can mark the seasons of the Church year together — through Sunday Mass, shared meals, and small traditions that make the liturgical calendar come alive at home.","Tahun liturgi memberikan setiap keluarga sebuah ritme bawaan berupa perayaan dan puasa, penantian dan sukacita, yang dapat membentuk rasa waktu sebuah rumah tangga di seputar kisah keselamatan, bukan hanya seputar kalender sekolah dan musim diskon belanja. Rencana empat hari ini menelaah bagaimana keluarga dapat menandai musim-musim tahun liturgi Gereja bersama — melalui Misa Minggu, makan bersama, dan tradisi-tradisi kecil yang menghidupkan kalender liturgi di rumah.","A charming linocut-style illustration divided into four small circular vignettes arranged around a central Advent-to-Easter wreath motif: a purple Advent candle wreath, a family walking to Mass under palm branches, an Easter table with lilies, and a simple harvest-and-thanksgiving scene, all rendered in bold carved-linocut linework. Limited block-print palette of deep violet, ochre yellow, cream paper white, and forest green, with visible woodgrain texture in the print. The mood is festive, communal, and rhythmic, celebrating the turning of the church year. All lettering is grouped together at the very top of the composition for maximum legibility, stacked on a soft solid-color band or gentle scrim so it stays readable against the artwork behind it: the title ""A Family Year of Grace"" first, largest, in a bold carved block-print lettering style; directly beneath it the smaller subtitle ""Four days on celebrating the Church calendar together as a household""; and directly beneath the subtitle a compact rounded pill reading ""4 DAYS"" in bold small caps. Nothing else overlaps the illustration below. Mood: festive, communal, rhythmic.","","2","The Family That Went Up to the Feast","Keluarga yang Pergi ke Perayaan","The Gospel of Luke offers a small but revealing detail about the Holy Family: every year Jesus's parents went to Jerusalem for the Festival of the Passover, and when he was twelve, they went up as usual. It would have been easy for Mary and Joseph to skip a year, especially with the difficulty and expense of travel in the ancient world. Instead, Luke tells us this was their custom — 'as usual' — a habit so consistent that a twelve-year-old Jesus simply assumed it, the way children assume any deeply ingrained family rhythm.

This is a quiet but powerful witness to the value of consistency in family worship, particularly around the major feasts of the faith. The Holy Family did not treat the Passover pilgrimage as optional or dependent on convenience. It was, in Luke's words, what they always did. Consistency of this kind teaches a child something no single spectacular celebration can: that faith is not a special occasion reserved for when it is easy, but a rhythm the family keeps regardless of circumstance.

For Catholic families today, Sunday Mass functions as this same anchor point — not an occasional nicety but the 'as usual' rhythm around which the rest of the week is arranged. Families who protect this weekly gathering, even when travel, sports schedules, or exhaustion make it inconvenient, are handing their children exactly what Mary and Joseph handed Jesus: the assumption that gathering for worship is simply what our family does, not an option weighed against other options each week.

Consider this week whether your family's rhythm of worship has the quality of 'as usual' that Luke describes, or whether it has quietly become negotiable. Small, unglamorous consistency — showing up, year after year, feast after feast — may be one of the most formative habits a family can practice.","Injil Lukas menawarkan sebuah detail kecil namun mengungkapkan banyak hal tentang Keluarga Kudus: setiap tahun orang tua Yesus pergi ke Yerusalem untuk merayakan Paskah Yahudi, dan ketika Ia berumur dua belas tahun, mereka pergi ke sana seperti biasa. Akan mudah saja bagi Maria dan Yusuf untuk melewatkan satu tahun, terlebih dengan kesulitan dan biaya perjalanan di dunia kuno. Namun Lukas memberi tahu kita bahwa ini adalah kebiasaan mereka — 'seperti biasa' — sebuah kebiasaan yang begitu konsisten sehingga Yesus yang berusia dua belas tahun begitu saja menganggapnya wajar, sebagaimana anak-anak menganggap wajar ritme keluarga apa pun yang tertanam dalam.

Ini adalah kesaksian yang tenang namun kuat tentang nilai konsistensi dalam ibadah keluarga, khususnya di seputar hari-hari raya besar iman. Keluarga Kudus tidak memperlakukan ziarah Paskah sebagai sesuatu yang opsional atau bergantung pada kenyamanan. Itu adalah, dalam kata-kata Lukas, apa yang selalu mereka lakukan. Konsistensi semacam ini mengajarkan kepada seorang anak sesuatu yang tidak bisa diajarkan oleh perayaan megah tunggal mana pun: bahwa iman bukanlah kesempatan khusus yang disediakan hanya ketika mudah, melainkan ritme yang dijaga keluarga terlepas dari keadaan.

Bagi keluarga Katolik saat ini, Misa Minggu berfungsi sebagai titik jangkar yang sama — bukan sekadar kebiasaan baik yang sesekali dilakukan, melainkan ritme 'seperti biasa' yang menjadi poros bagi sisa minggu itu. Keluarga yang menjaga perkumpulan mingguan ini, bahkan ketika perjalanan, jadwal olahraga, atau kelelahan membuatnya tidak nyaman, sedang mewariskan kepada anak-anak mereka persis apa yang diwariskan Maria dan Yusuf kepada Yesus: anggapan bahwa berkumpul untuk beribadah hanyalah apa yang dilakukan keluarga kita, bukan pilihan yang ditimbang melawan pilihan lain setiap minggu.

Pertimbangkanlah minggu ini apakah ritme ibadah keluargamu memiliki kualitas 'seperti biasa' yang digambarkan Lukas, atau apakah diam-diam telah menjadi sesuatu yang bisa dinegosiasikan. Konsistensi yang kecil dan tidak mencolok — hadir, tahun demi tahun, perayaan demi perayaan — mungkin adalah salah satu kebiasaan paling membentuk yang dapat dipraktikkan sebuah keluarga.","Luke 2:41-42 | Every year Jesus's parents went to Jerusalem for the Festival of the Passover. When he was twelve years old, they went up to the festival, according to the custom.","Lukas 2:41-42 | Tiap-tiap tahun orang tua Yesus pergi ke Yerusalem pada hari raya Paskah. Ketika Yesus berumur dua belas tahun, pergilah mereka ke Yerusalem seperti yang lazim pada hari raya itu.","Has your family's rhythm of Sunday worship become 'as usual,' or does it feel more negotiable than it once did?","Apakah ritme ibadah Minggu keluargamu telah menjadi 'seperti biasa,' atau terasa lebih bisa dinegosiasikan dari sebelumnya?","Lord, like Mary and Joseph, help our family keep faithful rhythms of worship, not as an occasional effort but as simply what we do, year after year, feast after feast. Amen.","Tuhan, seperti Maria dan Yusuf, tolonglah keluarga kami menjaga ritme ibadah yang setia, bukan sebagai usaha sesekali, melainkan sebagai apa yang memang kami lakukan, tahun demi tahun, perayaan demi perayaan. Amin."
"Family","Keluarga","Family Traditions & Legacy","Tradisi dan Warisan Keluarga","A Family Year of Grace","Setahun Rahmat Bersama Keluarga","Four days on celebrating the Church calendar together as a household","Empat hari tentang merayakan kalender Gereja bersama keluarga","4","The liturgical year gives every family a built-in rhythm of feast and fast, waiting and celebrating, that can shape a household's sense of time around the story of salvation rather than the calendar of school terms and sales seasons alone. This four-day plan looks at how families can mark the seasons of the Church year together — through Sunday Mass, shared meals, and small traditions that make the liturgical calendar come alive at home.","Tahun liturgi memberikan setiap keluarga sebuah ritme bawaan berupa perayaan dan puasa, penantian dan sukacita, yang dapat membentuk rasa waktu sebuah rumah tangga di seputar kisah keselamatan, bukan hanya seputar kalender sekolah dan musim diskon belanja. Rencana empat hari ini menelaah bagaimana keluarga dapat menandai musim-musim tahun liturgi Gereja bersama — melalui Misa Minggu, makan bersama, dan tradisi-tradisi kecil yang menghidupkan kalender liturgi di rumah.","A charming linocut-style illustration divided into four small circular vignettes arranged around a central Advent-to-Easter wreath motif: a purple Advent candle wreath, a family walking to Mass under palm branches, an Easter table with lilies, and a simple harvest-and-thanksgiving scene, all rendered in bold carved-linocut linework. Limited block-print palette of deep violet, ochre yellow, cream paper white, and forest green, with visible woodgrain texture in the print. The mood is festive, communal, and rhythmic, celebrating the turning of the church year. All lettering is grouped together at the very top of the composition for maximum legibility, stacked on a soft solid-color band or gentle scrim so it stays readable against the artwork behind it: the title ""A Family Year of Grace"" first, largest, in a bold carved block-print lettering style; directly beneath it the smaller subtitle ""Four days on celebrating the Church calendar together as a household""; and directly beneath the subtitle a compact rounded pill reading ""4 DAYS"" in bold small caps. Nothing else overlaps the illustration below. Mood: festive, communal, rhythmic.","","3","Tell Your Children What This Means","Ceritakanlah kepada Anak-Anakmu Apa Artinya Ini","Before the exodus from Egypt, God gave Israel an unusual instruction alongside the Passover meal itself: when your children ask you, 'What does this ceremony mean to you?' then tell them. God did not simply institute a ritual; he anticipated the questions it would provoke in the next generation and commanded that those questions be met with explanation, not dismissal. The ritual and the storytelling were designed to work together from the very beginning.

This offers a helpful pattern for families building their own liturgical-year traditions. A wreath with candles at Advent, palm branches tucked behind a crucifix, an empty tomb display at Easter, a special meal on a saint's feast day — these small rituals will inevitably prompt a child's question: why do we do this? Families who welcome that question, rather than treating it as an interruption, are following the exact model God gave Israel: let the ritual provoke curiosity, and let the curiosity become the doorway to teaching.

It is worth noting that God did not ask Israel to explain the Passover perfectly or exhaustively. The instruction is simple: when they ask, tell them. A parent does not need seminary training to answer a child's question about why the candle is purple this week, or why the family fasts before Easter. A brief, honest answer — 'this candle reminds us we are waiting for Jesus, the way Israel waited for a savior' — is enough to plant the seed. The ritual does the initial work of provoking wonder; the parent's simple explanation does the work of directing that wonder toward God.

As you build or continue your family's liturgical-year traditions, expect and welcome the questions they raise. Each 'why do we do this?' is not a distraction from the tradition — it is the tradition working exactly as it was designed to.","Sebelum keluaran dari Mesir, Allah memberikan Israel sebuah instruksi yang tidak biasa bersamaan dengan perjamuan Paskah itu sendiri: apabila anak-anakmu bertanya kepadamu, 'Apakah artinya ibadah ini bagimu?' maka ceritakanlah kepada mereka. Allah tidak sekadar menetapkan sebuah ritual; Ia mengantisipasi pertanyaan-pertanyaan yang akan ditimbulkannya pada generasi berikutnya dan memerintahkan agar pertanyaan-pertanyaan itu dijawab dengan penjelasan, bukan diabaikan. Ritual dan penceritaan kisah dirancang untuk bekerja bersama sejak semula.

Ini menawarkan pola yang membantu bagi keluarga yang membangun tradisi tahun liturgi mereka sendiri. Karangan bunga Adven dengan lilin, ranting palem yang diselipkan di belakang salib, tampilan makam kosong saat Paskah, makanan khusus pada hari raya seorang santo — ritual-ritual kecil ini pasti akan memancing pertanyaan seorang anak: mengapa kita melakukan ini? Keluarga yang menyambut pertanyaan itu, alih-alih memperlakukannya sebagai gangguan, sedang mengikuti persis model yang Allah berikan kepada Israel: biarkan ritual memancing rasa ingin tahu, dan biarkan rasa ingin tahu itu menjadi pintu masuk untuk mengajar.

Layak dicatat bahwa Allah tidak meminta Israel menjelaskan Paskah dengan sempurna atau secara mendalam. Instruksinya sederhana: ketika mereka bertanya, ceritakanlah kepada mereka. Orang tua tidak memerlukan pendidikan seminari untuk menjawab pertanyaan anak tentang mengapa lilin itu berwarna ungu minggu ini, atau mengapa keluarga berpuasa sebelum Paskah. Jawaban singkat dan jujur — 'lilin ini mengingatkan kita bahwa kita sedang menantikan Yesus, seperti Israel menantikan seorang juru selamat' — sudah cukup untuk menanam benih. Ritual melakukan pekerjaan awal memancing keheranan; penjelasan sederhana dari orang tua melakukan pekerjaan mengarahkan keheranan itu kepada Allah.

Saat engkau membangun atau melanjutkan tradisi tahun liturgi keluargamu, nantikanlah dan sambutlah pertanyaan-pertanyaan yang ditimbulkannya. Setiap 'mengapa kita melakukan ini?' bukanlah gangguan dari tradisi itu — itu adalah tradisi yang bekerja persis seperti yang dirancang.","Exodus 12:26-27 | When your children ask you, 'What does this ceremony mean to you?' then tell them, 'It is the Passover sacrifice to the Lord.'","Keluaran 12:26-27 | Dan apabila anak-anakmu berkata kepadamu: Ibadah apakah ini?, maka haruslah kamu berkata: Itulah korban Paskah bagi TUHAN.","What small liturgical-year tradition could your family adopt this season that will naturally invite a child's question 'why do we do this?'","Tradisi tahun liturgi kecil apa yang dapat diadopsi keluargamu musim ini, yang secara alami akan mengundang pertanyaan anak 'mengapa kita melakukan ini?'","Lord, give us both the rituals worth asking about and the words to answer simply and honestly when our children ask what they mean. Amen.","Tuhan, berikanlah kami ritual-ritual yang layak ditanyakan dan kata-kata untuk menjawab dengan sederhana dan jujur ketika anak-anak kami bertanya apa artinya. Amin."
"Family","Keluarga","Family Traditions & Legacy","Tradisi dan Warisan Keluarga","A Family Year of Grace","Setahun Rahmat Bersama Keluarga","Four days on celebrating the Church calendar together as a household","Empat hari tentang merayakan kalender Gereja bersama keluarga","4","The liturgical year gives every family a built-in rhythm of feast and fast, waiting and celebrating, that can shape a household's sense of time around the story of salvation rather than the calendar of school terms and sales seasons alone. This four-day plan looks at how families can mark the seasons of the Church year together — through Sunday Mass, shared meals, and small traditions that make the liturgical calendar come alive at home.","Tahun liturgi memberikan setiap keluarga sebuah ritme bawaan berupa perayaan dan puasa, penantian dan sukacita, yang dapat membentuk rasa waktu sebuah rumah tangga di seputar kisah keselamatan, bukan hanya seputar kalender sekolah dan musim diskon belanja. Rencana empat hari ini menelaah bagaimana keluarga dapat menandai musim-musim tahun liturgi Gereja bersama — melalui Misa Minggu, makan bersama, dan tradisi-tradisi kecil yang menghidupkan kalender liturgi di rumah.","A charming linocut-style illustration divided into four small circular vignettes arranged around a central Advent-to-Easter wreath motif: a purple Advent candle wreath, a family walking to Mass under palm branches, an Easter table with lilies, and a simple harvest-and-thanksgiving scene, all rendered in bold carved-linocut linework. Limited block-print palette of deep violet, ochre yellow, cream paper white, and forest green, with visible woodgrain texture in the print. The mood is festive, communal, and rhythmic, celebrating the turning of the church year. All lettering is grouped together at the very top of the composition for maximum legibility, stacked on a soft solid-color band or gentle scrim so it stays readable against the artwork behind it: the title ""A Family Year of Grace"" first, largest, in a bold carved block-print lettering style; directly beneath it the smaller subtitle ""Four days on celebrating the Church calendar together as a household""; and directly beneath the subtitle a compact rounded pill reading ""4 DAYS"" in bold small caps. Nothing else overlaps the illustration below. Mood: festive, communal, rhythmic.","","4","This Is the Day the Lord Has Made","Inilah Hari yang Dijadikan TUHAN","The psalmist declares: this is the day the Lord has made; let us rejoice and be glad in it. Though written for a specific day of thanksgiving, this verse has become closely associated across Church history with Easter Sunday and, more broadly, with every Sunday, the 'little Easter' that anchors the whole liturgical week. Each Sunday, whatever season of the Church year it falls within, carries this same command: rejoice, because this particular day belongs to God in a special way.

This is a fitting note on which to close a plan about celebrating the liturgical year as a family, because it reminds us that the point of the whole calendar is not solemnity for its own sake, but rejoicing — rejoicing that takes different shapes across different seasons, quieter in Advent and Lent, exuberant in Christmas and Easter, but rejoicing nonetheless, because every season of the Church year ultimately points toward the same God who has made every day, and who is worth celebrating in each one.

Families sometimes worry that building elaborate liturgical traditions will feel burdensome, one more set of obligations layered onto an already busy calendar. But the psalmist's framing offers a corrective: this is not obligation, it is invitation to gladness. A family that lights an Advent candle, walks to Mass together, shares a special meal on a feast day, or simply pauses to name what season of the Church year it is, is not adding burden. It is practicing joy, together, on purpose, in a way that shapes children's hearts to expect gladness as a normal part of faith.

As you close this four-day plan, consider choosing just one or two small traditions to begin this year — not the whole calendar at once, but a starting point. Let your family's year be marked by seasons of waiting and seasons of feasting, and let every one of those days, ordinary or extraordinary, be received the way the psalmist received his: as a day the Lord has made, worth rejoicing in, together.","Pemazmur menyatakan: inilah hari yang dijadikan TUHAN, marilah kita bersorak-sorak dan bersukacita di dalamnya. Meski ditulis untuk hari syukur tertentu, ayat ini telah menjadi terkait erat sepanjang sejarah Gereja dengan hari Minggu Paskah, dan secara lebih luas, dengan setiap hari Minggu, 'Paskah kecil' yang menjadi poros seluruh minggu liturgi. Setiap hari Minggu, dalam musim tahun liturgi apa pun ia jatuh, membawa perintah yang sama ini: bersukacitalah, karena hari khusus ini secara istimewa adalah milik Allah.

Ini adalah catatan penutup yang pas untuk sebuah rencana tentang merayakan tahun liturgi bersama keluarga, karena ia mengingatkan kita bahwa inti dari seluruh kalender bukanlah kekhidmatan demi kekhidmatan itu sendiri, melainkan sukacita — sukacita yang mengambil bentuk berbeda di berbagai musim, lebih tenang saat Adven dan Prapaskah, meluap saat Natal dan Paskah, namun tetap sukacita, karena setiap musim tahun liturgi pada akhirnya menunjuk kepada Allah yang sama, yang telah menjadikan setiap hari, dan yang layak dirayakan di dalam masing-masingnya.

Keluarga kadang khawatir bahwa membangun tradisi liturgi yang rumit akan terasa membebani, satu lagi rangkaian kewajiban yang ditambahkan ke kalender yang sudah sibuk. Namun kerangka pemazmur menawarkan koreksi: ini bukan kewajiban, ini undangan menuju sukacita. Keluarga yang menyalakan lilin Adven, berjalan bersama ke Misa, berbagi santapan khusus pada hari raya, atau sekadar berhenti sejenak untuk menyebutkan musim tahun liturgi apa yang sedang berlangsung, tidak sedang menambah beban. Mereka sedang mempraktikkan sukacita, bersama-sama, dengan sengaja, dengan cara yang membentuk hati anak-anak untuk mengharapkan kegembiraan sebagai bagian normal dari iman.

Saat engkau menutup rencana empat hari ini, pertimbangkanlah untuk memilih hanya satu atau dua tradisi kecil untuk dimulai tahun ini — bukan seluruh kalender sekaligus, melainkan sebuah titik awal. Biarlah tahun keluargamu ditandai oleh musim penantian dan musim perayaan, dan biarlah setiap hari itu, biasa maupun istimewa, diterima sebagaimana pemazmur menerimanya: sebagai hari yang dijadikan TUHAN, layak disambut dengan sukacita, bersama-sama.","Psalm 118:24 | This is the day the Lord has made; let us rejoice and be glad in it.","Mazmur 118:24 | Inilah hari yang dijadikan TUHAN, marilah kita bersorak-sorak dan bersukacita karenanya.","What one liturgical-year tradition will your family begin this season, in a spirit of joy rather than obligation?","Tradisi tahun liturgi apa yang akan dimulai keluargamu musim ini, dalam semangat sukacita, bukan kewajiban?","Lord, thank you for the rhythm of the Church year, for every season of waiting and every season of feast. Teach our family to rejoice in each day you have made, together, for years to come. Amen.","Tuhan, terima kasih atas ritme tahun Gereja, atas setiap musim penantian dan setiap musim perayaan. Ajarilah keluarga kami bersukacita dalam setiap hari yang Engkau jadikan, bersama-sama, untuk tahun-tahun mendatang. Amin."
"Family","Keluarga","Family Traditions & Legacy","Tradisi dan Warisan Keluarga","The Faith Our Grandparents Kept","Iman yang Dipelihara oleh Kakek Nenek Kita","Three days honoring the spiritual legacy handed down before us","Tiga hari menghormati warisan rohani yang diwariskan sebelum kita","3","Behind almost every believer stands someone whose quiet, persistent faith made theirs possible — a grandparent, an ancestor, a family elder whose prayers were said in a language or a decade we may never fully know. This three-day plan honors that unseen legacy, drawing on the witness of the great cloud of faithful ones who came before, and asks what it means to receive their inheritance well and to become that same kind of ancestor for those still to come.","Di balik hampir setiap orang percaya berdiri seseorang yang iman tenang dan teguhnya membuat iman kita mungkin ada — seorang kakek atau nenek, seorang leluhur, seorang tetua keluarga yang doa-doanya diucapkan dalam bahasa atau zaman yang mungkin tidak pernah sepenuhnya kita ketahui. Rencana tiga hari ini menghormati warisan yang tak terlihat itu, mengambil kesaksian dari awan besar saksi-saksi iman yang mendahului kita, dan bertanya apa artinya menerima warisan mereka dengan baik dan menjadi leluhur semacam itu bagi mereka yang akan datang.","A solemn ink-wash illustration in the style of a vintage engraving: a weathered wooden family Bible resting open on a windowsill, an old rosary draped across its pages, sepia sunlight streaming in and catching dust motes, with the faint silhouette of an elderly couple's clasped, praying hands overlaid translucently in the background like a memory. Monochrome ink-wash technique with sepia and warm brown tones, fine cross-hatching linework reminiscent of a 19th-century engraving, aged cream paper texture. The mood is solemn, reverent, and quietly grateful, honoring generations past. All lettering is grouped together at the very top of the composition for maximum legibility, stacked on a soft solid-color band or gentle scrim so it stays readable against the artwork behind it: the title ""The Faith Our Grandparents Kept"" first, largest, in an elegant engraved serif lettering style; directly beneath it the smaller subtitle ""Three days honoring the spiritual legacy handed down before us""; and directly beneath the subtitle a compact rounded pill reading ""3 DAYS"" in bold small caps. Nothing else overlaps the illustration below. Mood: solemn, reverent, quietly grateful.","","1","Faith Is the Assurance of What Was Handed Down","Iman adalah Dasar dari Apa yang Diwariskan","The letter to the Hebrews famously defines faith as confidence in what we hope for and assurance about what we do not see. That definition is often applied to belief in unseen spiritual realities like heaven or grace, but it applies just as fittingly to family legacy. Many of us hold a faith we did not personally build from nothing — we hold assurance about a grandparent's or ancestor's devotion that we did not witness firsthand, based only on what was told to us, or what we sensed in the quiet dignity of how they lived.

Think of the elders in your own family line: perhaps a grandmother who prayed a rosary every evening in a chair by the window, a grandfather who never missed Mass despite a hard, laboring life, a great-grandparent whose name is barely remembered but whose faith, somehow, made its way down to you anyway. Much of what we know about their devotion arrives secondhand — a story told at a funeral, a worn prayer book found in a drawer, a habit a parent picked up and passed along without ever explaining where it came from. And yet that unseen faith is no less real for being unseen by us. It is, in the language of Hebrews, part of the assurance we now carry.

This ought to inspire a certain humility. Whatever faith you practice today did not spring up in a vacuum. It arrived through a chain of people, some remembered fondly, some barely remembered at all, whose faithfulness — often unglamorous, often unrecorded — made a path for yours. Faith, understood this way, is never a purely individual achievement. It is inherited ground, cultivated by hands we may never have shaken.

Today, take a few quiet moments to consider the ancestors of your faith, whether by blood or by spiritual adoption in the Church. What do you know, or sense, about their devotion? However fragmentary the record, let it become part of the assurance Hebrews describes — evidence of grace at work long before you arrived.","Surat kepada orang Ibrani secara terkenal mendefinisikan iman sebagai dasar dari segala sesuatu yang kita harapkan dan bukti dari segala sesuatu yang tidak kita lihat. Definisi itu sering diterapkan pada kepercayaan akan realitas rohani yang tak terlihat seperti surga atau rahmat, tetapi berlaku sama tepatnya bagi warisan keluarga. Banyak dari kita memegang iman yang tidak kita bangun sendiri dari nol — kita memegang keyakinan tentang kesalehan seorang kakek-nenek atau leluhur yang tidak kita saksikan secara langsung, hanya berdasarkan apa yang diceritakan kepada kita, atau apa yang kita rasakan dalam martabat tenang cara mereka hidup.

Pikirkanlah para tetua dalam garis keluargamu sendiri: mungkin seorang nenek yang mendaraskan rosario setiap malam di kursi dekat jendela, seorang kakek yang tidak pernah melewatkan Misa meski hidup keras dan penuh kerja berat, seorang buyut yang namanya nyaris tidak diingat tetapi imannya, entah bagaimana, tetap sampai kepadamu juga. Sebagian besar dari apa yang kita ketahui tentang kesalehan mereka tiba secara tidak langsung — kisah yang diceritakan di pemakaman, buku doa usang yang ditemukan di laci, kebiasaan yang diambil seorang orang tua dan diwariskan tanpa pernah menjelaskan asal-usulnya. Namun iman yang tak terlihat itu tidak kalah nyatanya karena tak terlihat oleh kita. Ia adalah, dalam bahasa surat Ibrani, bagian dari dasar keyakinan yang kini kita bawa.

Ini seharusnya menginspirasi kerendahan hati tertentu. Iman apa pun yang kau praktikkan hari ini tidak muncul begitu saja dari kekosongan. Ia tiba melalui rantai orang-orang, sebagian dikenang dengan hangat, sebagian nyaris tidak dikenang sama sekali, yang kesetiaannya — sering kali tidak mencolok, sering kali tidak tercatat — membuka jalan bagi imanmu. Iman, jika dipahami dengan cara ini, tidak pernah menjadi pencapaian yang murni individual. Ia adalah tanah warisan, diolah oleh tangan-tangan yang mungkin tidak pernah kita jabat.

Hari ini, luangkanlah beberapa saat hening untuk merenungkan para leluhur imanmu, baik melalui darah maupun melalui pengangkatan rohani dalam Gereja. Apa yang kau ketahui, atau rasakan, tentang kesalehan mereka? Sefragmentaris apa pun catatannya, biarlah itu menjadi bagian dari dasar keyakinan yang digambarkan surat Ibrani — bukti rahmat yang bekerja jauh sebelum engkau tiba.","Hebrews 11:1 | Now faith is confidence in what we hope for and assurance about what we do not see.","Ibrani 11:1 | Iman adalah dasar dari segala sesuatu yang kita harapkan dan bukti dari segala sesuatu yang tidak kita lihat.","Who in your family's past carried a faith you never witnessed directly, but that you still somehow carry today?","Siapa dalam masa lalu keluargamu yang membawa iman yang tidak pernah kau saksikan langsung, namun entah bagaimana masih kau bawa hari ini?","Lord, thank you for the unseen faith of those who came before me. Let their hidden faithfulness become visible fruit in how I live today. Amen.","Tuhan, terima kasih untuk iman yang tak terlihat dari mereka yang datang sebelumku. Biarlah kesetiaan mereka yang tersembunyi menjadi buah yang tampak dalam cara aku hidup hari ini. Amin."
"Family","Keluarga","Family Traditions & Legacy","Tradisi dan Warisan Keluarga","The Faith Our Grandparents Kept","Iman yang Dipelihara oleh Kakek Nenek Kita","Three days honoring the spiritual legacy handed down before us","Tiga hari menghormati warisan rohani yang diwariskan sebelum kita","3","Behind almost every believer stands someone whose quiet, persistent faith made theirs possible — a grandparent, an ancestor, a family elder whose prayers were said in a language or a decade we may never fully know. This three-day plan honors that unseen legacy, drawing on the witness of the great cloud of faithful ones who came before, and asks what it means to receive their inheritance well and to become that same kind of ancestor for those still to come.","Di balik hampir setiap orang percaya berdiri seseorang yang iman tenang dan teguhnya membuat iman kita mungkin ada — seorang kakek atau nenek, seorang leluhur, seorang tetua keluarga yang doa-doanya diucapkan dalam bahasa atau zaman yang mungkin tidak pernah sepenuhnya kita ketahui. Rencana tiga hari ini menghormati warisan yang tak terlihat itu, mengambil kesaksian dari awan besar saksi-saksi iman yang mendahului kita, dan bertanya apa artinya menerima warisan mereka dengan baik dan menjadi leluhur semacam itu bagi mereka yang akan datang.","A solemn ink-wash illustration in the style of a vintage engraving: a weathered wooden family Bible resting open on a windowsill, an old rosary draped across its pages, sepia sunlight streaming in and catching dust motes, with the faint silhouette of an elderly couple's clasped, praying hands overlaid translucently in the background like a memory. Monochrome ink-wash technique with sepia and warm brown tones, fine cross-hatching linework reminiscent of a 19th-century engraving, aged cream paper texture. The mood is solemn, reverent, and quietly grateful, honoring generations past. All lettering is grouped together at the very top of the composition for maximum legibility, stacked on a soft solid-color band or gentle scrim so it stays readable against the artwork behind it: the title ""The Faith Our Grandparents Kept"" first, largest, in an elegant engraved serif lettering style; directly beneath it the smaller subtitle ""Three days honoring the spiritual legacy handed down before us""; and directly beneath the subtitle a compact rounded pill reading ""3 DAYS"" in bold small caps. Nothing else overlaps the illustration below. Mood: solemn, reverent, quietly grateful.","","2","Declaring His Power to Every Generation to Come","Memberitakan Kuasa-Nya kepada Generasi yang Akan Datang","The psalmist prays: even when I am old and gray, do not forsake me, my God, till I declare your power to the next generation, your mighty acts to all who are to come. This is a prayer for longevity with a specific purpose — not simply to live long, but to live long enough to finish the work of testimony, to make sure the generation coming behind has heard what God has done. It is a prayer many grandparents and elders, whether they use these exact words or not, pray in their own way as they age.

There is something moving about imagining your own grandparents or ancestors praying some version of this prayer, even if they never said it aloud. An aging believer who keeps attending Mass despite failing health, who keeps a rosary within reach despite arthritic hands, who keeps mentioning God's faithfulness at family gatherings even when younger relatives seem distracted — this person may be living out exactly what the psalmist asked for: not forsaken, still declaring, even in old age, so that the next generation hears.

It is worth considering how this prayer might apply to your own life, regardless of your current age. Declaring God's power to the next generation is not a task reserved for the very old; it begins whenever there is a younger person watching. But there is a particular poignancy to elders who continue this declaration even as their bodies weaken, as though the mission itself outlasts their strength — a final act of generosity toward descendants some of them will never meet.

Take today to honor, in memory or in person, an elder in your family whose faith continued to declare itself even in later years. If they are still living, consider telling them what their witness has meant. If they have passed, consider how their declaration still echoes in choices you make today.","Pemazmur berdoa: bahkan pada masa tuaku, ketika rambutku telah putih, ya Allah, janganlah meninggalkan aku, sampai aku memberitakan kuasa-Mu kepada angkatan ini, keperkasaan-Mu kepada semua orang yang akan datang. Ini adalah doa untuk umur panjang dengan tujuan khusus — bukan sekadar hidup lama, melainkan hidup cukup lama untuk menyelesaikan tugas kesaksian, untuk memastikan generasi yang datang setelahnya telah mendengar apa yang telah Allah lakukan. Ini adalah doa yang dipanjatkan banyak kakek-nenek dan tetua, entah dengan kata-kata yang persis sama atau tidak, dengan cara mereka sendiri seiring bertambahnya usia.

Ada sesuatu yang menyentuh dalam membayangkan kakek-nenek atau leluhurmu sendiri mendoakan semacam doa ini, bahkan jika mereka tidak pernah mengucapkannya dengan lantang. Seorang beriman lanjut usia yang terus menghadiri Misa meski kesehatannya memburuk, yang terus menyimpan rosario dalam jangkauan meski tangannya kaku karena radang sendi, yang terus menyebutkan kesetiaan Allah dalam pertemuan keluarga bahkan ketika kerabat yang lebih muda tampak teralihkan — orang ini mungkin sedang menghidupi persis apa yang diminta pemazmur: tidak ditinggalkan, terus memberitakan, bahkan di usia tua, agar generasi berikutnya mendengar.

Layak dipertimbangkan bagaimana doa ini dapat berlaku bagi hidupmu sendiri, terlepas dari usiamu saat ini. Memberitakan kuasa Allah kepada generasi berikutnya bukanlah tugas yang disediakan hanya bagi yang sangat tua; itu dimulai kapan pun ada orang yang lebih muda sedang memperhatikan. Namun ada kepedihan tersendiri pada para tetua yang terus melanjutkan pemberitaan ini bahkan saat tubuh mereka melemah, seolah misi itu sendiri bertahan lebih lama dari kekuatan mereka — sebuah tindakan kemurahan hati terakhir bagi keturunan yang sebagian dari mereka tidak akan pernah temui.

Luangkan hari ini untuk menghormati, dalam kenangan atau secara langsung, seorang tetua dalam keluargamu yang imannya terus memberitakan diri bahkan di tahun-tahun berikutnya. Jika mereka masih hidup, pertimbangkanlah untuk memberi tahu mereka apa arti kesaksian mereka. Jika mereka telah wafat, pertimbangkanlah bagaimana pemberitaan mereka masih bergema dalam pilihan-pilihan yang kau buat hari ini.","Psalm 71:18 | Even when I am old and gray, do not forsake me, my God, till I declare your power to the next generation, your mighty acts to all who are to come.","Mazmur 71:18 | Sekalipun sampai masa tua dan putih rambut, ya Allah, janganlah meninggalkan aku, sampai aku memberitakan kuasa lengan-Mu kepada angkatan ini, keperkasaan-Mu kepada semua orang yang akan datang.","Which elder in your life continued declaring God's faithfulness even as their strength faded, and what did that teach you?","Tetua mana dalam hidupmu yang terus memberitakan kesetiaan Allah bahkan saat kekuatannya memudar, dan apa yang diajarkannya kepadamu?","Lord, do not let me be silent as I grow older. Give me the strength, whatever my age, to keep declaring your goodness to the ones who come after me. Amen.","Tuhan, jangan biarkan aku berdiam diri seiring bertambahnya usiaku. Berikanlah aku kekuatan, berapa pun usiaku, untuk terus memberitakan kebaikan-Mu kepada mereka yang datang setelahku. Amin."
"Family","Keluarga","Family Traditions & Legacy","Tradisi dan Warisan Keluarga","The Faith Our Grandparents Kept","Iman yang Dipelihara oleh Kakek Nenek Kita","Three days honoring the spiritual legacy handed down before us","Tiga hari menghormati warisan rohani yang diwariskan sebelum kita","3","Behind almost every believer stands someone whose quiet, persistent faith made theirs possible — a grandparent, an ancestor, a family elder whose prayers were said in a language or a decade we may never fully know. This three-day plan honors that unseen legacy, drawing on the witness of the great cloud of faithful ones who came before, and asks what it means to receive their inheritance well and to become that same kind of ancestor for those still to come.","Di balik hampir setiap orang percaya berdiri seseorang yang iman tenang dan teguhnya membuat iman kita mungkin ada — seorang kakek atau nenek, seorang leluhur, seorang tetua keluarga yang doa-doanya diucapkan dalam bahasa atau zaman yang mungkin tidak pernah sepenuhnya kita ketahui. Rencana tiga hari ini menghormati warisan yang tak terlihat itu, mengambil kesaksian dari awan besar saksi-saksi iman yang mendahului kita, dan bertanya apa artinya menerima warisan mereka dengan baik dan menjadi leluhur semacam itu bagi mereka yang akan datang.","A solemn ink-wash illustration in the style of a vintage engraving: a weathered wooden family Bible resting open on a windowsill, an old rosary draped across its pages, sepia sunlight streaming in and catching dust motes, with the faint silhouette of an elderly couple's clasped, praying hands overlaid translucently in the background like a memory. Monochrome ink-wash technique with sepia and warm brown tones, fine cross-hatching linework reminiscent of a 19th-century engraving, aged cream paper texture. The mood is solemn, reverent, and quietly grateful, honoring generations past. All lettering is grouped together at the very top of the composition for maximum legibility, stacked on a soft solid-color band or gentle scrim so it stays readable against the artwork behind it: the title ""The Faith Our Grandparents Kept"" first, largest, in an elegant engraved serif lettering style; directly beneath it the smaller subtitle ""Three days honoring the spiritual legacy handed down before us""; and directly beneath the subtitle a compact rounded pill reading ""3 DAYS"" in bold small caps. Nothing else overlaps the illustration below. Mood: solemn, reverent, quietly grateful.","","3","Where You Go, I Will Go","Ke Mana Engkau Pergi, Di Situ Juga Aku Pergi","Few passages in Scripture capture the choice to receive an inherited faith as movingly as Ruth's words to her mother-in-law Naomi: where you go I will go, and where you stay I will stay. Your people will be my people and your God my God. Ruth was not born into the faith of Israel; she encountered it entirely through the witness of her husband's family, and most of all through Naomi, an older woman whose own faith remained steady even through the loss of her husband and both her sons. When Ruth had every reason and every permission to return to her own people and gods, she chose instead to bind herself to Naomi's God.

This is worth remembering because it reframes what receiving a spiritual legacy actually requires: choice. A legacy of faith is not passed on automatically, like eye color or a surname. It is offered by one generation and it must be received, actively and freely, by the next. Naomi could not force her faith onto Ruth. She could only live it faithfully enough, even in grief, that Ruth found it worth choosing for herself.

Every one of us who has inherited faith from grandparents or ancestors stands, in some sense, in Ruth's position. We were shown a God through the witness of someone who came before us, and at some point — whether in a dramatic moment or through a slow accumulation of ordinary days — we had to decide whether their God would become our God too, or whether we would return, so to speak, to our own people and our own path. Receiving an inheritance well means recognizing it was a gift and not a birthright automatically owed, and then choosing it deliberately, the way Ruth chose Naomi's God on the road to Bethlehem.

As this three-day plan closes, consider both directions of Ruth's story. First, whose God has become your God because of a faithful witness who came before you — and have you ever thanked them, in prayer or in person? Second, who is watching your own faith right now, wondering whether it is real enough, steady enough, to be worth choosing for themselves? The legacy of faith travels only as far as the next person's willing 'yes.' May yours, received with gratitude, be given onward with the same open hands it was given to you.","Sedikit sekali bagian Kitab Suci yang menangkap pilihan untuk menerima iman yang diwariskan dengan begitu menyentuh seperti kata-kata Rut kepada mertuanya, Naomi: ke mana engkau pergi, ke situ jugalah aku pergi, dan di mana engkau bermalam, di situ jugalah aku bermalam. Bangsamulah bangsaku dan Allahmulah Allahku. Rut tidak terlahir dalam iman Israel; ia menjumpainya sepenuhnya melalui kesaksian keluarga suaminya, dan terutama melalui Naomi, seorang wanita yang lebih tua yang imannya sendiri tetap teguh bahkan melalui kehilangan suaminya dan kedua putranya. Ketika Rut memiliki segala alasan dan izin untuk kembali kepada bangsa dan allah-allahnya sendiri, ia justru memilih untuk mengikatkan dirinya kepada Allah Naomi.

Ini layak diingat karena membingkai ulang apa yang sebenarnya dibutuhkan untuk menerima warisan rohani: pilihan. Warisan iman tidak diwariskan secara otomatis, seperti warna mata atau nama keluarga. Ia ditawarkan oleh satu generasi dan harus diterima, secara aktif dan bebas, oleh generasi berikutnya. Naomi tidak dapat memaksakan imannya kepada Rut. Ia hanya dapat menghidupinya dengan cukup setia, bahkan dalam dukacita, sehingga Rut menemukan bahwa itu layak dipilihnya sendiri.

Setiap dari kita yang telah mewarisi iman dari kakek-nenek atau leluhur berdiri, dalam arti tertentu, di posisi Rut. Kita ditunjukkan seorang Allah melalui kesaksian seseorang yang datang sebelum kita, dan pada suatu titik — entah dalam momen dramatis atau melalui akumulasi lambat hari-hari yang biasa — kita harus memutuskan apakah Allah mereka akan menjadi Allah kita juga, atau apakah kita akan kembali, bisa dikatakan, kepada bangsa dan jalan kita sendiri. Menerima warisan dengan baik berarti menyadari bahwa itu adalah hadiah, bukan hak lahir yang otomatis terutang, dan kemudian memilihnya dengan sengaja, sebagaimana Rut memilih Allah Naomi di jalan menuju Betlehem.

Saat rencana tiga hari ini ditutup, pertimbangkanlah kedua arah kisah Rut. Pertama, Allah siapakah yang telah menjadi Allahmu karena kesaksian setia seseorang yang datang sebelummu — dan apakah engkau pernah berterima kasih kepada mereka, dalam doa atau secara langsung? Kedua, siapakah yang sedang memperhatikan imanmu sendiri sekarang, bertanya-tanya apakah itu cukup nyata, cukup teguh, untuk layak dipilih bagi diri mereka sendiri? Warisan iman hanya berjalan sejauh 'ya' yang bersedia dari orang berikutnya. Semoga imanmu, yang diterima dengan syukur, diberikan kembali ke depan dengan tangan terbuka yang sama seperti saat diberikan kepadamu.","Ruth 1:16 | Where you go I will go, and where you stay I will stay. Your people will be my people and your God my God.","Rut 1:16 | Ke mana engkau pergi, ke situ jugalah aku pergi, dan di mana engkau bermalam, di situ jugalah aku bermalam: bangsamulah bangsaku dan Allahmulah Allahku.","Whose faith did you have to choose to make your own, and who might be watching to see whether they should choose yours?","Iman siapakah yang harus kau pilih untuk menjadi imanmu sendiri, dan siapa yang mungkin sedang memperhatikan untuk melihat apakah mereka harus memilih imanmu?","Lord, thank you for the faithful witnesses who showed me your face before I could see it for myself. Let my own life be that kind of witness to someone still watching. Amen.","Tuhan, terima kasih untuk saksi-saksi setia yang menunjukkan wajah-Mu kepadaku sebelum aku dapat melihatnya sendiri. Biarlah hidupku sendiri menjadi kesaksian semacam itu bagi seseorang yang masih memperhatikan. Amin."
