"category","category_id","sub_category","sub_category_id","plan_title_en","plan_title_id","subtitle_en","subtitle_id","total_days","summary_en","summary_id","cover_prompt","cover_url","day","section_title_en","section_title_id","devotion_en","devotion_id","verses_en","verses_id","reflection_en","reflection_id","prayer_en","prayer_id"
"Healing","Pemulihan","Healing from Grief and Loss","Pemulihan dari Duka dan Kehilangan","When Someone You Love Is Gone","Ketika Orang yang Kukasihi Telah Pergi","Five days of comfort for the ache of losing someone dear","Lima hari penghiburan bagi luka kehilangan orang terkasih","5","A five-day companion for anyone walking through the death of someone they loved, offering Scripture and gentle reflection for the days when grief feels too heavy to carry alone.","Pendamping lima hari bagi siapa saja yang sedang melewati kehilangan karena kematian orang yang dikasihi, menawarkan Firman Tuhan dan renungan yang lembut untuk hari-hari ketika duka terasa terlalu berat untuk dipikul sendiri.","A gentle watercolor illustration in portrait 3:4 aspect ratio: a single wooden bench beneath a large flowering tree at the edge of a quiet meadow at dusk, soft petals drifting down and scattering across the empty seat beside a lone silhouetted figure sitting with head slightly bowed, hands folded in their lap. Loose, translucent watercolor washes bleed softly at the edges, with visible paper texture showing through. Palette: dusty rose, muted lavender, warm charcoal grey, soft gold at the horizon line, and pale ivory. Mood: quiet, aching, tender, held. All lettering is grouped together at the very top of the composition for maximum legibility, stacked on a soft solid-color band or gentle scrim so it stays readable against the artwork behind it: the title ""When Someone You Love Is Gone"" first, largest, in a soft hand-lettered serif script; directly beneath it the smaller subtitle ""Five days of comfort for the ache of losing someone dear""; and directly beneath the subtitle a compact rounded pill reading ""5 DAYS"" in bold small caps. Nothing else overlaps the illustration below. Mood: quiet, aching, tenderly held.","","1","The Weight of an Empty Chair","Beratnya Kursi yang Kosong","There is a particular kind of silence that follows the death of someone we love. It settles into rooms that used to be full of their voice, their laugh, their footsteps on the stairs. It waits for us at the table, in the car, in the space where a phone call used to be. Grief is not only sadness; it is the sudden shape of absence pressing into every ordinary moment of an ordinary day.

Many of us have been taught, quietly, that faith should make grief smaller somehow, that if we trust God enough the ache should ease on schedule. But Scripture never asks us to grieve less. It shows us Jesus himself, standing at the tomb of his friend Lazarus, weeping openly even though he knew resurrection was only moments away. If the Son of God wept at death, we do not need to apologize for our tears.

Psalm 34:18 tells us plainly where God positions himself in our sorrow: not at a distance, waiting for us to compose ourselves, but close, near to the brokenhearted. This nearness is not a metaphor to make us feel better in the abstract. It is a promise that in the exact moment the loss feels unbearable, God has already moved toward us, not away.

If today you are sitting across from an empty chair, or reaching for the phone to call someone who will not answer, let this be the truth you hold: your grief has not pushed God away. It has drawn him closer. He is not waiting on the other side of your mourning for you to arrive whole. He is here, in the middle of it, with you.","Ada semacam kesunyian tersendiri yang menyusul kematian orang yang kita kasihi. Ia mengendap di ruangan-ruangan yang dulu penuh dengan suara mereka, tawa mereka, langkah kaki mereka di tangga. Ia menunggu kita di meja makan, di dalam mobil, di ruang yang dulu diisi oleh sebuah telepon. Duka bukan hanya kesedihan; ia adalah bentuk ketiadaan yang tiba-tiba menekan setiap momen biasa dari hari yang biasa.

Banyak dari kita diam-diam diajarkan bahwa iman seharusnya membuat duka menjadi lebih ringan, bahwa jika kita cukup percaya kepada Tuhan, rasa sakit itu seharusnya mereda sesuai jadwal. Tetapi Alkitab tidak pernah meminta kita berduka lebih sedikit. Alkitab menunjukkan Yesus sendiri, berdiri di kubur sahabat-Nya Lazarus, menangis dengan terbuka padahal Ia tahu kebangkitan hanya beberapa saat lagi. Jika Anak Allah menangis di hadapan kematian, kita tidak perlu meminta maaf atas air mata kita.

Mazmur 34:19 (dalam Alkitab TB, ayat ini sering dirujuk sebagai 34:18) menyatakan dengan jelas di mana Tuhan menempatkan diri-Nya dalam kesedihan kita: bukan dari kejauhan, menunggu kita menenangkan diri, melainkan dekat, dekat dengan orang yang patah hati. Kedekatan ini bukan sekadar kiasan untuk menghibur secara abstrak. Ini adalah janji bahwa pada saat kehilangan terasa tak tertanggungkan, Tuhan sudah bergerak mendekat, bukan menjauh.

Jika hari ini engkau sedang duduk menatap kursi yang kosong, atau hendak menelepon seseorang yang tidak akan menjawab, biarlah ini menjadi kebenaran yang kau pegang: dukamu tidak mendorong Tuhan pergi. Justru dukamu menariknya lebih dekat. Ia tidak menunggu di ujung dukamu sampai engkau tiba dalam keadaan utuh. Ia ada di sini, di tengah-tengahnya, bersamamu.","Psalm 34:18 | The Lord is close to the brokenhearted and saves those who are crushed in spirit.","Mazmur 34:19 | TUHAN dekat kepada orang-orang yang patah hati, dan Ia menyelamatkan orang-orang yang remuk jiwanya.","God does not stand outside your grief waiting for you to finish it. He is close to you in it, right now.","Tuhan tidak berdiri di luar dukamu menunggu engkau menyelesaikannya. Ia dekat denganmu di dalamnya, saat ini juga.","Lord, thank You that You do not ask me to hide my tears from You. Thank You that You are near to me in this brokenhearted place. Meet me in the silence of this empty chair, and let me feel that I am not alone. Amen.","Tuhan, terima kasih karena Engkau tidak memintaku menyembunyikan air mataku dari-Mu. Terima kasih karena Engkau dekat denganku di tempat yang patah hati ini. Jumpailah aku dalam kesunyian kursi yang kosong ini, dan biarlah aku merasa bahwa aku tidak sendirian. Amin."
"Healing","Pemulihan","Healing from Grief and Loss","Pemulihan dari Duka dan Kehilangan","When Someone You Love Is Gone","Ketika Orang yang Kukasihi Telah Pergi","Five days of comfort for the ache of losing someone dear","Lima hari penghiburan bagi luka kehilangan orang terkasih","5","A five-day companion for anyone walking through the death of someone they loved, offering Scripture and gentle reflection for the days when grief feels too heavy to carry alone.","Pendamping lima hari bagi siapa saja yang sedang melewati kehilangan karena kematian orang yang dikasihi, menawarkan Firman Tuhan dan renungan yang lembut untuk hari-hari ketika duka terasa terlalu berat untuk dipikul sendiri.","A gentle watercolor illustration in portrait 3:4 aspect ratio: a single wooden bench beneath a large flowering tree at the edge of a quiet meadow at dusk, soft petals drifting down and scattering across the empty seat beside a lone silhouetted figure sitting with head slightly bowed, hands folded in their lap. Loose, translucent watercolor washes bleed softly at the edges, with visible paper texture showing through. Palette: dusty rose, muted lavender, warm charcoal grey, soft gold at the horizon line, and pale ivory. Mood: quiet, aching, tender, held. All lettering is grouped together at the very top of the composition for maximum legibility, stacked on a soft solid-color band or gentle scrim so it stays readable against the artwork behind it: the title ""When Someone You Love Is Gone"" first, largest, in a soft hand-lettered serif script; directly beneath it the smaller subtitle ""Five days of comfort for the ache of losing someone dear""; and directly beneath the subtitle a compact rounded pill reading ""5 DAYS"" in bold small caps. Nothing else overlaps the illustration below. Mood: quiet, aching, tenderly held.","","2","Jesus Wept","Yesus Menangis","The story of Lazarus in John 11 is one of the most human moments in all of Scripture. Jesus receives word that his friend is sick, delays his arrival, and by the time he reaches Bethany, Lazarus has already died. Martha and Mary, both grieving, each come to Jesus with the same raw, honest words: Lord, if you had been here, my brother would not have died. There is no pretense in their grief. They say exactly what they feel.

What happens next has comforted mourners for two thousand years. Jesus does not lecture Mary about faith or rush her toward hope. He sees her weeping, sees the crowd weeping with her, and John tells us he was deeply moved in spirit and troubled. Then come the shortest and perhaps most tender words in the entire Bible: Jesus wept. He wept knowing full well that he was about to call Lazarus out of the tomb. His tears were not about lacking hope. They were about love.

This matters more than we often realize. It means grief and faith are not opposites. You can believe fully in resurrection, in heaven, in the promises of God, and still weep at a graveside. Tears are not evidence of a small faith; they are evidence of a real love, the same love that moved through the heart of God himself when he stood among mourning friends.

So today, if you have felt guilty for how hard you are still crying, how deeply you still miss the one you lost, receive this permission from Jesus's own example. He wept. Let yourself weep too, and know that your tears are not a departure from faith but an expression of it, held safely in the hands of a God who has cried the same tears.","Kisah Lazarus dalam Yohanes 11 adalah salah satu momen paling manusiawi dalam seluruh Alkitab. Yesus menerima kabar bahwa sahabat-Nya sakit, menunda kedatangan-Nya, dan pada saat Ia tiba di Betania, Lazarus sudah meninggal. Marta dan Maria, keduanya berduka, masing-masing datang kepada Yesus dengan kata-kata yang sama jujur dan mentahnya: Tuhan, sekiranya Engkau ada di sini, saudaraku tidak mati. Tidak ada kepura-puraan dalam duka mereka. Mereka mengatakan persis apa yang mereka rasakan.

Apa yang terjadi selanjutnya telah menghibur orang-orang yang berduka selama dua ribu tahun. Yesus tidak menceramahi Maria tentang iman atau buru-buru mendorongnya menuju pengharapan. Ia melihat Maria menangis, melihat orang banyak menangis bersamanya, dan Yohanes memberitahu kita bahwa Ia sangat terharu dan menjadi gelisah hati-Nya. Lalu muncullah kata-kata terpendek dan barangkali paling menyentuh dalam seluruh Alkitab: Maka menangislah Yesus. Ia menangis meskipun Ia tahu betul bahwa sebentar lagi Ia akan memanggil Lazarus keluar dari kubur. Air mata-Nya bukan karena kekurangan pengharapan. Air mata-Nya karena kasih.

Hal ini lebih penting daripada yang sering kita sadari. Artinya duka dan iman bukanlah dua hal yang bertentangan. Engkau bisa percaya sepenuhnya kepada kebangkitan, kepada surga, kepada janji-janji Tuhan, dan tetap menangis di tepi kubur. Air mata bukan bukti iman yang kecil; air mata adalah bukti kasih yang nyata, kasih yang sama yang bergerak dalam hati Allah sendiri ketika Ia berdiri di antara sahabat-sahabat yang berduka.

Jadi hari ini, jika engkau merasa bersalah karena masih begitu sering menangis, masih begitu dalam merindukan orang yang telah pergi, terimalah izin ini dari teladan Yesus sendiri. Ia menangis. Biarkan dirimu menangis juga, dan ketahuilah bahwa air matamu bukan penyimpangan dari iman melainkan ungkapan darinya, dipegang dengan aman di tangan Tuhan yang pernah menangiskan air mata yang sama.","John 11:35 | Jesus wept.","Yohanes 11:35 | Maka menangislah Yesus.","Your tears are not a failure of faith. They are proof of love, and Jesus wept them too.","Air matamu bukan kegagalan iman. Air mata itu adalah bukti kasih, dan Yesus pun pernah menangiskannya.","Jesus, thank You for weeping at Lazarus's tomb, for showing me that grief and faith can live together in the same heart. I bring You my tears today, unashamed. Sit with me in this sorrow the way You sat with Mary and Martha. Amen.","Yesus, terima kasih karena Engkau menangis di kubur Lazarus, karena menunjukkan kepadaku bahwa duka dan iman bisa hidup bersama dalam satu hati. Aku membawa air mataku kepada-Mu hari ini, tanpa rasa malu. Duduklah bersamaku dalam kesedihan ini seperti Engkau duduk bersama Maria dan Marta. Amin."
"Healing","Pemulihan","Healing from Grief and Loss","Pemulihan dari Duka dan Kehilangan","When Someone You Love Is Gone","Ketika Orang yang Kukasihi Telah Pergi","Five days of comfort for the ache of losing someone dear","Lima hari penghiburan bagi luka kehilangan orang terkasih","5","A five-day companion for anyone walking through the death of someone they loved, offering Scripture and gentle reflection for the days when grief feels too heavy to carry alone.","Pendamping lima hari bagi siapa saja yang sedang melewati kehilangan karena kematian orang yang dikasihi, menawarkan Firman Tuhan dan renungan yang lembut untuk hari-hari ketika duka terasa terlalu berat untuk dipikul sendiri.","A gentle watercolor illustration in portrait 3:4 aspect ratio: a single wooden bench beneath a large flowering tree at the edge of a quiet meadow at dusk, soft petals drifting down and scattering across the empty seat beside a lone silhouetted figure sitting with head slightly bowed, hands folded in their lap. Loose, translucent watercolor washes bleed softly at the edges, with visible paper texture showing through. Palette: dusty rose, muted lavender, warm charcoal grey, soft gold at the horizon line, and pale ivory. Mood: quiet, aching, tender, held. All lettering is grouped together at the very top of the composition for maximum legibility, stacked on a soft solid-color band or gentle scrim so it stays readable against the artwork behind it: the title ""When Someone You Love Is Gone"" first, largest, in a soft hand-lettered serif script; directly beneath it the smaller subtitle ""Five days of comfort for the ache of losing someone dear""; and directly beneath the subtitle a compact rounded pill reading ""5 DAYS"" in bold small caps. Nothing else overlaps the illustration below. Mood: quiet, aching, tenderly held.","","3","Walking Through, Not Around","Melewati, Bukan Mengelilingi","Psalm 23 is often read at funerals, and for good reason: it names grief honestly while refusing to let it have the final word. The psalm does not promise that we will avoid the valley of the shadow of death. It assumes we will walk through it. There is no shortcut offered, no detour around the darkest terrain of loss. But there is a promise woven into that walking: I will fear no evil, for you are with me.

That phrase, through the valley, matters. Grief is not a wall we hit and stop at forever, even though in the early days it can feel exactly like that. It is a valley, a low and difficult place with an entrance and, in time, an exit, even if we cannot see that exit from where we stand today. The psalm does not rush us through it. It simply promises companionship for the whole distance.

Notice, too, what accompanies the shepherd through the valley: a rod and a staff. Not for punishment, but for comfort. Tools meant to guide, to steady a stumbling foot, to fend off danger in the dark. God does not send us into the valley of grief unequipped or alone. He walks in it with tools of comfort in hand, ready to steady us the moment we falter.

You may be deep in that valley right now, unable to see daylight ahead. That is honest, and it is allowed. But hold onto this: a valley, by definition, has another side. You are walking through, and the Shepherd who knows this terrain by heart has not left your side for a single step of it.","Mazmur 23 sering dibacakan pada upacara pemakaman, dan itu wajar: mazmur ini mengakui duka secara jujur namun menolak membiarkan duka memiliki kata akhir. Mazmur ini tidak menjanjikan bahwa kita akan terhindar dari lembah kekelaman. Mazmur ini menganggap kita akan berjalan melaluinya. Tidak ada jalan pintas yang ditawarkan, tidak ada jalan memutar mengelilingi medan tergelap dari kehilangan. Tetapi ada janji yang tertenun dalam perjalanan itu: aku tidak takut bahaya, sebab Engkau besertaku.

Frasa 'berjalan dalam lembah kekelaman' itu penting. Duka bukanlah tembok yang kita tabrak dan berhenti di situ selamanya, meski di hari-hari awal ia bisa terasa persis seperti itu. Ia adalah lembah, tempat yang rendah dan sulit, dengan pintu masuk dan, pada waktunya, pintu keluar, meski kita belum bisa melihat pintu keluar itu dari tempat kita berdiri hari ini. Mazmur ini tidak menyuruh kita bergegas melewatinya. Ia hanya menjanjikan penyertaan sepanjang perjalanan itu.

Perhatikan juga apa yang menemani sang gembala melewati lembah itu: gada dan tongkat. Bukan untuk menghukum, melainkan untuk menghibur. Alat-alat yang dimaksudkan untuk menuntun, menopang kaki yang tersandung, dan mengusir bahaya dalam kegelapan. Tuhan tidak mengirim kita ke lembah duka tanpa bekal atau sendirian. Ia berjalan di dalamnya dengan alat-alat penghiburan di tangan-Nya, siap menopang kita saat kita goyah.

Mungkin saat ini engkau sedang berada jauh di dalam lembah itu, tidak dapat melihat terang di depan. Itu jujur, dan itu diizinkan. Tetapi berpeganglah pada ini: sebuah lembah, menurut definisinya, memiliki sisi yang lain. Engkau sedang berjalan melaluinya, dan Sang Gembala yang mengenal medan ini luar kepala tidak meninggalkan sisimu barang satu langkah pun.","Psalm 23:4 | Even though I walk through the darkest valley, I will fear no evil, for you are with me; your rod and your staff, they comfort me.","Mazmur 23:4 | Sekalipun aku berjalan dalam lembah kekelaman, aku tidak takut bahaya, sebab Engkau besertaku; gada-Mu dan tongkat-Mu, itulah yang menghibur aku.","A valley has two ends. You will walk through this one, and you will not walk through it alone.","Sebuah lembah memiliki dua ujung. Engkau akan melewati lembah ini, dan engkau tidak akan melewatinya sendirian.","Good Shepherd, I am in the valley today and I cannot yet see the other side. Walk close to me. Let Your presence be more real to me than my fear. Steady my feet with Your rod and Your staff, and remind me that this valley, however long, is not my permanent home. Amen.","Gembala yang baik, aku sedang berada di lembah hari ini dan aku belum bisa melihat sisi yang lain. Berjalanlah dekat denganku. Biarlah kehadiran-Mu lebih nyata bagiku daripada ketakutanku. Topanglah langkahku dengan gada dan tongkat-Mu, dan ingatkanlah aku bahwa lembah ini, sepanjang apa pun, bukanlah tempat tinggalku yang tetap. Amin."
"Healing","Pemulihan","Healing from Grief and Loss","Pemulihan dari Duka dan Kehilangan","When Someone You Love Is Gone","Ketika Orang yang Kukasihi Telah Pergi","Five days of comfort for the ache of losing someone dear","Lima hari penghiburan bagi luka kehilangan orang terkasih","5","A five-day companion for anyone walking through the death of someone they loved, offering Scripture and gentle reflection for the days when grief feels too heavy to carry alone.","Pendamping lima hari bagi siapa saja yang sedang melewati kehilangan karena kematian orang yang dikasihi, menawarkan Firman Tuhan dan renungan yang lembut untuk hari-hari ketika duka terasa terlalu berat untuk dipikul sendiri.","A gentle watercolor illustration in portrait 3:4 aspect ratio: a single wooden bench beneath a large flowering tree at the edge of a quiet meadow at dusk, soft petals drifting down and scattering across the empty seat beside a lone silhouetted figure sitting with head slightly bowed, hands folded in their lap. Loose, translucent watercolor washes bleed softly at the edges, with visible paper texture showing through. Palette: dusty rose, muted lavender, warm charcoal grey, soft gold at the horizon line, and pale ivory. Mood: quiet, aching, tender, held. All lettering is grouped together at the very top of the composition for maximum legibility, stacked on a soft solid-color band or gentle scrim so it stays readable against the artwork behind it: the title ""When Someone You Love Is Gone"" first, largest, in a soft hand-lettered serif script; directly beneath it the smaller subtitle ""Five days of comfort for the ache of losing someone dear""; and directly beneath the subtitle a compact rounded pill reading ""5 DAYS"" in bold small caps. Nothing else overlaps the illustration below. Mood: quiet, aching, tenderly held.","","4","Blessed Are Those Who Mourn","Berbahagialah Orang yang Berdukacita","It sounds almost impossible when you first hear it. Blessed are those who mourn, Jesus says, in the middle of the Beatitudes, right alongside the poor in spirit and the meek. Blessed. Not despite mourning, but in it. This is not Jesus glorifying pain for its own sake. It is Jesus naming something true: that mourning is not a spiritual failure to be corrected, but a doorway God meets us in and moves through with us.

The word translated blessed does not mean cheerful or happy in this context. It carries the sense of being in a fortunate position before God, being one whom God draws near to and favors with his attention. To mourn, in the language of the Beatitudes, is to be seen by heaven. Your grief has not gone unnoticed. It has not slipped past God while he attended to bigger matters. It has been named, in the very words of Jesus, as a place of blessing.

And then comes the promise that completes the verse: for they will be comforted. Not maybe, not eventually if you manage your grief correctly, but will be. It is a certainty, spoken with the same confidence Jesus uses throughout the Beatitudes. The comfort may not arrive today, or even this month, but it is promised, guaranteed by the one who cannot lie.

If mourning has felt like something to hide, something that makes you feel spiritually behind, let this beatitude reframe it for you. You are not behind. You are in a place Jesus called blessed, waiting on a comfort he promised would come. Let yourself mourn fully, and trust that the same mouth that named this blessing is the mouth that will one day speak your comfort into being.","Rasanya hampir mustahil ketika pertama kali kita mendengarnya. Berbahagialah orang yang berdukacita, kata Yesus, di tengah-tengah Ucapan Bahagia, berdampingan dengan orang yang miskin di hadapan Allah dan orang yang lemah lembut. Berbahagia. Bukan meski berdukacita, melainkan di dalamnya. Ini bukan Yesus memuliakan penderitaan demi penderitaan itu sendiri. Ini Yesus menyatakan sesuatu yang benar: bahwa berdukacita bukanlah kegagalan rohani yang perlu diperbaiki, melainkan sebuah pintu yang Tuhan jumpai dan lalui bersama kita.

Kata yang diterjemahkan 'berbahagia' dalam konteks ini tidak berarti ceria atau senang. Kata itu membawa makna berada dalam posisi yang beruntung di hadapan Allah, menjadi orang yang didekati dan diperhatikan Allah dengan penuh perkenanan. Berdukacita, dalam bahasa Ucapan Bahagia, berarti dilihat oleh surga. Dukamu tidak luput dari perhatian. Ia tidak lolos begitu saja dari Tuhan sementara Ia sibuk dengan perkara-perkara yang lebih besar. Ia telah dinamai, dengan kata-kata Yesus sendiri, sebagai tempat yang diberkati.

Lalu datanglah janji yang menyempurnakan ayat itu: karena mereka akan dihibur. Bukan mungkin, bukan akhirnya jika engkau mengelola dukamu dengan benar, melainkan akan. Ini adalah kepastian, diucapkan dengan keyakinan yang sama seperti yang Yesus pakai di sepanjang Ucapan Bahagia. Penghiburan itu mungkin belum tiba hari ini, atau bahkan bulan ini, tetapi itu dijanjikan, dijamin oleh Dia yang tidak bisa berdusta.

Jika berdukacita terasa seperti sesuatu yang harus disembunyikan, sesuatu yang membuatmu merasa tertinggal secara rohani, biarlah ucapan bahagia ini membingkai ulang perasaan itu bagimu. Engkau tidak tertinggal. Engkau berada di tempat yang Yesus sebut diberkati, menantikan penghiburan yang Ia janjikan akan datang. Biarkan dirimu berdukacita sepenuhnya, dan percayalah bahwa mulut yang sama yang menyebut berkat ini adalah mulut yang suatu hari akan mengucapkan penghiburanmu menjadi nyata.","Matthew 5:4 | Blessed are those who mourn, for they will be comforted.","Matius 5:4 | Berbahagialah orang yang berdukacita, karena mereka akan dihibur.","Your mourning has not gone unnoticed by God. He calls it blessed, and He promises it will not last forever.","Dukacitamu tidak luput dari perhatian Tuhan. Ia menyebutnya berbahagia, dan Ia berjanji itu tidak akan bertahan selamanya.","Lord Jesus, thank You for calling my mourning blessed instead of shameful. I hold onto Your promise of comfort even though I cannot feel it fully yet. Meet me in this place You named, and let Your comfort find me in Your timing. Amen.","Tuhan Yesus, terima kasih karena menyebut dukacitaku berbahagia, bukan memalukan. Aku berpegang pada janji-Mu akan penghiburan meskipun aku belum bisa merasakannya sepenuhnya. Jumpailah aku di tempat yang Engkau namai ini, dan biarlah penghiburan-Mu menemukanku pada waktu-Mu. Amin."
"Healing","Pemulihan","Healing from Grief and Loss","Pemulihan dari Duka dan Kehilangan","When Someone You Love Is Gone","Ketika Orang yang Kukasihi Telah Pergi","Five days of comfort for the ache of losing someone dear","Lima hari penghiburan bagi luka kehilangan orang terkasih","5","A five-day companion for anyone walking through the death of someone they loved, offering Scripture and gentle reflection for the days when grief feels too heavy to carry alone.","Pendamping lima hari bagi siapa saja yang sedang melewati kehilangan karena kematian orang yang dikasihi, menawarkan Firman Tuhan dan renungan yang lembut untuk hari-hari ketika duka terasa terlalu berat untuk dipikul sendiri.","A gentle watercolor illustration in portrait 3:4 aspect ratio: a single wooden bench beneath a large flowering tree at the edge of a quiet meadow at dusk, soft petals drifting down and scattering across the empty seat beside a lone silhouetted figure sitting with head slightly bowed, hands folded in their lap. Loose, translucent watercolor washes bleed softly at the edges, with visible paper texture showing through. Palette: dusty rose, muted lavender, warm charcoal grey, soft gold at the horizon line, and pale ivory. Mood: quiet, aching, tender, held. All lettering is grouped together at the very top of the composition for maximum legibility, stacked on a soft solid-color band or gentle scrim so it stays readable against the artwork behind it: the title ""When Someone You Love Is Gone"" first, largest, in a soft hand-lettered serif script; directly beneath it the smaller subtitle ""Five days of comfort for the ache of losing someone dear""; and directly beneath the subtitle a compact rounded pill reading ""5 DAYS"" in bold small caps. Nothing else overlaps the illustration below. Mood: quiet, aching, tenderly held.","","5","No More Tears","Tidak Ada Lagi Air Mata","We have spent these days sitting honestly in grief, and today we lift our eyes toward something Scripture never lets us forget: this ache, however deep, is not eternal. Revelation gives us a picture of the very end of the story, a vision of God himself descending to dwell among his people, and the first thing this passage tells us he will do is wipe every tear from every eye.

Notice the tenderness of that image. Not simply that tears will stop, as if grief will be forgotten or erased, but that God himself will wipe them away, an intimate, personal gesture, the same posture a parent takes with a crying child. This is not a distant deity managing the universe from far off. This is a God who comes close enough to touch our faces in our sorrow and gently take it from us.

And then the promise widens: no more death, no more mourning, no more crying, no more pain, for the old order of things has passed away. This is not wishful thinking. It is the settled hope at the center of the Christian faith, that death and everything it steals from us is not the final chapter. The one we love who has died in faith is held in the same hands that will one day wipe away our tears, and we will be reunited in a place where loss has no more power.

This hope does not erase the reality of today's grief, and it is not meant to rush you past it. But it can steady you while you walk through it. The tears you cry now are not wasted, and they are not permanent. One day, they will be wiped away by the very hand that made you, and everything that has been lost will be found again in him.","Selama hari-hari ini kita telah duduk dengan jujur di dalam duka, dan hari ini kita mengangkat mata kepada sesuatu yang Alkitab tidak pernah biarkan kita lupakan: kepedihan ini, sedalam apa pun, bukanlah kekal. Kitab Wahyu memberi kita gambaran tentang akhir dari kisah itu sendiri, sebuah penglihatan tentang Allah sendiri turun untuk diam bersama umat-Nya, dan hal pertama yang dikatakan bagian ini akan Ia lakukan adalah menyeka segala air mata dari mata mereka.

Perhatikan kelembutan gambaran itu. Bukan sekadar bahwa air mata akan berhenti, seolah duka akan dilupakan atau dihapuskan, melainkan bahwa Allah sendiri yang akan menyekanya, sebuah gerakan yang intim dan personal, sikap yang sama seperti seorang orang tua kepada anaknya yang menangis. Ini bukan sosok ilahi yang jauh mengelola alam semesta dari kejauhan. Ini adalah Tuhan yang datang cukup dekat untuk menyentuh wajah kita dalam kesedihan kita dan dengan lembut mengambilnya dari kita.

Lalu janji itu meluas: maut tidak akan ada lagi; tidak akan ada lagi perkabungan, atau ratap tangis, atau dukacita, sebab segala sesuatu yang lama itu telah berlalu. Ini bukan angan-angan kosong. Ini adalah pengharapan yang mapan di pusat iman Kristen, bahwa kematian dan segala sesuatu yang dirampasnya dari kita bukanlah babak terakhir. Orang yang kita kasihi yang telah meninggal dalam iman dipegang oleh tangan yang sama yang suatu hari akan menyeka air mata kita, dan kita akan dipersatukan kembali di tempat di mana kehilangan tidak lagi memiliki kuasa.

Pengharapan ini tidak menghapus kenyataan duka hari ini, dan tidak dimaksudkan untuk membuatmu buru-buru melewatinya. Tetapi pengharapan ini bisa menopangmu selama engkau berjalan melaluinya. Air mata yang kau tangiskan sekarang tidak sia-sia, dan tidak bersifat tetap. Suatu hari, air mata itu akan diseka oleh tangan yang sama yang menciptakanmu, dan segala sesuatu yang telah hilang akan ditemukan kembali di dalam Dia.","Revelation 21:4 | He will wipe every tear from their eyes. There will be no more death or mourning or crying or pain, for the old order of things has passed away.","Wahyu 21:4 | Dan Ia akan menghapus segala air mata dari mata mereka, dan maut tidak akan ada lagi; tidak akan ada lagi perkabungan, atau ratap tangis, atau dukacita, sebab segala sesuatu yang lama itu telah berlalu.","This grief is real, but it is not forever. God himself will one day wipe every tear from your eyes.","Duka ini nyata, tetapi tidak abadi. Allah sendiri suatu hari akan menyeka setiap air mata dari matamu.","Father, thank You for the hope that this pain is not the end of the story. While I wait for the day You wipe every tear away, hold me steady, comfort me in the waiting, and let hope live alongside my grief rather than replace it before its time. Amen.","Bapa, terima kasih atas pengharapan bahwa penderitaan ini bukanlah akhir dari kisah. Sementara aku menunggu hari ketika Engkau menyeka setiap air mata, topanglah aku, hiburlah aku dalam penantian ini, dan biarlah pengharapan hidup berdampingan dengan dukaku, bukan menggantikannya sebelum waktunya. Amin."
"Healing","Pemulihan","Healing from Grief and Loss","Pemulihan dari Duka dan Kehilangan","Grief Without a Timetable","Duka Tanpa Batas Waktu","Three days of grace for grief that lingers longer than expected","Tiga hari anugerah bagi duka yang bertahan lebih lama dari perkiraan","3","A short, focused three-day plan for those who feel behind schedule in their grief, offering permission and Scripture for the seasons when sorrow refuses to follow a neat timeline.","Rencana tiga hari yang singkat dan terfokus bagi mereka yang merasa tertinggal dalam jadwal berdukanya, menawarkan izin dan Firman Tuhan bagi masa-masa ketika kesedihan menolak mengikuti garis waktu yang rapi.","A minimalist linocut-style illustration in portrait 3:4 aspect ratio: a bare winter tree standing alone on a small hill, its roots visible and tangled deep into the soil below, a thin crescent moon overhead, and a single bird perched on a low branch. Bold, carved black linocut lines with limited flat color fills, textured grain visible in the print. Palette: deep indigo night sky, warm terracotta hill, soft cream negative space, and a touch of muted gold for the moon. Mood: patient, rooted, unhurried. All lettering is grouped together at the very top of the composition for maximum legibility, stacked on a soft solid-color band or gentle scrim so it stays readable against the artwork behind it: the title ""Grief Without a Timetable"" first, largest, in a bold carved woodblock-style typeface; directly beneath it the smaller subtitle ""Three days of grace for grief that lingers longer than expected""; and directly beneath the subtitle a compact rounded pill reading ""3 DAYS"" in bold small caps. Nothing else overlaps the illustration below. Mood: patient, rooted, quietly enduring.","","1","There Is No Deadline on Sorrow","Tidak Ada Batas Waktu untuk Kesedihan","Somewhere along the way, many of us absorbed an unspoken rule: grief has a season, and after that season, it is time to move on. Friends stop asking how we are doing. The casseroles stop arriving. The world resumes its ordinary pace around us, and we are left quietly wondering why we still feel the way we felt in the first raw weeks, long after everyone else assumed we would be fine.

Ecclesiastes offers a different rhythm than the one our culture often expects of us. There is a time to weep, the Preacher writes, and a time to laugh; a time to mourn, and a time to dance. Notice that mourning is given its own dedicated time, not squeezed into the margins of laughter, not rushed toward dancing before its season has run its course. Scripture does not put a clock on sorrow. It simply names it as one of the seasons every human life will pass through.

This means that if your grief has outlasted what others expected, or what you expected of yourself, you have not failed at grieving. You are not doing it wrong. Loss does not move at the pace of a calendar; it moves at the pace of a relationship, a history, a love that took years to build and cannot be unwound in weeks. There is no shame in a mourning that takes longer than the people around you can stay patient for.

Wherever you are today, whether this is the first month of your loss or the fifth year, let this truth loosen the pressure you may be carrying: there is a time for this. You are not behind. You are simply still in the season Scripture always said you would need.","Entah bagaimana, banyak dari kita menyerap aturan yang tak terucapkan: duka punya musimnya sendiri, dan setelah musim itu berlalu, sudah waktunya untuk melanjutkan hidup. Teman-teman berhenti bertanya bagaimana keadaan kita. Bantuan makanan berhenti datang. Dunia melanjutkan ritme biasanya di sekitar kita, dan kita diam-diam bertanya-tanya mengapa kita masih merasakan hal yang sama seperti pada minggu-minggu pertama yang begitu perih, jauh setelah orang lain mengira kita seharusnya sudah baik-baik saja.

Kitab Pengkhotbah menawarkan ritme yang berbeda dari yang sering diharapkan budaya kita. Ada waktu untuk menangis, tulis sang Pengkhotbah, dan waktu untuk tertawa; ada waktu untuk meratap, dan waktu untuk menari. Perhatikan bahwa meratap diberikan waktunya sendiri secara khusus, tidak diperas ke sela-sela tawa, tidak buru-buru didorong menuju tarian sebelum musimnya berlalu. Alkitab tidak memasang jam pada kesedihan. Alkitab hanya menyebutnya sebagai salah satu musim yang akan dilalui setiap kehidupan manusia.

Ini berarti jika dukamu telah berlangsung lebih lama dari yang diharapkan orang lain, atau yang kau harapkan dari dirimu sendiri, engkau tidak gagal dalam berduka. Engkau tidak melakukannya dengan salah. Kehilangan tidak bergerak menurut kecepatan kalender; ia bergerak menurut kecepatan sebuah hubungan, sebuah sejarah, sebuah kasih yang butuh bertahun-tahun untuk dibangun dan tidak bisa diurai dalam hitungan minggu. Tidak ada rasa malu dalam perkabungan yang memakan waktu lebih lama daripada kesabaran orang-orang di sekitarmu.

Di mana pun engkau berada hari ini, entah ini bulan pertama kehilanganmu atau tahun kelima, biarlah kebenaran ini melonggarkan tekanan yang mungkin sedang kau pikul: ada waktu untuk ini. Engkau tidak tertinggal. Engkau hanya sedang berada di musim yang selalu dikatakan Alkitab akan kau perlukan.","Ecclesiastes 3:4 | A time to weep and a time to laugh, a time to mourn and a time to dance.","Pengkhotbah 3:4 | ada waktu untuk menangis, ada waktu untuk tertawa, ada waktu untuk meratap, ada waktu untuk menari,","Grief that outlasts other people's patience is not grief done wrong. It is simply still in its season.","Duka yang bertahan lebih lama dari kesabaran orang lain bukan berarti duka yang salah. Ia hanya sedang berada dalam musimnya.","Lord, I confess I have felt ashamed for still hurting this much, this long. Free me from the pressure of a deadline no one but my own fear set for me. Teach me to trust that You made room in this life for a season of mourning, and that I am allowed to still be in it. Amen.","Tuhan, aku mengaku bahwa aku merasa malu karena masih begitu sakit, sudah begitu lama. Bebaskan aku dari tekanan batas waktu yang sebenarnya tidak ditetapkan oleh siapa pun kecuali ketakutanku sendiri. Ajarilah aku untuk percaya bahwa Engkau menyediakan ruang dalam hidup ini untuk musim perkabungan, dan bahwa aku diizinkan untuk masih berada di dalamnya. Amin."
"Healing","Pemulihan","Healing from Grief and Loss","Pemulihan dari Duka dan Kehilangan","Grief Without a Timetable","Duka Tanpa Batas Waktu","Three days of grace for grief that lingers longer than expected","Tiga hari anugerah bagi duka yang bertahan lebih lama dari perkiraan","3","A short, focused three-day plan for those who feel behind schedule in their grief, offering permission and Scripture for the seasons when sorrow refuses to follow a neat timeline.","Rencana tiga hari yang singkat dan terfokus bagi mereka yang merasa tertinggal dalam jadwal berdukanya, menawarkan izin dan Firman Tuhan bagi masa-masa ketika kesedihan menolak mengikuti garis waktu yang rapi.","A minimalist linocut-style illustration in portrait 3:4 aspect ratio: a bare winter tree standing alone on a small hill, its roots visible and tangled deep into the soil below, a thin crescent moon overhead, and a single bird perched on a low branch. Bold, carved black linocut lines with limited flat color fills, textured grain visible in the print. Palette: deep indigo night sky, warm terracotta hill, soft cream negative space, and a touch of muted gold for the moon. Mood: patient, rooted, unhurried. All lettering is grouped together at the very top of the composition for maximum legibility, stacked on a soft solid-color band or gentle scrim so it stays readable against the artwork behind it: the title ""Grief Without a Timetable"" first, largest, in a bold carved woodblock-style typeface; directly beneath it the smaller subtitle ""Three days of grace for grief that lingers longer than expected""; and directly beneath the subtitle a compact rounded pill reading ""3 DAYS"" in bold small caps. Nothing else overlaps the illustration below. Mood: patient, rooted, quietly enduring.","","2","New Mercies When the Ache Returns","Kasih Setia yang Baru Ketika Kepedihan Kembali","One of the strangest parts of long grief is how it ambushes us. Months, even years after the loss, we think we have found stable ground, and then a song on the radio, a certain smell, an anniversary on the calendar, and suddenly the wave rises again, as sharp as it was in the beginning. This can feel like failure, like proof we never really healed at all. But it is simply how grief moves; not in a straight line, but in a spiral that keeps returning to the same center from different angles.

Lamentations was written from the depths of unimaginable loss, and yet from that same book comes one of Scripture's most quoted lines of hope: the steadfast love of the Lord never ceases, his mercies never come to an end; they are new every morning. This was not written by someone who had moved past grief. It was written by someone still living inside catastrophic loss, discovering that God's mercy did not run out simply because the sorrow had not.

This means that on the days the grief resurfaces unexpectedly, God's mercy resurfaces with it, freshly, that same morning, not depleted by how many times you have needed it before. You do not use up God's compassion by grieving again. His steadfast love does not diminish with repetition. Every hard morning, no matter how many hard mornings have come before it, meets a mercy that has never once run dry.

So when the ache returns unannounced, you do not have to treat it as a setback. You can simply meet it the way the writer of Lamentations did: naming the pain honestly, and then reaching for the mercy that is, once again, new.","Salah satu bagian paling aneh dari duka yang panjang adalah bagaimana ia menerkam kita tiba-tiba. Berbulan-bulan, bahkan bertahun-tahun setelah kehilangan, kita mengira telah menemukan pijakan yang stabil, lalu sebuah lagu di radio, aroma tertentu, tanggal peringatan di kalender, dan tiba-tiba gelombang itu naik lagi, setajam pada awal mulanya. Ini bisa terasa seperti kegagalan, seperti bukti bahwa kita sebenarnya tidak pernah benar-benar pulih. Tetapi memang begitulah duka bergerak; bukan dalam garis lurus, melainkan dalam spiral yang terus kembali ke pusat yang sama dari sudut yang berbeda.

Kitab Ratapan ditulis dari kedalaman kehilangan yang tak terbayangkan, namun dari kitab yang sama itu muncul salah satu ayat pengharapan yang paling sering dikutip dalam Alkitab: kasih setia TUHAN tak berkesudahan, rahmat-Nya tidak habis-habisnya, selalu baru tiap pagi. Ini bukan ditulis oleh seseorang yang telah melewati dukanya. Ini ditulis oleh seseorang yang masih hidup di dalam kehilangan yang dahsyat, menemukan bahwa rahmat Tuhan tidak habis hanya karena kesedihannya belum habis.

Ini berarti pada hari-hari ketika duka muncul kembali secara tak terduga, rahmat Tuhan pun muncul kembali bersamanya, dengan segar, pada pagi yang sama, tidak berkurang oleh seberapa sering engkau membutuhkannya sebelumnya. Engkau tidak menghabiskan belas kasihan Tuhan dengan berduka lagi. Kasih setia-Nya tidak berkurang karena pengulangan. Setiap pagi yang berat, tidak peduli berapa banyak pagi berat yang telah datang sebelumnya, disambut oleh rahmat yang tidak pernah sekalipun kering.

Jadi ketika kepedihan itu kembali tanpa pemberitahuan, engkau tidak perlu menganggapnya sebagai kemunduran. Engkau bisa menghadapinya seperti yang dilakukan penulis Ratapan: menyebut rasa sakit itu dengan jujur, lalu meraih rahmat yang, sekali lagi, baru.","Lamentations 3:22-23 | Because of the Lord's great love we are not consumed, for his compassions never fail. They are new every morning; great is your faithfulness.","Ratapan 3:22-23 | Tak berkesudahan kasih setia TUHAN, tak habis-habisnya rahmat-Nya, selalu baru tiap pagi; besar kesetiaan-Mu!","Grief resurfacing is not a setback. It simply meets a mercy that is, once again, brand new.","Duka yang muncul kembali bukanlah kemunduran. Ia hanya bertemu dengan rahmat yang, sekali lagi, benar-benar baru.","Faithful God, when the ache returns without warning, remind me that Your mercy returns with it, just as new. I do not have to fear that I have used up Your patience by grieving again. Meet me this morning with mercy I have not earned but You have promised. Amen.","Tuhan yang setia, ketika kepedihan itu kembali tanpa peringatan, ingatkanlah aku bahwa rahmat-Mu kembali bersamanya, sama barunya. Aku tidak perlu takut telah menghabiskan kesabaran-Mu karena berduka lagi. Jumpailah aku pagi ini dengan rahmat yang tidak kuperoleh dari usahaku sendiri tetapi telah Engkau janjikan. Amin."
"Healing","Pemulihan","Healing from Grief and Loss","Pemulihan dari Duka dan Kehilangan","Grief Without a Timetable","Duka Tanpa Batas Waktu","Three days of grace for grief that lingers longer than expected","Tiga hari anugerah bagi duka yang bertahan lebih lama dari perkiraan","3","A short, focused three-day plan for those who feel behind schedule in their grief, offering permission and Scripture for the seasons when sorrow refuses to follow a neat timeline.","Rencana tiga hari yang singkat dan terfokus bagi mereka yang merasa tertinggal dalam jadwal berdukanya, menawarkan izin dan Firman Tuhan bagi masa-masa ketika kesedihan menolak mengikuti garis waktu yang rapi.","A minimalist linocut-style illustration in portrait 3:4 aspect ratio: a bare winter tree standing alone on a small hill, its roots visible and tangled deep into the soil below, a thin crescent moon overhead, and a single bird perched on a low branch. Bold, carved black linocut lines with limited flat color fills, textured grain visible in the print. Palette: deep indigo night sky, warm terracotta hill, soft cream negative space, and a touch of muted gold for the moon. Mood: patient, rooted, unhurried. All lettering is grouped together at the very top of the composition for maximum legibility, stacked on a soft solid-color band or gentle scrim so it stays readable against the artwork behind it: the title ""Grief Without a Timetable"" first, largest, in a bold carved woodblock-style typeface; directly beneath it the smaller subtitle ""Three days of grace for grief that lingers longer than expected""; and directly beneath the subtitle a compact rounded pill reading ""3 DAYS"" in bold small caps. Nothing else overlaps the illustration below. Mood: patient, rooted, quietly enduring.","","3","Beauty From Ashes, In Its Own Time","Keindahan dari Abu, Pada Waktunya Sendiri","Isaiah gives us one of Scripture's most striking images of long-term healing: God promising a crown of beauty instead of ashes, the oil of gladness instead of mourning, a garment of praise instead of a spirit of despair. This is not a promise offered lightly to people who have merely had a rough week. It is spoken to a people carrying generations of grief, exile, and loss, people for whom recovery was not quick or simple.

What strikes many of us reading this passage after years of lingering grief is that the ashes are not denied or hurried past. The verse names them plainly before it names the crown that will one day replace them. God does not ask us to pretend the ashes were never there. He simply promises that ashes are not the final material he intends to work with. There is a redesign coming, even if it takes far longer than we would choose.

This kind of promise resists a quick timeline precisely because it is describing a genuine transformation, not a coat of paint. Oil of gladness does not appear the moment ashes do; it comes through a process, often a slow one, of grief being tended rather than rushed, of a heart being allowed the time it actually needs rather than the time others think it should take.

If your grief has lingered longer than anyone expected, this promise is still for you, not a promise that has expired because too much time has passed, but one that assumes long seasons and speaks directly into them. The ashes you carry today are not the end of the story God is writing. In his own timing, and not before, beauty is still coming.","Kitab Yesaya memberi kita salah satu gambaran paling menonjol dalam Alkitab tentang pemulihan jangka panjang: Tuhan menjanjikan hiasan kepala pengganti abu, minyak sukacita pengganti perkabungan, nyanyian pujian pengganti semangat yang pudar. Ini bukan janji yang diucapkan begitu saja kepada orang-orang yang sekadar melewati minggu yang berat. Ini diucapkan kepada umat yang memikul duka, pembuangan, dan kehilangan lintas generasi, orang-orang yang pemulihannya tidak cepat atau sederhana.

Yang mengejutkan banyak dari kita yang membaca bagian ini setelah bertahun-tahun berduka berlarut adalah bahwa abu itu tidak disangkal atau dilewati dengan buru-buru. Ayat ini menyebut abu itu dengan jelas sebelum menyebut hiasan kepala yang suatu hari akan menggantikannya. Tuhan tidak meminta kita berpura-pura bahwa abu itu tidak pernah ada. Ia hanya menjanjikan bahwa abu bukanlah bahan terakhir yang Ia maksudkan untuk dikerjakan. Ada perancangan ulang yang akan datang, meski butuh waktu jauh lebih lama daripada yang kita inginkan.

Janji semacam ini menolak garis waktu yang cepat justru karena ia menggambarkan transformasi sejati, bukan sekadar lapisan cat. Minyak sukacita tidak muncul pada saat yang sama dengan abu; ia datang melalui sebuah proses, sering kali proses yang lambat, di mana duka dirawat dan bukan dipaksakan, di mana hati diberi waktu yang benar-benar dibutuhkannya, bukan waktu yang menurut orang lain seharusnya cukup.

Jika dukamu telah berlarut lebih lama dari yang diperkirakan siapa pun, janji ini tetap untukmu, bukan janji yang kedaluwarsa karena terlalu banyak waktu telah berlalu, melainkan janji yang justru mengasumsikan musim-musim yang panjang dan berbicara langsung ke dalamnya. Abu yang kau pikul hari ini bukanlah akhir dari kisah yang sedang Tuhan tuliskan. Pada waktu-Nya sendiri, dan tidak lebih cepat dari itu, keindahan masih akan datang.","Isaiah 61:3 | To bestow on them a crown of beauty instead of ashes, the oil of joy instead of mourning, and a garment of praise instead of a spirit of despair.","Yesaya 61:3 | untuk mengenakan kepada mereka yang berkabung di Sion suatu hiasan kepala ganti abu, minyak sukaria ganti kabung, nyanyian puji-pujian ganti semangat yang pudar.","God does not deny your ashes. He simply promises they are not the last material he intends to work with.","Tuhan tidak menyangkal abumu. Ia hanya berjanji bahwa abu itu bukanlah bahan terakhir yang hendak Ia kerjakan.","Lord, I bring You the ashes I am still carrying, however long they have been mine. I do not ask You to rush the process, only to keep Your promise in view. Grow in me the patience to let this transformation unfold in Your time, trusting that beauty is still coming. Amen.","Tuhan, aku membawa kepada-Mu abu yang masih kupikul, sudah berapa lama pun itu menjadi milikku. Aku tidak meminta-Mu mempercepat prosesnya, hanya memohon agar janji-Mu tetap terlihat olehku. Tumbuhkanlah dalam diriku kesabaran untuk membiarkan perubahan ini terjadi menurut waktu-Mu, sambil percaya bahwa keindahan masih akan datang. Amin."
"Healing","Pemulihan","Healing from Grief and Loss","Pemulihan dari Duka dan Kehilangan","Learning to Hope Again","Belajar Berharap Lagi","A seven-day journey toward hope after a season of loss","Perjalanan tujuh hari menuju pengharapan setelah masa kehilangan","7","A seven-day devotional for anyone rebuilding after loss of any kind, whether a loved one, a job, a relationship, or a season of life that ended before they were ready, walking gently from lament toward renewed hope in God.","Renungan tujuh hari bagi siapa saja yang sedang membangun kembali hidupnya setelah kehilangan dalam bentuk apa pun, entah orang terkasih, pekerjaan, hubungan, atau sebuah masa kehidupan yang berakhir sebelum mereka siap, berjalan dengan lembut dari ratapan menuju pengharapan yang diperbarui di dalam Tuhan.","A retro travel-poster style illustration in portrait 3:4 aspect ratio: a solitary winding path climbing from a shadowed valley up toward a sunrise breaking over distant hills, small wildflowers pushing up through cracked, dry ground along the path's edge. Bold flat color shapes, confident outlines, subtle halftone grain texture typical of mid-century travel posters. Palette: deep plum shadow, burnt orange sunrise, mustard yellow, sage green, and warm cream sky. Mood: hopeful, resilient, forward-leaning. All lettering is grouped together at the very top of the composition for maximum legibility, stacked on a soft solid-color band or gentle scrim so it stays readable against the artwork behind it: the title ""Learning to Hope Again"" first, largest, in a bold retro poster typeface; directly beneath it the smaller subtitle ""A seven-day journey toward hope after a season of loss""; and directly beneath the subtitle a compact rounded pill reading ""7 DAYS"" in bold small caps. Nothing else overlaps the illustration below. Mood: hopeful, resilient, quietly rising.","","1","Naming What Was Lost","Menamai Apa yang Hilang","Loss wears many faces. Sometimes it is the death of someone we loved. Sometimes it is a job that ended without warning, a relationship that could not be saved, a diagnosis that closed a door we thought would always be open, or simply a season of life, a version of our future, that we had to let go of before we were ready. All of these losses are real, even the ones that do not come with a funeral, and all of them deserve to be grieved honestly rather than minimized because someone else's loss looks bigger.

This seven-day journey begins here, not with hope, but with honesty. Before we can walk toward renewed hope, we have to be willing to name clearly what has actually been lost. Vague sadness is hard to bring to God. Specific, named grief, the job, the relationship, the plan, the person, the season, is something we can actually hold up and offer to him in prayer.

Scripture never rushes past this step. The psalms are full of laments, raw and specific, naming exactly what has gone wrong before ever arriving at praise. The writers of these prayers trusted that God could handle the full weight of their disappointment, their anger, their confusion, without flinching or turning away. That same invitation stands open to us today.

So before we move toward hope this week, take a moment to simply name what you have lost, out loud or in writing, without softening it or comparing it to anyone else's pain. This is not wallowing. This is the honest first step of a journey that is genuinely headed somewhere good.","Kehilangan memiliki banyak wajah. Kadang ia adalah kematian seseorang yang kita kasihi. Kadang ia adalah pekerjaan yang berakhir tanpa peringatan, hubungan yang tidak dapat diselamatkan, diagnosis yang menutup pintu yang kita kira akan selalu terbuka, atau sekadar sebuah masa kehidupan, sebuah versi masa depan kita, yang harus kita lepaskan sebelum kita siap. Semua kehilangan ini nyata, bahkan yang tidak disertai upacara pemakaman, dan semuanya layak untuk diratapi secara jujur, bukan diperkecil karena kehilangan orang lain terlihat lebih besar.

Perjalanan tujuh hari ini dimulai di sini, bukan dengan pengharapan, melainkan dengan kejujuran. Sebelum kita bisa berjalan menuju pengharapan yang diperbarui, kita harus mau menamai dengan jelas apa yang sebenarnya telah hilang. Kesedihan yang samar sulit dibawa kepada Tuhan. Duka yang spesifik dan dinamai, pekerjaan itu, hubungan itu, rencana itu, orang itu, masa itu, adalah sesuatu yang benar-benar bisa kita angkat dan persembahkan kepada-Nya dalam doa.

Alkitab tidak pernah melewati langkah ini dengan tergesa-gesa. Kitab Mazmur penuh dengan ratapan, mentah dan spesifik, menamai persis apa yang salah sebelum akhirnya tiba pada pujian. Para penulis doa-doa ini percaya bahwa Tuhan sanggup menanggung seluruh beban kekecewaan, kemarahan, dan kebingungan mereka, tanpa gentar atau berpaling. Undangan yang sama itu tetap terbuka bagi kita hari ini.

Jadi sebelum kita melangkah menuju pengharapan minggu ini, luangkan waktu untuk menamai apa yang telah kau hilangkan, dengan suara keras atau dengan tulisan, tanpa memperhalusnya atau membandingkannya dengan penderitaan orang lain. Ini bukan berkubang dalam kesedihan. Ini adalah langkah pertama yang jujur dari sebuah perjalanan yang sungguh-sungguh menuju sesuatu yang baik.","Psalm 142:2 | I pour out before him my complaint; before him I tell my trouble.","Mazmur 142:3 | Aku mencurahkan pengaduanku ke hadapan-Nya, kesesakanku kuceritakan di hadapan-Nya.","Naming your loss honestly to God is not weakness. It is the first honest step toward genuine hope.","Menamai kehilanganmu dengan jujur kepada Tuhan bukanlah kelemahan. Itu adalah langkah jujur pertama menuju pengharapan yang sejati.","Lord, today I name before You what I have lost, without minimizing it and without pretending it does not matter. Thank You for being a God who can hold my honest words. Meet me in this naming, and walk with me toward whatever comes next. Amen.","Tuhan, hari ini aku menamai di hadapan-Mu apa yang telah kuhilangkan, tanpa memperkecilnya dan tanpa berpura-pura itu tidak penting. Terima kasih karena Engkau adalah Tuhan yang sanggup menampung kata-kataku yang jujur. Jumpailah aku dalam penamaan ini, dan berjalanlah bersamaku menuju apa pun yang akan datang selanjutnya. Amin."
"Healing","Pemulihan","Healing from Grief and Loss","Pemulihan dari Duka dan Kehilangan","Learning to Hope Again","Belajar Berharap Lagi","A seven-day journey toward hope after a season of loss","Perjalanan tujuh hari menuju pengharapan setelah masa kehilangan","7","A seven-day devotional for anyone rebuilding after loss of any kind, whether a loved one, a job, a relationship, or a season of life that ended before they were ready, walking gently from lament toward renewed hope in God.","Renungan tujuh hari bagi siapa saja yang sedang membangun kembali hidupnya setelah kehilangan dalam bentuk apa pun, entah orang terkasih, pekerjaan, hubungan, atau sebuah masa kehidupan yang berakhir sebelum mereka siap, berjalan dengan lembut dari ratapan menuju pengharapan yang diperbarui di dalam Tuhan.","A retro travel-poster style illustration in portrait 3:4 aspect ratio: a solitary winding path climbing from a shadowed valley up toward a sunrise breaking over distant hills, small wildflowers pushing up through cracked, dry ground along the path's edge. Bold flat color shapes, confident outlines, subtle halftone grain texture typical of mid-century travel posters. Palette: deep plum shadow, burnt orange sunrise, mustard yellow, sage green, and warm cream sky. Mood: hopeful, resilient, forward-leaning. All lettering is grouped together at the very top of the composition for maximum legibility, stacked on a soft solid-color band or gentle scrim so it stays readable against the artwork behind it: the title ""Learning to Hope Again"" first, largest, in a bold retro poster typeface; directly beneath it the smaller subtitle ""A seven-day journey toward hope after a season of loss""; and directly beneath the subtitle a compact rounded pill reading ""7 DAYS"" in bold small caps. Nothing else overlaps the illustration below. Mood: hopeful, resilient, quietly rising.","","2","Comfort That Was Meant to Be Shared","Penghiburan yang Dimaksudkan untuk Dibagikan","Paul opens his second letter to the Corinthians with an idea that reframes the purpose of comfort itself. God, he writes, is the Father of compassion and the God of all comfort, who comforts us in all our troubles, so that we can comfort those in any trouble with the comfort we ourselves have received from God. Comfort, in other words, was never meant to be a private possession. It is given so it can move through us to someone else.

This does not mean your pain exists merely to serve a future purpose, or that you need to feel ready to help anyone right now. Today is not about performing recovery for someone else's benefit. But there is something quietly hopeful in knowing that the comfort God is giving you in this season, however small it feels some days, is not being wasted. It is being stored up, shaping you into someone who will one day recognize another person's pain and know exactly how to sit with them in it.

Many of us who have walked through significant loss can look back and see this pattern already at work. The people who have comforted us best are rarely those who read the most books on grief. They are the ones who have grieved themselves, who know the specific weight of what we are carrying because they have carried something like it. Their presence heals in a way that a stranger's advice never could.

You do not need to feel strong today for this truth to be real. Simply receive what comfort God offers you now, however it comes, through Scripture, through a friend, through quiet moments of peace that surprise you. One day, this same comfort will move through you toward someone else who needs exactly what you are learning to receive.","Paulus membuka suratnya yang kedua kepada jemaat di Korintus dengan sebuah gagasan yang membingkai ulang tujuan dari penghiburan itu sendiri. Allah, tulisnya, adalah Bapa yang penuh belas kasihan dan Allah sumber segala penghiburan, yang menghibur kita dalam segala penderitaan kita, sehingga kita pun sanggup menghibur mereka yang berada dalam bermacam-macam penderitaan dengan penghiburan yang telah kita terima sendiri dari Allah. Penghiburan, dengan kata lain, tidak pernah dimaksudkan menjadi milik pribadi. Penghiburan diberikan agar bisa mengalir melalui kita kepada orang lain.

Ini bukan berarti penderitaanmu ada semata-mata untuk melayani tujuan di masa depan, atau bahwa engkau perlu merasa siap membantu siapa pun sekarang. Hari ini bukan tentang menampilkan pemulihan demi kepentingan orang lain. Tetapi ada sesuatu yang diam-diam penuh pengharapan dalam mengetahui bahwa penghiburan yang Tuhan berikan kepadamu dalam masa ini, sekecil apa pun terasanya di hari-hari tertentu, tidak sedang disia-siakan. Penghiburan itu sedang disimpan, membentukmu menjadi seseorang yang suatu hari akan mengenali penderitaan orang lain dan tahu persis bagaimana duduk bersama mereka di dalamnya.

Banyak dari kita yang telah melewati kehilangan besar bisa menoleh ke belakang dan melihat pola ini sudah bekerja. Orang-orang yang paling baik menghibur kita jarang adalah mereka yang paling banyak membaca buku tentang duka. Mereka adalah orang-orang yang pernah berduka sendiri, yang tahu beratnya secara spesifik apa yang sedang kita tanggung karena mereka pernah menanggung sesuatu yang serupa. Kehadiran mereka menyembuhkan dengan cara yang tidak akan pernah bisa dilakukan oleh nasihat orang asing.

Engkau tidak perlu merasa kuat hari ini agar kebenaran ini menjadi nyata. Cukup terimalah penghiburan apa pun yang Tuhan tawarkan kepadamu sekarang, bagaimanapun caranya datang, melalui Firman, melalui seorang sahabat, melalui saat-saat sunyi penuh damai yang mengejutkanmu. Suatu hari, penghiburan yang sama ini akan mengalir melaluimu kepada orang lain yang membutuhkan persis apa yang sedang kau pelajari untuk terima.","2 Corinthians 1:3-4 | The Father of compassion and the God of all comfort, who comforts us in all our troubles, so that we can comfort those in any trouble with the comfort we ourselves receive from God.","2 Korintus 1:3-4 | Bapa yang penuh belas kasihan dan Allah sumber segala penghiburan, yang menghibur kami dalam segala penderitaan kami, sehingga kami sanggup menghibur mereka, yang berada dalam bermacam-macam penderitaan dengan penghiburan yang kami terima sendiri dari Allah.","The comfort you receive today is not wasted, even in the hardest seasons. It is being shaped into something you will one day give away.","Penghiburan yang kau terima hari ini tidak sia-sia, bahkan di masa-masa terberat. Ia sedang dibentuk menjadi sesuatu yang suatu hari akan kau bagikan.","God of all comfort, thank You for meeting me in this season of loss. I receive Your comfort today without pressure to have it figured out yet. Shape this experience in me for good, and in Your time, let it become something I can offer to someone else who is hurting. Amen.","Allah sumber segala penghiburan, terima kasih karena menjumpaiku dalam masa kehilangan ini. Aku menerima penghiburan-Mu hari ini tanpa tekanan untuk sudah memahami semuanya. Bentuklah pengalaman ini dalam diriku menjadi kebaikan, dan pada waktu-Mu, jadikanlah ini sesuatu yang bisa kutawarkan kepada orang lain yang sedang terluka. Amin."
"Healing","Pemulihan","Healing from Grief and Loss","Pemulihan dari Duka dan Kehilangan","Learning to Hope Again","Belajar Berharap Lagi","A seven-day journey toward hope after a season of loss","Perjalanan tujuh hari menuju pengharapan setelah masa kehilangan","7","A seven-day devotional for anyone rebuilding after loss of any kind, whether a loved one, a job, a relationship, or a season of life that ended before they were ready, walking gently from lament toward renewed hope in God.","Renungan tujuh hari bagi siapa saja yang sedang membangun kembali hidupnya setelah kehilangan dalam bentuk apa pun, entah orang terkasih, pekerjaan, hubungan, atau sebuah masa kehidupan yang berakhir sebelum mereka siap, berjalan dengan lembut dari ratapan menuju pengharapan yang diperbarui di dalam Tuhan.","A retro travel-poster style illustration in portrait 3:4 aspect ratio: a solitary winding path climbing from a shadowed valley up toward a sunrise breaking over distant hills, small wildflowers pushing up through cracked, dry ground along the path's edge. Bold flat color shapes, confident outlines, subtle halftone grain texture typical of mid-century travel posters. Palette: deep plum shadow, burnt orange sunrise, mustard yellow, sage green, and warm cream sky. Mood: hopeful, resilient, forward-leaning. All lettering is grouped together at the very top of the composition for maximum legibility, stacked on a soft solid-color band or gentle scrim so it stays readable against the artwork behind it: the title ""Learning to Hope Again"" first, largest, in a bold retro poster typeface; directly beneath it the smaller subtitle ""A seven-day journey toward hope after a season of loss""; and directly beneath the subtitle a compact rounded pill reading ""7 DAYS"" in bold small caps. Nothing else overlaps the illustration below. Mood: hopeful, resilient, quietly rising.","","3","He Is Close to the Brokenhearted","Ia Dekat dengan yang Patah Hati","It is easy, in a season of loss, to feel like God has stepped back to give us space, or worse, that our pain has somehow pushed him away. We may reason that a distant, disappointed God fits how we feel: distant and disappointed in ourselves. But Scripture consistently tells a different story, one where brokenness does not repel God's presence but actually draws it closer.

Psalm 147 was sung by a people who had known exile, loss, and the slow work of rebuilding a scattered life, and yet in the middle of that psalm comes a tender, confident line: he heals the brokenhearted and binds up their wounds. This is not wishful thinking from someone who had it easy. It is a hard-won conviction from a community that knew what it meant to lose almost everything and still find God present, gently tending their wounds.

Whatever your loss, a job that defined your days, a relationship that shaped your sense of home, a season of life you are grieving the end of, this promise applies just as fully as it does to the loss of a loved one. Brokenheartedness is brokenheartedness, and God's nearness to it does not depend on the category of what caused it.

Let this truth soften any suspicion you may be carrying that your pain has made you less worthy of God's attention. The opposite is true. Your crushed spirit, right now, is exactly the place Scripture says God draws nearest to. You are not too broken for him. You are precisely where he says he meets people.","Di masa kehilangan, mudah sekali merasa bahwa Tuhan telah mundur untuk memberi kita ruang, atau lebih buruk lagi, bahwa penderitaan kita entah bagaimana telah mendorong-Nya menjauh. Kita mungkin berpikir bahwa Tuhan yang jauh dan kecewa cocok dengan perasaan kita: jauh dan kecewa terhadap diri sendiri. Tetapi Alkitab secara konsisten menceritakan kisah yang berbeda, di mana kehancuran hati tidak mengusir kehadiran Tuhan melainkan justru menariknya lebih dekat.

Mazmur 147 dinyanyikan oleh umat yang pernah mengalami pembuangan, kehilangan, dan proses lambat membangun kembali kehidupan yang tercerai-berai, namun di tengah mazmur itu muncul satu baris yang lembut dan penuh keyakinan: Ia menyembuhkan orang-orang yang patah hati dan membalut luka-luka mereka. Ini bukan angan-angan kosong dari orang yang hidupnya mudah. Ini adalah keyakinan yang diperjuangkan oleh sebuah umat yang tahu betul rasanya kehilangan hampir segalanya dan tetap menemukan Tuhan hadir, dengan lembut merawat luka-luka mereka.

Apa pun kehilanganmu, sebuah pekerjaan yang mendefinisikan hari-harimu, sebuah hubungan yang membentuk rasa 'rumah'-mu, sebuah masa kehidupan yang berakhirnya sedang kau ratapi, janji ini berlaku sepenuhnya sama seperti pada kehilangan orang terkasih. Hati yang patah tetaplah hati yang patah, dan kedekatan Tuhan padanya tidak bergantung pada kategori penyebabnya.

Biarlah kebenaran ini melunakkan kecurigaan apa pun yang mungkin sedang kau pikul bahwa penderitaanmu telah membuatmu kurang layak mendapat perhatian Tuhan. Sebaliknya justru benar. Jiwamu yang remuk, saat ini juga, adalah persis tempat yang menurut Alkitab paling didekati Tuhan. Engkau tidak terlalu hancur bagi-Nya. Engkau justru berada tepat di tempat yang Ia katakan menjadi tempat Ia menjumpai manusia.","Psalm 147:3 | He heals the brokenhearted and binds up their wounds.","Mazmur 147:3 | Ia menyembuhkan orang-orang yang patah hati dan membalut luka-luka mereka.","Your loss, whatever its cause, has not pushed God away. It has drawn him closer than you may realize.","Kehilanganmu, apa pun sebabnya, tidak mendorong Tuhan menjauh. Justru menariknya lebih dekat daripada yang mungkin kau sadari.","Lord, I have wondered whether my brokenness has made me distant from You. Thank You for the truth that says the opposite. Draw near to me today in this crushed place, and let me feel Your closeness even before I feel any relief from the loss itself. Amen.","Tuhan, aku bertanya-tanya apakah kehancuranku telah membuatku jauh dari-Mu. Terima kasih atas kebenaran yang mengatakan sebaliknya. Dekatilah aku hari ini di tempat yang remuk ini, dan biarlah aku merasakan kedekatan-Mu bahkan sebelum aku merasakan kelegaan dari kehilangan itu sendiri. Amin."
"Healing","Pemulihan","Healing from Grief and Loss","Pemulihan dari Duka dan Kehilangan","Learning to Hope Again","Belajar Berharap Lagi","A seven-day journey toward hope after a season of loss","Perjalanan tujuh hari menuju pengharapan setelah masa kehilangan","7","A seven-day devotional for anyone rebuilding after loss of any kind, whether a loved one, a job, a relationship, or a season of life that ended before they were ready, walking gently from lament toward renewed hope in God.","Renungan tujuh hari bagi siapa saja yang sedang membangun kembali hidupnya setelah kehilangan dalam bentuk apa pun, entah orang terkasih, pekerjaan, hubungan, atau sebuah masa kehidupan yang berakhir sebelum mereka siap, berjalan dengan lembut dari ratapan menuju pengharapan yang diperbarui di dalam Tuhan.","A retro travel-poster style illustration in portrait 3:4 aspect ratio: a solitary winding path climbing from a shadowed valley up toward a sunrise breaking over distant hills, small wildflowers pushing up through cracked, dry ground along the path's edge. Bold flat color shapes, confident outlines, subtle halftone grain texture typical of mid-century travel posters. Palette: deep plum shadow, burnt orange sunrise, mustard yellow, sage green, and warm cream sky. Mood: hopeful, resilient, forward-leaning. All lettering is grouped together at the very top of the composition for maximum legibility, stacked on a soft solid-color band or gentle scrim so it stays readable against the artwork behind it: the title ""Learning to Hope Again"" first, largest, in a bold retro poster typeface; directly beneath it the smaller subtitle ""A seven-day journey toward hope after a season of loss""; and directly beneath the subtitle a compact rounded pill reading ""7 DAYS"" in bold small caps. Nothing else overlaps the illustration below. Mood: hopeful, resilient, quietly rising.","","4","Working for Good, Even This","Bekerja untuk Kebaikan, Bahkan Hal Ini","Romans 8:28 is one of the most quoted verses in the Bible, and also one of the most easily misused. In and of itself, loss is not good. A job ending, a relationship breaking, a loved one dying, none of this should ever be called good, and Paul does not ask us to call it that. What he says is something more careful and more sturdy: that God works for the good of those who love him in all things, including the things that were never good to begin with.

This is a promise about God's activity, not a verdict on the loss itself. It does not require us to find a silver lining or manufacture gratitude for our pain. It simply trusts that God is capable of taking even a genuinely bad thing, something he never wanted for us, and weaving it into a larger story of good that we often cannot see from where we currently stand.

This kind of hope requires patience, because the good God is working often is not visible in the immediate aftermath of loss. It may take years to see how a closed door redirected us toward something we would never have chosen but came to be grateful for. It may never fully make sense in this life at all, and that is where trust, rather than explanation, becomes the anchor.

Today, you are not required to see the good yet, or to feel thankful for what you have lost. You are only invited to trust that the God who promises to work all things for good has not stopped working, even now, even in this, even when the evidence of it is still invisible to you.","Roma 8:28 adalah salah satu ayat yang paling sering dikutip dalam Alkitab, dan juga salah satu yang paling mudah disalahgunakan. Kehilangan, pada dasarnya, bukanlah hal yang baik. Pekerjaan yang berakhir, hubungan yang rusak, orang terkasih yang meninggal, tak satu pun dari ini seharusnya disebut baik, dan Paulus tidak meminta kita menyebutnya begitu. Yang ia katakan adalah sesuatu yang lebih hati-hati dan lebih kokoh: bahwa Allah turut bekerja dalam segala sesuatu untuk mendatangkan kebaikan bagi mereka yang mengasihi Dia, termasuk hal-hal yang sejak semula memang bukan hal yang baik.

Ini adalah janji tentang kegiatan Tuhan, bukan penilaian atas kehilangan itu sendiri. Ini tidak mengharuskan kita menemukan sisi terang atau memaksakan rasa syukur atas penderitaan kita. Ini hanya percaya bahwa Tuhan sanggup mengambil bahkan sesuatu yang sungguh-sungguh buruk, sesuatu yang tidak pernah Ia kehendaki bagi kita, dan menenunnya menjadi kisah kebaikan yang lebih besar yang sering tidak dapat kita lihat dari posisi kita berdiri saat ini.

Pengharapan semacam ini membutuhkan kesabaran, karena kebaikan yang sedang Tuhan kerjakan sering tidak terlihat pada saat-saat segera setelah kehilangan. Mungkin butuh waktu bertahun-tahun untuk melihat bagaimana sebuah pintu yang tertutup mengarahkan kita menuju sesuatu yang tidak akan pernah kita pilih sendiri tetapi akhirnya kita syukuri. Mungkin juga tidak akan pernah sepenuhnya masuk akal dalam kehidupan ini, dan di situlah kepercayaan, bukan penjelasan, menjadi sauh kita.

Hari ini, engkau tidak dituntut untuk sudah melihat kebaikan itu, atau merasa bersyukur atas apa yang telah kau hilangkan. Engkau hanya diundang untuk percaya bahwa Tuhan yang berjanji mendatangkan kebaikan dari segala sesuatu belum berhenti bekerja, bahkan sekarang, bahkan dalam hal ini, bahkan ketika buktinya masih belum terlihat olehmu.","Romans 8:28 | And we know that in all things God works for the good of those who love him, who have been called according to his purpose.","Roma 8:28 | Kita tahu sekarang, bahwa Allah turut bekerja dalam segala sesuatu untuk mendatangkan kebaikan bagi mereka yang mengasihi Dia, yaitu bagi mereka yang terpanggil sesuai dengan rencana Allah.","You are not asked to call your loss good. You are only invited to trust that God is still working, even now, even here.","Engkau tidak diminta menyebut kehilanganmu baik. Engkau hanya diundang untuk percaya bahwa Tuhan masih bekerja, bahkan sekarang, bahkan di sini.","Father, I do not understand how anything good could come from this loss, and I am not asking to see it all today. I simply ask You to keep working, even in the parts of my story I cannot yet see. Give me patience to trust You in the meantime. Amen.","Bapa, aku tidak mengerti bagaimana kebaikan apa pun bisa muncul dari kehilangan ini, dan aku tidak meminta untuk melihat semuanya hari ini. Aku hanya memohon agar Engkau terus bekerja, bahkan di bagian-bagian kisahku yang belum bisa kulihat. Berilah aku kesabaran untuk percaya kepada-Mu sementara menunggu. Amin."
"Healing","Pemulihan","Healing from Grief and Loss","Pemulihan dari Duka dan Kehilangan","Learning to Hope Again","Belajar Berharap Lagi","A seven-day journey toward hope after a season of loss","Perjalanan tujuh hari menuju pengharapan setelah masa kehilangan","7","A seven-day devotional for anyone rebuilding after loss of any kind, whether a loved one, a job, a relationship, or a season of life that ended before they were ready, walking gently from lament toward renewed hope in God.","Renungan tujuh hari bagi siapa saja yang sedang membangun kembali hidupnya setelah kehilangan dalam bentuk apa pun, entah orang terkasih, pekerjaan, hubungan, atau sebuah masa kehidupan yang berakhir sebelum mereka siap, berjalan dengan lembut dari ratapan menuju pengharapan yang diperbarui di dalam Tuhan.","A retro travel-poster style illustration in portrait 3:4 aspect ratio: a solitary winding path climbing from a shadowed valley up toward a sunrise breaking over distant hills, small wildflowers pushing up through cracked, dry ground along the path's edge. Bold flat color shapes, confident outlines, subtle halftone grain texture typical of mid-century travel posters. Palette: deep plum shadow, burnt orange sunrise, mustard yellow, sage green, and warm cream sky. Mood: hopeful, resilient, forward-leaning. All lettering is grouped together at the very top of the composition for maximum legibility, stacked on a soft solid-color band or gentle scrim so it stays readable against the artwork behind it: the title ""Learning to Hope Again"" first, largest, in a bold retro poster typeface; directly beneath it the smaller subtitle ""A seven-day journey toward hope after a season of loss""; and directly beneath the subtitle a compact rounded pill reading ""7 DAYS"" in bold small caps. Nothing else overlaps the illustration below. Mood: hopeful, resilient, quietly rising.","","5","A Way in the Wilderness","Jalan di Padang Belantara","After a significant loss, there is often a season that feels less like sadness and more like disorientation. We do not just miss what we had; we no longer recognize the shape of our own life. The routines built around a marriage, a job, a person, a role, are gone, and what remains can feel like a wilderness, unfamiliar terrain with no clear path forward.

Isaiah 43 speaks directly into this kind of disorientation. Forget the former things, God says, do not dwell on the past. See, I am doing a new thing! Now it springs up; do you not perceive it? I am making a way in the wilderness and streams in the wasteland. This is not a command to forget grief callously or to erase the past as if it did not matter. Read in its fuller context, it is an invitation to stop assuming the wilderness is the end of the road.

God names the wilderness honestly. He does not deny that we are in unfamiliar, difficult terrain. But he claims authority over it, promising a way through territory that looks, by every natural measure, wayless. He promises streams in a wasteland that appears to have no water at all. This is a God who specializes in making paths where we cannot yet see one.

If your loss has left you disoriented, unsure what your life even looks like now, you are not lost beyond finding. You are in a wilderness God has named and claimed authority over. He is already making a way, even if it has not sprung up visibly yet, and streams are already forming in ground that currently looks entirely dry.","Setelah kehilangan yang besar, sering kali ada masa yang terasa bukan sekadar kesedihan, melainkan kebingungan arah. Kita tidak hanya merindukan apa yang dulu kita miliki; kita bahkan tidak lagi mengenali bentuk hidup kita sendiri. Rutinitas yang dibangun di sekitar sebuah pernikahan, sebuah pekerjaan, seseorang, sebuah peran, telah lenyap, dan yang tersisa bisa terasa seperti padang belantara, medan asing tanpa jalan yang jelas ke depan.

Yesaya 43 berbicara langsung ke dalam jenis kebingungan seperti ini. Janganlah ingat-ingat hal-hal yang dahulu, firman Tuhan, dan janganlah perhatikan hal-hal yang dari zaman purbakala! Lihat, Aku hendak membuat sesuatu yang baru, yang sekarang sudah tumbuh, tidakkah kamu mengetahuinya? Aku hendak membuat jalan di padang gurun dan sungai-sungai di padang belantara. Ini bukan perintah untuk melupakan duka dengan dingin atau menghapus masa lalu seolah tidak berarti. Dibaca dalam konteks yang lebih utuh, ini adalah undangan untuk berhenti menganggap padang belantara sebagai akhir dari jalan.

Tuhan menyebut padang belantara itu dengan jujur. Ia tidak menyangkal bahwa kita berada di medan yang asing dan sulit. Tetapi Ia mengklaim otoritas atas medan itu, menjanjikan jalan melintasi wilayah yang, menurut ukuran alami mana pun, tampak tanpa jalan. Ia menjanjikan sungai-sungai di padang belantara yang tampaknya sama sekali tidak memiliki air. Inilah Tuhan yang ahli membuat jalan di tempat yang belum bisa kita lihat.

Jika kehilanganmu telah membuatmu kehilangan arah, tidak yakin seperti apa hidupmu sekarang, engkau tidak hilang tanpa bisa ditemukan. Engkau berada di padang belantara yang telah Tuhan namai dan Ia klaim otoritas atasnya. Ia sedang membuat jalan, meski belum tumbuh terlihat, dan sungai-sungai sedang terbentuk di tanah yang saat ini tampak sepenuhnya kering.","Isaiah 43:18-19 | Forget the former things; do not dwell on the past. See, I am doing a new thing! Now it springs up; do you not perceive it? I am making a way in the wilderness and streams in the wasteland.","Yesaya 43:18-19 | Janganlah ingat-ingat hal-hal yang dahulu, dan janganlah perhatikan hal-hal yang dari zaman purbakala! Lihat, Aku hendak membuat sesuatu yang baru, yang sekarang sudah tumbuh, tidakkah kamu mengetahuinya? Aku hendak membuat jalan di padang gurun dan sungai-sungai di padang belantara.","The wilderness you feel lost in is not uncharted to God. He is already making a way through it.","Padang belantara tempatmu merasa tersesat bukanlah wilayah yang asing bagi Tuhan. Ia sudah sedang membuat jalan melewatinya.","Lord, my life looks unfamiliar to me right now, like a wilderness with no clear path. I trust You to make a way even though I cannot see it yet. Open my eyes to the streams You are forming even in ground that feels completely dry. Amen.","Tuhan, hidupku terasa asing bagiku saat ini, seperti padang belantara tanpa jalan yang jelas. Aku percaya Engkau sedang membuat jalan meskipun aku belum bisa melihatnya. Bukalah mataku terhadap sungai-sungai yang sedang Engkau bentuk bahkan di tanah yang terasa sepenuhnya kering. Amin."
"Healing","Pemulihan","Healing from Grief and Loss","Pemulihan dari Duka dan Kehilangan","Learning to Hope Again","Belajar Berharap Lagi","A seven-day journey toward hope after a season of loss","Perjalanan tujuh hari menuju pengharapan setelah masa kehilangan","7","A seven-day devotional for anyone rebuilding after loss of any kind, whether a loved one, a job, a relationship, or a season of life that ended before they were ready, walking gently from lament toward renewed hope in God.","Renungan tujuh hari bagi siapa saja yang sedang membangun kembali hidupnya setelah kehilangan dalam bentuk apa pun, entah orang terkasih, pekerjaan, hubungan, atau sebuah masa kehidupan yang berakhir sebelum mereka siap, berjalan dengan lembut dari ratapan menuju pengharapan yang diperbarui di dalam Tuhan.","A retro travel-poster style illustration in portrait 3:4 aspect ratio: a solitary winding path climbing from a shadowed valley up toward a sunrise breaking over distant hills, small wildflowers pushing up through cracked, dry ground along the path's edge. Bold flat color shapes, confident outlines, subtle halftone grain texture typical of mid-century travel posters. Palette: deep plum shadow, burnt orange sunrise, mustard yellow, sage green, and warm cream sky. Mood: hopeful, resilient, forward-leaning. All lettering is grouped together at the very top of the composition for maximum legibility, stacked on a soft solid-color band or gentle scrim so it stays readable against the artwork behind it: the title ""Learning to Hope Again"" first, largest, in a bold retro poster typeface; directly beneath it the smaller subtitle ""A seven-day journey toward hope after a season of loss""; and directly beneath the subtitle a compact rounded pill reading ""7 DAYS"" in bold small caps. Nothing else overlaps the illustration below. Mood: hopeful, resilient, quietly rising.","","6","Weeping May Stay for the Night","Sebab Waktu Malam Ada Tangisan","Psalm 30 was written by someone who had passed through genuine crisis and come out the other side, and from that vantage point he offers a line that has comforted countless people since: weeping may stay for the night, but rejoicing comes in the morning. This is not a promise that grief disappears quickly. A night can feel very long. But it names something true about the nature of night itself: it is not permanent. Morning always comes.

Notice that the verse does not shame the weeping or rush past it. It gives the night its full due, acknowledging that sorrow has its rightful place in the hours of darkness. What it refuses to do is let the night have the final say about what the day will look like. Weeping may stay for the night, the psalmist says, but it does not get to stay forever.

For those of us grieving a season of loss, whether recent or one that has stretched into what feels like an endless night, this verse offers a specific kind of hope: not denial of the darkness, but confidence that darkness is not the whole story. The same God who allows the night to be honestly dark is the God who has already scheduled the morning.

You may still be deep in the night as you read this, and that is honest, and it is allowed. But hold onto the psalmist's confidence: morning is not a maybe. It is coming, promised by the same God who watched over the darkest night of all and rolled the stone away on the third day.","Mazmur 30 ditulis oleh seseorang yang telah melewati krisis yang nyata dan keluar di sisi yang lain, dan dari sudut pandang itu ia menawarkan satu baris yang telah menghibur begitu banyak orang sejak saat itu: sebab hanya sekejap saja Ia murka, tetapi seumur hidup Ia murah hati; sebab waktu malam ada tangisan, menjelang pagi terdengar sorak-sorai. Ini bukan janji bahwa duka akan hilang dengan cepat. Malam bisa terasa sangat panjang. Tetapi ini menyebut sesuatu yang benar tentang sifat malam itu sendiri: ia tidak permanen. Pagi selalu datang.

Perhatikan bahwa ayat ini tidak mempermalukan tangisan atau melewatinya dengan buru-buru. Ia memberi malam haknya sepenuhnya, mengakui bahwa kesedihan memiliki tempatnya yang sah di jam-jam kegelapan. Yang ditolaknya adalah membiarkan malam memiliki kata terakhir tentang seperti apa siang akan terlihat. Tangisan boleh menginap semalam-malaman, kata sang pemazmur, tetapi ia tidak diizinkan menginap selamanya.

Bagi kita yang sedang berduka atas suatu masa kehilangan, entah baru saja terjadi atau telah membentang menjadi apa yang terasa seperti malam tanpa akhir, ayat ini menawarkan jenis pengharapan yang khusus: bukan penyangkalan atas kegelapan, melainkan keyakinan bahwa kegelapan bukanlah keseluruhan kisah. Tuhan yang sama yang mengizinkan malam menjadi gelap secara jujur adalah Tuhan yang telah menjadwalkan pagi.

Mungkin engkau masih berada jauh di dalam malam saat membaca ini, dan itu jujur, dan itu diizinkan. Tetapi berpeganglah pada keyakinan sang pemazmur: pagi bukanlah sebuah kemungkinan. Ia akan datang, dijanjikan oleh Tuhan yang sama yang menjaga malam paling gelap dari semuanya dan menggulingkan batu itu pada hari yang ketiga.","Psalm 30:5 | Weeping may stay for the night, but rejoicing comes in the morning.","Mazmur 30:6 | sebab waktu malam ada tangisan, menjelang pagi terdengar sorak-sorai.","The night is real and it may feel endless, but it is not permanent. Morning is already scheduled.","Malam ini nyata dan mungkin terasa tak berujung, tetapi ia tidak permanen. Pagi sudah dijadwalkan.","Lord, this night has felt long, and I am tired of waiting for morning. Give me the psalmist's confidence that joy is coming even though I cannot see it from here. Hold me steady through the dark hours, and let me trust that morning is already on its way. Amen.","Tuhan, malam ini terasa panjang, dan aku lelah menunggu pagi. Berilah aku keyakinan sang pemazmur bahwa sukacita sedang datang meskipun aku belum bisa melihatnya dari sini. Topanglah aku melewati jam-jam gelap ini, dan biarlah aku percaya bahwa pagi sudah dalam perjalanan. Amin."
"Healing","Pemulihan","Healing from Grief and Loss","Pemulihan dari Duka dan Kehilangan","Learning to Hope Again","Belajar Berharap Lagi","A seven-day journey toward hope after a season of loss","Perjalanan tujuh hari menuju pengharapan setelah masa kehilangan","7","A seven-day devotional for anyone rebuilding after loss of any kind, whether a loved one, a job, a relationship, or a season of life that ended before they were ready, walking gently from lament toward renewed hope in God.","Renungan tujuh hari bagi siapa saja yang sedang membangun kembali hidupnya setelah kehilangan dalam bentuk apa pun, entah orang terkasih, pekerjaan, hubungan, atau sebuah masa kehidupan yang berakhir sebelum mereka siap, berjalan dengan lembut dari ratapan menuju pengharapan yang diperbarui di dalam Tuhan.","A retro travel-poster style illustration in portrait 3:4 aspect ratio: a solitary winding path climbing from a shadowed valley up toward a sunrise breaking over distant hills, small wildflowers pushing up through cracked, dry ground along the path's edge. Bold flat color shapes, confident outlines, subtle halftone grain texture typical of mid-century travel posters. Palette: deep plum shadow, burnt orange sunrise, mustard yellow, sage green, and warm cream sky. Mood: hopeful, resilient, forward-leaning. All lettering is grouped together at the very top of the composition for maximum legibility, stacked on a soft solid-color band or gentle scrim so it stays readable against the artwork behind it: the title ""Learning to Hope Again"" first, largest, in a bold retro poster typeface; directly beneath it the smaller subtitle ""A seven-day journey toward hope after a season of loss""; and directly beneath the subtitle a compact rounded pill reading ""7 DAYS"" in bold small caps. Nothing else overlaps the illustration below. Mood: hopeful, resilient, quietly rising.","","7","Peace to Guard What Remains","Damai Sejahtera yang Menjaga Apa yang Tersisa","We close this week not with the loss behind us, but with a promise to carry forward into whatever comes next. Paul writes to the Philippians from prison, hardly a position from which we would expect encouragement, and yet he offers some of Scripture's most practical wisdom for anxious, grieving hearts: do not be anxious about anything, but in every situation, by prayer and petition, with thanksgiving, present your requests to God. And the peace of God, which transcends all understanding, will guard your hearts and your minds in Christ Jesus.

This is not a magic formula that erases loss or anxiety on contact. It is an invitation to a practice, an ongoing habit of bringing our real requests, our real fears, our real grief, honestly to God rather than carrying them alone. The peace promised here does not depend on our circumstances being resolved. It transcends understanding precisely because it can hold steady even when the loss remains, even when the future is still uncertain.

Notice, too, the word guard. This peace is described almost like a soldier stationed at the entrance to our hearts and minds, protecting us not from feeling grief, but from being overtaken by it in a way that leaves no room for anything else. It stands watch, allowing sorrow its rightful place while not letting despair have the final word.

As you move forward from this week into whatever ordinary day comes next, you do not need to have finished grieving, or arrived at full understanding of your loss, to receive this peace. You simply need to keep bringing your real heart to God, again and again, and trust that his peace, mysterious and steady, will stand guard over you as you learn, slowly, to hope again.","Kita menutup minggu ini bukan dengan kehilangan yang telah sepenuhnya di belakang kita, melainkan dengan sebuah janji untuk dibawa ke apa pun yang akan datang selanjutnya. Paulus menulis kepada jemaat di Filipi dari dalam penjara, posisi yang nyaris tidak kita duga menjadi sumber penghiburan, namun ia menawarkan salah satu hikmat paling praktis dalam Alkitab bagi hati yang cemas dan berduka: janganlah hendaknya kamu kuatir tentang apa pun juga, tetapi nyatakanlah dalam segala hal keinginanmu kepada Allah dalam doa dan permohonan dengan ucapan syukur. Damai sejahtera Allah, yang melampaui segala akal, akan memelihara hati dan pikiranmu dalam Kristus Yesus.

Ini bukan rumus ajaib yang menghapus kehilangan atau kecemasan seketika. Ini adalah undangan untuk sebuah praktik, kebiasaan yang berkelanjutan untuk membawa permohonan kita yang sungguh-sungguh, ketakutan kita yang sungguh-sungguh, duka kita yang sungguh-sungguh, dengan jujur kepada Tuhan alih-alih memikulnya sendirian. Damai sejahtera yang dijanjikan di sini tidak bergantung pada keadaan kita yang harus terselesaikan. Damai ini melampaui akal justru karena ia bisa tetap teguh bahkan ketika kehilangan itu masih ada, bahkan ketika masa depan masih belum pasti.

Perhatikan juga kata 'memelihara' atau 'menjaga'. Damai sejahtera ini digambarkan hampir seperti seorang prajurit yang ditempatkan di pintu masuk hati dan pikiran kita, melindungi kita bukan dari perasaan berduka, melainkan dari dikuasai oleh duka itu sedemikian rupa hingga tidak ada ruang untuk hal lain. Ia berjaga, mengizinkan kesedihan menempati tempatnya yang sah tanpa membiarkan keputusasaan memiliki kata terakhir.

Saat engkau melangkah maju dari minggu ini menuju hari biasa apa pun yang akan datang selanjutnya, engkau tidak perlu sudah selesai berduka, atau sudah tiba pada pemahaman penuh tentang kehilanganmu, untuk menerima damai sejahtera ini. Engkau hanya perlu terus membawa hatimu yang sungguh-sungguh kepada Tuhan, berulang kali, dan percaya bahwa damai sejahtera-Nya, yang misterius dan teguh, akan berjaga atasmu saat engkau belajar, perlahan-lahan, untuk berharap lagi.","Philippians 4:6-7 | Do not be anxious about anything, but in every situation, by prayer and petition, with thanksgiving, present your requests to God. And the peace of God, which transcends all understanding, will guard your hearts and your minds in Christ Jesus.","Filipi 4:6-7 | Janganlah hendaknya kamu kuatir tentang apa pun juga, tetapi nyatakanlah dalam segala hal keinginanmu kepada Allah dalam doa dan permohonan dengan ucapan syukur. Damai sejahtera Allah, yang melampaui segala akal, akan memelihara hati dan pikiranmu dalam Kristus Yesus.","You do not need to finish grieving to receive God's peace. Bring your real heart to Him, and let His peace stand guard as you learn to hope again.","Engkau tidak perlu selesai berduka untuk menerima damai sejahtera Tuhan. Bawalah hatimu yang sungguh-sungguh kepada-Nya, dan biarlah damai sejahtera-Nya berjaga atasmu saat engkau belajar berharap lagi.","Father, as I carry this loss forward into ordinary days, teach me to keep bringing my real heart to You instead of carrying it alone. Thank You for a peace that does not require my circumstances to be fixed first. Guard my heart and mind, and grow in me a hope that is honest, patient, and Yours. Amen.","Bapa, saat aku membawa kehilangan ini ke hari-hari biasa selanjutnya, ajarilah aku untuk terus membawa hatiku yang sungguh-sungguh kepada-Mu alih-alih memikulnya sendirian. Terima kasih atas damai sejahtera yang tidak menuntut keadaanku diperbaiki terlebih dahulu. Jagalah hati dan pikiranku, dan tumbuhkanlah dalam diriku pengharapan yang jujur, sabar, dan milik-Mu. Amin."
"Healing","Pemulihan","Healing from Emotional Wounds","Pemulihan dari Luka Batin","When Rejection Isn't the Final Word","Ketika Penolakan Bukan Kata Akhir","Five days of finding your worth in God's acceptance","Lima hari menemukan nilai diri dalam penerimaan Allah","5","A five-day journey for anyone who has been passed over, left out, or told in ways big and small that they weren't enough. Through Scripture and honest reflection, this plan gently walks you from the sting of rejection toward the steady, unshakable acceptance that God has already spoken over your life.","Perjalanan lima hari bagi siapa saja yang pernah dilewatkan, disisihkan, atau diberi tahu dengan berbagai cara bahwa dirinya tidak cukup baik. Melalui Firman Tuhan dan renungan yang jujur, rencana ini dengan lembut menuntun kita dari sakitnya penolakan menuju penerimaan Allah yang teguh dan tak tergoyahkan.","A soft gouache illustration in portrait orientation, painted in the style of a gentle children's-book storybook page but for adults: a single figure sits alone on a park bench at dusk, shoulders slightly curved inward, while in the sky above and around them faint golden outlines of open, welcoming hands and a warm light break through soft violet clouds, as if unseen arms are reaching toward the figure without touching them yet. Palette: dusty lavender, warm amber gold, soft charcoal grey, and muted rose pink. The brushwork is loose and textured with visible paper grain, evoking quiet melancholy turning slowly toward warmth. All lettering is grouped together at the very top of the composition for maximum legibility, stacked on a soft solid-color band or gentle scrim so it stays readable against the artwork behind it: the title ""When Rejection Isn't the Final Word"" first, largest, in a soft hand-lettered serif script; directly beneath it the smaller subtitle ""Five days of finding your worth in God's acceptance""; and directly beneath the subtitle a compact rounded pill reading ""5 DAYS"" in bold small caps. Nothing else overlaps the illustration below. Mood: tender, quietly hopeful, held.","","1","The Weight of Being Passed Over","Beratnya Rasa Dilewatkan","There is a particular kind of ache that comes from being passed over. It might be the job you didn't get, the friend group that moved on without you, the relationship that ended before it had a chance to begin, or simply the quiet sense that when people were choosing, they didn't choose you. Rejection rarely announces itself loudly. More often it arrives as a small silence, a closed door, a message that never came, and it settles into the body long before we find words for it.

What makes rejection so heavy is that it doesn't just tell us we lost something; it tempts us to believe something false about who we are. We start to wonder if we are simply too much, or not enough, or somehow fundamentally unlovable. This is the lie underneath the pain, and it is worth naming clearly, because a wound we cannot name is a wound we cannot bring to God for healing.

Scripture never pretends that rejection isn't real or that it doesn't hurt. The Psalms are full of people who felt forgotten, overlooked, and cast aside, and they brought that pain honestly to God rather than hiding it. That honesty is actually the first step of healing. We are not meant to manage rejection alone in silence; we are invited to bring the full weight of it to the One who already knows every version of what it feels like to be turned away.

Today is simply about acknowledging the ache without rushing past it. Before we can receive God's acceptance, we need to admit how deeply the absence of human acceptance has affected us. That admission is not weakness. It is the honest starting point of a much longer, gentler journey toward wholeness.","Ada satu jenis luka yang khas, yang muncul karena merasa dilewatkan. Bisa jadi itu pekerjaan yang tidak kita dapatkan, kelompok pertemanan yang melanjutkan hidup tanpa kita, hubungan yang berakhir sebelum sempat benar-benar dimulai, atau sekadar perasaan sunyi bahwa ketika orang-orang sedang memilih, kita tidak termasuk yang dipilih. Penolakan jarang datang dengan suara keras. Ia lebih sering hadir sebagai keheningan kecil, pintu yang tertutup, pesan yang tak pernah dibalas, dan diam-diam mengendap dalam diri kita jauh sebelum kita menemukan kata untuk menjelaskannya.

Yang membuat penolakan begitu berat bukan hanya karena ia memberi tahu kita bahwa kita kehilangan sesuatu, tetapi karena ia mencoba membuat kita percaya sesuatu yang salah tentang siapa diri kita. Kita mulai bertanya-tanya apakah kita terlalu berlebihan, atau tidak cukup baik, atau entah bagaimana memang sulit dicintai. Inilah kebohongan yang tersembunyi di balik rasa sakit itu, dan penting untuk kita sebut dengan jelas, sebab luka yang tidak kita kenali namanya adalah luka yang tidak bisa kita bawa kepada Tuhan untuk dipulihkan.

Alkitab tidak pernah berpura-pura bahwa penolakan itu tidak nyata atau tidak menyakitkan. Mazmur penuh dengan orang-orang yang merasa dilupakan, diabaikan, dan disisihkan, dan mereka membawa rasa sakit itu dengan jujur kepada Tuhan, bukan menyembunyikannya. Kejujuran itu sebenarnya adalah langkah pertama menuju pemulihan. Kita tidak dipanggil untuk memikul penolakan sendirian dalam diam; kita diundang untuk membawa seluruh beratnya kepada Dia yang sudah mengenal setiap bentuk rasa ditolak.

Hari ini kita hanya diajak untuk mengakui rasa sakit itu tanpa buru-buru melewatinya. Sebelum kita bisa menerima penerimaan Allah, kita perlu mengakui betapa dalamnya ketiadaan penerimaan manusia telah memengaruhi kita. Pengakuan ini bukan kelemahan. Ia adalah titik awal yang jujur dari perjalanan yang jauh lebih panjang dan lembut menuju keutuhan.","Psalm 34:18 | The Lord is close to the brokenhearted and saves those who are crushed in spirit.","Mazmur 34:19 | TUHAN dekat kepada orang-orang yang patah hati, dan Ia menyelamatkan orang-orang yang remuk jiwanya.","Name one moment of rejection you have carried quietly, and simply tell God how it felt.","Sebutkan satu momen penolakan yang selama ini kau pendam diam-diam, dan ceritakan saja kepada Tuhan bagaimana rasanya.","Lord, I bring You the places where I have felt passed over and unwanted. I don't fully understand why it hurts this much, but You do. Meet me here in the honest ache, and remind me that You have never once turned away from me. Amen.","Tuhan, aku membawa kepada-Mu tempat-tempat di mana aku merasa dilewatkan dan tidak diinginkan. Aku tidak sepenuhnya mengerti mengapa ini begitu menyakitkan, tetapi Engkau mengerti. Temuilah aku dalam kejujuran luka ini, dan ingatkanlah aku bahwa Engkau tidak pernah sekali pun berpaling dariku. Amin."
"Healing","Pemulihan","Healing from Emotional Wounds","Pemulihan dari Luka Batin","When Rejection Isn't the Final Word","Ketika Penolakan Bukan Kata Akhir","Five days of finding your worth in God's acceptance","Lima hari menemukan nilai diri dalam penerimaan Allah","5","A five-day journey for anyone who has been passed over, left out, or told in ways big and small that they weren't enough. Through Scripture and honest reflection, this plan gently walks you from the sting of rejection toward the steady, unshakable acceptance that God has already spoken over your life.","Perjalanan lima hari bagi siapa saja yang pernah dilewatkan, disisihkan, atau diberi tahu dengan berbagai cara bahwa dirinya tidak cukup baik. Melalui Firman Tuhan dan renungan yang jujur, rencana ini dengan lembut menuntun kita dari sakitnya penolakan menuju penerimaan Allah yang teguh dan tak tergoyahkan.","A soft gouache illustration in portrait orientation, painted in the style of a gentle children's-book storybook page but for adults: a single figure sits alone on a park bench at dusk, shoulders slightly curved inward, while in the sky above and around them faint golden outlines of open, welcoming hands and a warm light break through soft violet clouds, as if unseen arms are reaching toward the figure without touching them yet. Palette: dusty lavender, warm amber gold, soft charcoal grey, and muted rose pink. The brushwork is loose and textured with visible paper grain, evoking quiet melancholy turning slowly toward warmth. All lettering is grouped together at the very top of the composition for maximum legibility, stacked on a soft solid-color band or gentle scrim so it stays readable against the artwork behind it: the title ""When Rejection Isn't the Final Word"" first, largest, in a soft hand-lettered serif script; directly beneath it the smaller subtitle ""Five days of finding your worth in God's acceptance""; and directly beneath the subtitle a compact rounded pill reading ""5 DAYS"" in bold small caps. Nothing else overlaps the illustration below. Mood: tender, quietly hopeful, held.","","2","You Were Chosen Before You Were Known","Engkau Dipilih Sebelum Engkau Dikenal","One of the quiet gifts of the Christian faith is the truth that our worth was never decided by a committee, a crush, or a crowd. Long before any human being had the chance to accept or reject us, we were already known and already chosen by God. This is not a comforting slogan; it is a claim woven throughout Scripture, that God's love for us is not reactive but foundational, set in place before we ever did anything to earn or lose it.

It can be hard to believe this when the evidence of our lives seems to say otherwise. If God chose us, why does it still feel like people keep choosing someone else? But God's choosing operates on a different level than human preference. Human acceptance is often about usefulness, chemistry, timing, or circumstance, all of which are fickle and can change overnight. God's choosing is rooted in His own character, and His character does not change with the weather of our circumstances.

There is something freeing in realizing that we do not have to perform our way into being wanted by God. We already are wanted. This truth doesn't erase the pain of human rejection, but it does put it in its proper place. Human rejection can tell us something about a particular relationship or situation; it cannot tell us the truth about our worth, because our worth was never theirs to assign in the first place.

Today, try letting this truth sit somewhere deeper than your head. You were not an accident, an afterthought, or a consolation prize in God's eyes. You were chosen deliberately, long before the moment that hurt you, and that choosing has not expired.","Salah satu anugerah tenang dari iman Kristen adalah kebenaran bahwa nilai diri kita tidak pernah ditentukan oleh sebuah panitia, seseorang yang kita sukai, atau kerumunan orang. Jauh sebelum manusia mana pun sempat menerima atau menolak kita, kita sudah lebih dahulu dikenal dan dipilih oleh Allah. Ini bukan sekadar semboyan penghibur; ini adalah pernyataan yang terjalin di seluruh Alkitab, bahwa kasih Allah bagi kita bukan reaksi, melainkan fondasi yang sudah ditetapkan sebelum kita berbuat apa pun untuk mendapatkannya atau kehilangannya.

Sulit memercayai ini ketika bukti dalam hidup kita seolah berkata sebaliknya. Jika Allah memilih kita, mengapa masih terasa seperti orang-orang terus memilih orang lain? Tetapi cara Allah memilih berjalan pada tingkat yang berbeda dari preferensi manusia. Penerimaan manusia sering kali soal kegunaan, kecocokan, waktu yang tepat, atau keadaan, dan semua itu mudah berubah dan bisa berbalik dalam semalam. Pilihan Allah berakar pada karakter-Nya sendiri, dan karakter-Nya tidak berubah mengikuti cuaca keadaan kita.

Ada kelegaan ketika kita menyadari bahwa kita tidak perlu berjuang untuk pantas diinginkan oleh Allah. Kita sudah diinginkan. Kebenaran ini tidak menghapus sakitnya penolakan manusia, tetapi ia menempatkannya pada tempat yang seharusnya. Penolakan manusia bisa memberi tahu kita sesuatu tentang satu hubungan atau situasi tertentu; ia tidak bisa memberi tahu kebenaran tentang nilai diri kita, karena nilai diri kita bukan milik mereka untuk ditentukan.

Hari ini, coba biarkan kebenaran ini meresap lebih dalam daripada sekadar pikiran. Engkau bukan kecelakaan, bukan pikiran belakangan, bukan hadiah hiburan di mata Allah. Engkau dipilih dengan sengaja, jauh sebelum momen yang melukaimu, dan pilihan itu tidak pernah kedaluwarsa.","Jeremiah 1:5 | Before I formed you in the womb I knew you, before you were born I set you apart.","Yeremia 1:5 | Sebelum Aku membentuk engkau dalam rahim ibumu, Aku telah mengenal engkau, dan sebelum engkau keluar dari kandungan, Aku telah menguduskan engkau.","What would change in how you see yourself if you truly believed you were chosen before you were ever known by anyone else?","Apa yang akan berubah dalam cara kau memandang dirimu jika kau benar-benar percaya bahwa kau dipilih sebelum dikenal siapa pun yang lain?","Father, thank You that You knew and chose me before anyone had the chance to reject me. Help this truth sink from my head into my heart today, so that human rejection no longer gets the final say over my worth. Amen.","Bapa, terima kasih karena Engkau telah mengenal dan memilihku sebelum siapa pun sempat menolakku. Tolonglah kebenaran ini turun dari pikiranku ke dalam hatiku hari ini, sehingga penolakan manusia tidak lagi menjadi kata terakhir atas nilai diriku. Amin."
"Healing","Pemulihan","Healing from Emotional Wounds","Pemulihan dari Luka Batin","When Rejection Isn't the Final Word","Ketika Penolakan Bukan Kata Akhir","Five days of finding your worth in God's acceptance","Lima hari menemukan nilai diri dalam penerimaan Allah","5","A five-day journey for anyone who has been passed over, left out, or told in ways big and small that they weren't enough. Through Scripture and honest reflection, this plan gently walks you from the sting of rejection toward the steady, unshakable acceptance that God has already spoken over your life.","Perjalanan lima hari bagi siapa saja yang pernah dilewatkan, disisihkan, atau diberi tahu dengan berbagai cara bahwa dirinya tidak cukup baik. Melalui Firman Tuhan dan renungan yang jujur, rencana ini dengan lembut menuntun kita dari sakitnya penolakan menuju penerimaan Allah yang teguh dan tak tergoyahkan.","A soft gouache illustration in portrait orientation, painted in the style of a gentle children's-book storybook page but for adults: a single figure sits alone on a park bench at dusk, shoulders slightly curved inward, while in the sky above and around them faint golden outlines of open, welcoming hands and a warm light break through soft violet clouds, as if unseen arms are reaching toward the figure without touching them yet. Palette: dusty lavender, warm amber gold, soft charcoal grey, and muted rose pink. The brushwork is loose and textured with visible paper grain, evoking quiet melancholy turning slowly toward warmth. All lettering is grouped together at the very top of the composition for maximum legibility, stacked on a soft solid-color band or gentle scrim so it stays readable against the artwork behind it: the title ""When Rejection Isn't the Final Word"" first, largest, in a soft hand-lettered serif script; directly beneath it the smaller subtitle ""Five days of finding your worth in God's acceptance""; and directly beneath the subtitle a compact rounded pill reading ""5 DAYS"" in bold small caps. Nothing else overlaps the illustration below. Mood: tender, quietly hopeful, held.","","3","Grieving Well Instead of Numbing Out","Berdukacita dengan Baik, Bukan Mematikan Rasa","When rejection cuts deep, we often develop strategies to avoid feeling it again. We might withdraw before anyone else can leave first, or we build a wall of humor and busyness to keep from noticing how much a moment actually hurt. These strategies are understandable, but over time they don't protect us; they just delay the grief, and grief delayed has a way of resurfacing sideways, in irritability, anxiety, or a low simmering sadness we can't quite explain.

There is another way. Instead of numbing the pain of rejection, we can grieve it honestly, the way Scripture models grief throughout its pages. Jesus himself wept. The Psalmists poured out raw complaint alongside their praise. Grieving is not the opposite of faith; it is often one of faith's most honest expressions, because it takes God seriously enough to bring Him our actual feelings instead of a polished version of them.

Grieving well doesn't mean staying stuck in sadness forever. It means giving the pain its due weight for a season, naming what was lost, whether that is a relationship, an opportunity, or simply the comfortable belief that we were safe from being hurt this way. When we do this honestly, something shifts. The pain no longer runs underground, shaping our decisions and relationships without our permission; it moves through us and, with time and God's grace, begins to soften.

If you have been avoiding a particular ache because it feels safer not to look at it, today might be the day to let yourself feel it in God's presence. He is not afraid of your sorrow, and He will not rush you past it. He simply asks to sit with you in it, the way a good friend does.","Ketika penolakan melukai begitu dalam, kita sering mengembangkan cara untuk menghindari merasakannya lagi. Kita mungkin menarik diri lebih dulu sebelum orang lain sempat pergi, atau kita membangun tembok humor dan kesibukan agar tidak menyadari betapa sakitnya suatu momen sebenarnya. Cara-cara ini bisa dimaklumi, tetapi lama-kelamaan cara itu tidak melindungi kita; ia hanya menunda dukacita, dan dukacita yang tertunda punya cara untuk muncul kembali secara tidak langsung, lewat mudah tersinggung, kecemasan, atau kesedihan pelan yang tak bisa kita jelaskan.

Ada cara lain. Alih-alih mematikan rasa sakit dari penolakan, kita bisa berdukacita dengan jujur, sebagaimana Alkitab menunjukkan dukacita di sepanjang halamannya. Yesus sendiri menangis. Para pemazmur mencurahkan keluhan yang mentah bersama pujian mereka. Berdukacita bukanlah lawan dari iman; ia sering kali justru salah satu ungkapan iman yang paling jujur, karena itu berarti kita menganggap Allah cukup serius untuk membawa perasaan kita yang sesungguhnya, bukan versi yang sudah dipoles.

Berdukacita dengan baik bukan berarti terus terpuruk dalam kesedihan selamanya. Artinya memberi bobot yang layak pada rasa sakit itu untuk sementara waktu, menyebut apa yang hilang, entah itu sebuah hubungan, sebuah kesempatan, atau sekadar keyakinan nyaman bahwa kita aman dari dilukai seperti ini. Ketika kita melakukan ini dengan jujur, sesuatu berubah. Rasa sakit itu tidak lagi berjalan di bawah permukaan, membentuk keputusan dan hubungan kita tanpa izin kita; ia bergerak melewati kita dan, seiring waktu serta anugerah Allah, mulai melunak.

Jika selama ini kau menghindari satu luka tertentu karena terasa lebih aman untuk tidak melihatnya, mungkin hari ini adalah saatnya membiarkan dirimu merasakannya dalam hadirat Allah. Ia tidak takut pada dukacitamu, dan Ia tidak akan terburu-buru melewatkanmu darinya. Ia hanya meminta untuk duduk bersamamu di dalamnya, seperti seorang sahabat baik.","Ecclesiastes 3:4 | A time to weep and a time to laugh, a time to mourn and a time to dance.","Pengkhotbah 3:4 | Ada waktu untuk menangis, ada waktu untuk tertawa, ada waktu untuk meratap, ada waktu untuk menari.","Is there a loss connected to your rejection that you have never let yourself properly grieve?","Adakah kehilangan yang terkait dengan penolakanmu yang belum pernah benar-benar kau izinkan dirimu untuk dukakan?","Lord, I don't want to keep numbing what I feel. Give me the courage to grieve honestly what I have lost, trusting that You are near while I do. Turn my mourning, in Your time, into something new. Amen.","Tuhan, aku tidak ingin terus mematikan rasa yang kurasakan. Berilah aku keberanian untuk berdukacita dengan jujur atas apa yang telah hilang, dengan percaya bahwa Engkau dekat selama aku melakukannya. Ubahlah perkabunganku, pada waktu-Mu, menjadi sesuatu yang baru. Amin."
"Healing","Pemulihan","Healing from Emotional Wounds","Pemulihan dari Luka Batin","When Rejection Isn't the Final Word","Ketika Penolakan Bukan Kata Akhir","Five days of finding your worth in God's acceptance","Lima hari menemukan nilai diri dalam penerimaan Allah","5","A five-day journey for anyone who has been passed over, left out, or told in ways big and small that they weren't enough. Through Scripture and honest reflection, this plan gently walks you from the sting of rejection toward the steady, unshakable acceptance that God has already spoken over your life.","Perjalanan lima hari bagi siapa saja yang pernah dilewatkan, disisihkan, atau diberi tahu dengan berbagai cara bahwa dirinya tidak cukup baik. Melalui Firman Tuhan dan renungan yang jujur, rencana ini dengan lembut menuntun kita dari sakitnya penolakan menuju penerimaan Allah yang teguh dan tak tergoyahkan.","A soft gouache illustration in portrait orientation, painted in the style of a gentle children's-book storybook page but for adults: a single figure sits alone on a park bench at dusk, shoulders slightly curved inward, while in the sky above and around them faint golden outlines of open, welcoming hands and a warm light break through soft violet clouds, as if unseen arms are reaching toward the figure without touching them yet. Palette: dusty lavender, warm amber gold, soft charcoal grey, and muted rose pink. The brushwork is loose and textured with visible paper grain, evoking quiet melancholy turning slowly toward warmth. All lettering is grouped together at the very top of the composition for maximum legibility, stacked on a soft solid-color band or gentle scrim so it stays readable against the artwork behind it: the title ""When Rejection Isn't the Final Word"" first, largest, in a soft hand-lettered serif script; directly beneath it the smaller subtitle ""Five days of finding your worth in God's acceptance""; and directly beneath the subtitle a compact rounded pill reading ""5 DAYS"" in bold small caps. Nothing else overlaps the illustration below. Mood: tender, quietly hopeful, held.","","4","Letting God Rewrite the Story You Believe","Membiarkan Allah Menulis Ulang Kisah yang Kau Percayai","Rejection has a way of writing a story in our minds that continues long after the original event is over. A single closed door can turn into a whole narrative: I am not enough, I am too difficult to love, I will always end up alone. We rarely notice when we started believing these lines, but once they take root, they quietly shape how we approach every new relationship, opportunity, or risk.

Part of healing is learning to notice the story we've been telling ourselves and holding it up next to what God actually says about us. This is not about pretending the rejection never happened or forcing false positivity. It is about refusing to let one painful chapter dictate the theme of the whole book. God is patient with this process; He does not demand instant belief, only a willingness to keep bringing our doubts back to His truth again and again.

Isaiah's words about God binding up the brokenhearted were not written for people who already felt fine. They were written for people in exile, people who had every reason to believe their story was over, that they had been rejected permanently by circumstance and by others. Into that reality, God spoke a different narrative: one of restoration, not abandonment. The same voice speaks into our smaller exiles today.

If you notice yourself repeating a harsh inner sentence today, try pausing and asking whether it's actually true, or whether it's simply what rejection has trained you to believe. Then bring that sentence to God and ask Him what He would say instead. Over time, this simple practice can loosen the grip of an old story and make room for a truer one.","Penolakan punya cara menulis sebuah kisah dalam pikiran kita yang terus berlanjut jauh setelah peristiwa aslinya berakhir. Satu pintu yang tertutup bisa berubah menjadi keseluruhan narasi: aku tidak cukup baik, aku terlalu sulit untuk dicintai, aku akan selalu berakhir sendirian. Kita jarang menyadari kapan kita mulai memercayai kalimat-kalimat ini, tetapi begitu berakar, ia diam-diam membentuk cara kita mendekati setiap hubungan, kesempatan, atau risiko baru.

Bagian dari pemulihan adalah belajar menyadari kisah yang selama ini kita percayai tentang diri sendiri, dan membandingkannya dengan apa yang Allah sesungguhnya katakan tentang kita. Ini bukan soal berpura-pura bahwa penolakan itu tidak pernah terjadi atau memaksakan sikap positif yang palsu. Ini soal menolak membiarkan satu bab yang menyakitkan menentukan tema seluruh buku kehidupan kita. Allah sabar dalam proses ini; Ia tidak menuntut kita langsung percaya, hanya kesediaan untuk terus membawa keraguan kita kembali kepada kebenaran-Nya berulang kali.

Perkataan Yesaya tentang Allah membalut orang yang patah hati tidak ditulis untuk orang-orang yang sudah merasa baik-baik saja. Perkataan itu ditulis untuk orang-orang dalam pembuangan, orang-orang yang punya segala alasan untuk percaya bahwa kisah mereka telah berakhir, bahwa mereka telah ditolak secara permanen oleh keadaan dan oleh orang lain. Ke dalam kenyataan itu, Allah menyuarakan narasi yang berbeda: pemulihan, bukan pengabaian. Suara yang sama berbicara ke dalam pembuangan-pembuangan kecil kita hari ini.

Jika hari ini kau menyadari dirimu mengulangi sebuah kalimat batin yang keras, coba berhenti sejenak dan bertanya apakah itu benar-benar benar, atau hanya sesuatu yang telah dilatih oleh penolakan untuk kau percayai. Lalu bawalah kalimat itu kepada Allah dan tanyakan apa yang akan Ia katakan sebagai gantinya. Seiring waktu, kebiasaan sederhana ini bisa melonggarkan cengkeraman kisah lama dan membuka ruang bagi kisah yang lebih benar.","Isaiah 61:1 | He has sent me to bind up the brokenhearted, to proclaim freedom for the captives and release from darkness for the prisoners.","Yesaya 61:1 | Ia telah mengutus aku untuk membalut orang-orang yang remuk hati, untuk memberitakan pembebasan kepada orang-orang tawanan, dan kepada orang-orang yang terkurung, kebebasan dari penjara mereka.","Name one harsh sentence rejection has taught you to believe about yourself, and one truer sentence you can set beside it.","Sebutkan satu kalimat keras yang telah diajarkan oleh penolakan untuk kau percayai tentang dirimu, dan satu kalimat yang lebih benar yang bisa kau letakkan di sampingnya.","Lord, bind up the parts of my heart that are still broken from rejection. Where I have believed lies about myself, replace them gently with Your truth, one honest conversation at a time. Amen.","Tuhan, balutlah bagian-bagian hatiku yang masih terluka karena penolakan. Di mana aku telah memercayai kebohongan tentang diriku, gantikanlah dengan lembut oleh kebenaran-Mu, satu percakapan jujur demi satu percakapan jujur. Amin."
"Healing","Pemulihan","Healing from Emotional Wounds","Pemulihan dari Luka Batin","When Rejection Isn't the Final Word","Ketika Penolakan Bukan Kata Akhir","Five days of finding your worth in God's acceptance","Lima hari menemukan nilai diri dalam penerimaan Allah","5","A five-day journey for anyone who has been passed over, left out, or told in ways big and small that they weren't enough. Through Scripture and honest reflection, this plan gently walks you from the sting of rejection toward the steady, unshakable acceptance that God has already spoken over your life.","Perjalanan lima hari bagi siapa saja yang pernah dilewatkan, disisihkan, atau diberi tahu dengan berbagai cara bahwa dirinya tidak cukup baik. Melalui Firman Tuhan dan renungan yang jujur, rencana ini dengan lembut menuntun kita dari sakitnya penolakan menuju penerimaan Allah yang teguh dan tak tergoyahkan.","A soft gouache illustration in portrait orientation, painted in the style of a gentle children's-book storybook page but for adults: a single figure sits alone on a park bench at dusk, shoulders slightly curved inward, while in the sky above and around them faint golden outlines of open, welcoming hands and a warm light break through soft violet clouds, as if unseen arms are reaching toward the figure without touching them yet. Palette: dusty lavender, warm amber gold, soft charcoal grey, and muted rose pink. The brushwork is loose and textured with visible paper grain, evoking quiet melancholy turning slowly toward warmth. All lettering is grouped together at the very top of the composition for maximum legibility, stacked on a soft solid-color band or gentle scrim so it stays readable against the artwork behind it: the title ""When Rejection Isn't the Final Word"" first, largest, in a soft hand-lettered serif script; directly beneath it the smaller subtitle ""Five days of finding your worth in God's acceptance""; and directly beneath the subtitle a compact rounded pill reading ""5 DAYS"" in bold small caps. Nothing else overlaps the illustration below. Mood: tender, quietly hopeful, held.","","5","Becoming Someone Who Welcomes Others","Menjadi Seseorang yang Menyambut Orang Lain","There is a strange grace available to those who have known rejection: it can make us more tender toward others who feel unseen. Pain that is brought to God and allowed to heal doesn't have to stay pain; over time it can be reshaped into compassion, into a particular sensitivity to who is being left out of the conversation, the table, the friend group. This doesn't happen automatically, and it doesn't happen quickly, but it is one of the quiet ways God redeems what hurt us.

Jesus himself was described by the prophets as one who would be despised and rejected, and yet His response to rejection was never bitterness or self-protection. It was welcome. He kept opening His arms to the very people society had cast aside: the outsider, the outcast, the overlooked. He knew what it was to be turned away, and that knowledge became the wellspring of His compassion rather than the source of His withdrawal.

As healing continues in us, we get to choose what we do with what we've learned about the ache of not being chosen. We can let it make us guarded, always protecting ourselves from ever feeling that way again. Or we can let it make us more like Jesus, people who notice the one standing at the edge of the room and move toward them instead of away. This is not a demand to rush past your own healing in order to serve others; it is simply an invitation to notice, over time, how God can use even this.

As this plan closes, take a moment to thank God not only for beginning to heal your own rejection, but for the person that healing is slowly shaping you to become. Your story of being chosen by Him is not just for you. It is also, eventually, good news you'll be able to offer someone else.","Ada anugerah yang aneh dan tersedia bagi mereka yang pernah mengenal penolakan: itu bisa membuat kita lebih peka terhadap orang lain yang merasa tidak terlihat. Rasa sakit yang dibawa kepada Allah dan diizinkan untuk pulih tidak harus tetap menjadi rasa sakit; seiring waktu ia bisa dibentuk ulang menjadi belas kasih, menjadi kepekaan khusus terhadap siapa yang terlewatkan dari percakapan, meja makan, atau kelompok pertemanan. Ini tidak terjadi secara otomatis, dan tidak terjadi dengan cepat, tetapi ini adalah salah satu cara diam-diam Allah menebus apa yang pernah melukai kita.

Yesus sendiri digambarkan oleh para nabi sebagai seorang yang akan dihina dan ditolak, namun tanggapan-Nya terhadap penolakan tidak pernah berupa kepahitan atau perlindungan diri. Tanggapan-Nya adalah sambutan. Ia terus membuka tangan-Nya kepada orang-orang yang justru disisihkan oleh masyarakat: orang luar, orang buangan, orang yang terlewatkan. Ia tahu rasanya dipalingkan, dan pengetahuan itu menjadi sumber belas kasih-Nya, bukan alasan untuk menarik diri.

Seiring pemulihan berlanjut dalam diri kita, kita boleh memilih apa yang akan kita lakukan dengan apa yang telah kita pelajari dari sakitnya tidak dipilih. Kita bisa membiarkannya membuat kita waspada, selalu melindungi diri agar tidak pernah merasakan hal itu lagi. Atau kita bisa membiarkannya membuat kita lebih serupa Kristus, orang-orang yang memperhatikan seseorang yang berdiri di tepi ruangan dan bergerak mendekat, bukan menjauh. Ini bukan tuntutan untuk buru-buru melewati pemulihanmu sendiri demi melayani orang lain; ini hanyalah undangan untuk memperhatikan, seiring waktu, bagaimana Allah bisa memakai bahkan hal ini.

Saat rencana ini berakhir, luangkan waktu sejenak untuk bersyukur kepada Allah, bukan hanya karena Ia mulai memulihkan penolakan yang kau alami, tetapi juga karena pribadi yang perlahan sedang dibentuk oleh pemulihan itu. Kisahmu tentang dipilih oleh-Nya bukan hanya untukmu. Pada akhirnya, itu juga menjadi kabar baik yang suatu hari akan bisa kau bagikan kepada orang lain.","Romans 15:7 | Accept one another, then, just as Christ accepted you, in order to bring praise to God.","Roma 15:7 | Sebab itu terimalah satu akan yang lain, sama seperti Kristus juga telah menerima kita, untuk kemuliaan Allah.","Who in your life right now might need to be welcomed the way you have longed to be welcomed?","Siapa dalam hidupmu saat ini yang mungkin perlu disambut sebagaimana kau selama ini merindukan untuk disambut?","Lord, thank You for beginning to heal my rejection. Take what I have learned through this pain and use it to make me a person who welcomes others the way You have welcomed me. Amen.","Tuhan, terima kasih karena Engkau mulai memulihkan penolakan yang kualami. Ambillah apa yang telah kupelajari melalui rasa sakit ini dan pakailah untuk menjadikanku pribadi yang menyambut orang lain sebagaimana Engkau telah menyambutku. Amin."
"Healing","Pemulihan","Healing from Emotional Wounds","Pemulihan dari Luka Batin","Mending the Broken Heart","Memulihkan Hati yang Patah","A seven-day path through heartbreak toward wholeness","Tujuh hari melewati patah hati menuju keutuhan","7","For anyone nursing a broken heart, whether from a relationship that ended, love that went unreturned, or a bond that quietly faded, this seven-day plan offers space to feel the loss honestly while slowly opening the heart back up to hope. It moves gently from grief to comfort to renewed trust, grounded in Scripture's steady promise that God is close to the brokenhearted.","Bagi siapa saja yang sedang merawat hati yang patah, entah karena hubungan yang berakhir, cinta yang tidak berbalas, atau ikatan yang perlahan pudar, rencana tujuh hari ini memberi ruang untuk merasakan kehilangan itu dengan jujur sambil perlahan membuka kembali hati kepada pengharapan. Rencana ini bergerak lembut dari dukacita menuju penghiburan dan kepercayaan yang baru, berlandaskan janji Alkitab yang teguh bahwa Allah dekat dengan orang yang patah hati.","A delicate ink-wash and watercolor illustration in portrait orientation, in the style of a quiet Japanese-influenced botanical study: a single cracked terracotta vase sits on a windowsill, and from the crack, instead of water leaking out, a small green shoot grows upward toward soft morning light, with a few pressed dried flowers scattered gently at the base. Palette: muted terracotta, sage green, warm cream, and a faint wash of dusty blue for the sky beyond the window. The linework is fine and restrained, with soft washes of color bleeding at the edges, evoking quiet melancholy giving way to tender new growth. All lettering is grouped together at the very top of the composition for maximum legibility, stacked on a soft solid-color band or gentle scrim so it stays readable against the artwork behind it: the title ""Mending the Broken Heart"" first, largest, in a delicate thin serif; directly beneath it the smaller subtitle ""A seven-day path through heartbreak toward wholeness""; and directly beneath the subtitle a compact rounded pill reading ""7 DAYS"" in bold small caps. Nothing else overlaps the illustration below. Mood: quietly tender, slow-healing, hopeful.","","1","Naming the Ache","Menyebut Nama Luka Ini","Heartbreak has a way of making the whole world feel smaller. A song on the radio, a familiar street, an empty side of the bed, any of these ordinary things can suddenly carry the full weight of what has been lost. If you are in this place today, know first that there is nothing wrong with you for feeling this deeply. A broken heart is not a sign of weakness; it is evidence that you loved, that you gave something real, and real love always leaves a mark when it ends.

Many of us try to rush past heartbreak, treating it like an inconvenience to be managed rather than a genuine loss to be grieved. We distract ourselves, we minimize what happened, we tell ourselves it wasn't that serious. But minimizing pain doesn't make it smaller; it just makes it harder to find later, buried under layers of busyness and denial. The healthier path, though harder in the short term, is to look honestly at what has broken and call it by its true name.

Scripture never asks us to pretend our hearts aren't broken. Instead it repeatedly promises that God draws close specifically to broken hearts, not to the polished, put-together version of us we sometimes present to the world. This means your heartbreak is not a barrier between you and God. If anything, it is an open door, an invitation for Him to come especially near in this season.

Today, simply let yourself acknowledge what has happened without adding shame to the grief. You lost something that mattered. That is enough of a reason to be gentle with yourself, and enough of a reason to bring this pain honestly before God.","Patah hati punya cara membuat seluruh dunia terasa lebih kecil. Sebuah lagu di radio, jalan yang dulu akrab, sisi tempat tidur yang kosong, semua hal biasa itu bisa tiba-tiba membawa seluruh beban dari apa yang telah hilang. Jika hari ini kau berada di tempat ini, ketahuilah terlebih dahulu bahwa tidak ada yang salah denganmu karena merasakannya sedalam ini. Hati yang patah bukan tanda kelemahan; itu bukti bahwa kau pernah mengasihi, bahwa kau memberikan sesuatu yang nyata, dan kasih yang nyata selalu meninggalkan bekas ketika berakhir.

Banyak dari kita mencoba buru-buru melewati patah hati, memperlakukannya seperti gangguan yang harus diatasi, bukan kehilangan sejati yang perlu didukakan. Kita mengalihkan perhatian, meremehkan apa yang terjadi, meyakinkan diri bahwa itu tidak seserius itu. Tetapi meremehkan rasa sakit tidak membuatnya menjadi lebih kecil; itu hanya membuatnya lebih sulit ditemukan kelak, terkubur di bawah lapisan kesibukan dan penyangkalan. Jalan yang lebih sehat, meskipun lebih sulit dalam jangka pendek, adalah melihat dengan jujur apa yang telah patah dan menyebutnya dengan nama sebenarnya.

Alkitab tidak pernah meminta kita berpura-pura bahwa hati kita tidak patah. Sebaliknya, Alkitab berulang kali berjanji bahwa Allah mendekat secara khusus kepada hati yang patah, bukan kepada versi diri kita yang rapi dan terlihat baik-baik saja yang kadang kita tunjukkan kepada dunia. Ini berarti patah hatimu bukan penghalang antara dirimu dan Allah. Justru sebaliknya, itu adalah pintu terbuka, undangan bagi-Nya untuk datang lebih dekat lagi dalam musim ini.

Hari ini, biarkan saja dirimu mengakui apa yang telah terjadi tanpa menambahkan rasa malu pada dukacitamu. Kau telah kehilangan sesuatu yang berarti. Itu sudah cukup menjadi alasan untuk bersikap lembut pada dirimu sendiri, dan cukup menjadi alasan untuk membawa rasa sakit ini dengan jujur di hadapan Allah.","Psalm 147:3 | He heals the brokenhearted and binds up their wounds.","Mazmur 147:3 | Ia menyembuhkan orang-orang yang patah hati dan membalut luka-luka mereka.","What loss are you tempted to minimize instead of grieving honestly?","Kehilangan apa yang selama ini cenderung kau remehkan, alih-alih kau dukakan dengan jujur?","Lord, my heart is broken and I don't want to pretend otherwise anymore. Draw close to me here, in the honest pain, and begin the slow work of healing that only You can do. Amen.","Tuhan, hatiku patah dan aku tidak ingin lagi berpura-pura sebaliknya. Mendekatlah kepadaku di sini, dalam rasa sakit yang jujur ini, dan mulailah pekerjaan pemulihan yang perlahan, yang hanya bisa Engkau lakukan. Amin."
"Healing","Pemulihan","Healing from Emotional Wounds","Pemulihan dari Luka Batin","Mending the Broken Heart","Memulihkan Hati yang Patah","A seven-day path through heartbreak toward wholeness","Tujuh hari melewati patah hati menuju keutuhan","7","For anyone nursing a broken heart, whether from a relationship that ended, love that went unreturned, or a bond that quietly faded, this seven-day plan offers space to feel the loss honestly while slowly opening the heart back up to hope. It moves gently from grief to comfort to renewed trust, grounded in Scripture's steady promise that God is close to the brokenhearted.","Bagi siapa saja yang sedang merawat hati yang patah, entah karena hubungan yang berakhir, cinta yang tidak berbalas, atau ikatan yang perlahan pudar, rencana tujuh hari ini memberi ruang untuk merasakan kehilangan itu dengan jujur sambil perlahan membuka kembali hati kepada pengharapan. Rencana ini bergerak lembut dari dukacita menuju penghiburan dan kepercayaan yang baru, berlandaskan janji Alkitab yang teguh bahwa Allah dekat dengan orang yang patah hati.","A delicate ink-wash and watercolor illustration in portrait orientation, in the style of a quiet Japanese-influenced botanical study: a single cracked terracotta vase sits on a windowsill, and from the crack, instead of water leaking out, a small green shoot grows upward toward soft morning light, with a few pressed dried flowers scattered gently at the base. Palette: muted terracotta, sage green, warm cream, and a faint wash of dusty blue for the sky beyond the window. The linework is fine and restrained, with soft washes of color bleeding at the edges, evoking quiet melancholy giving way to tender new growth. All lettering is grouped together at the very top of the composition for maximum legibility, stacked on a soft solid-color band or gentle scrim so it stays readable against the artwork behind it: the title ""Mending the Broken Heart"" first, largest, in a delicate thin serif; directly beneath it the smaller subtitle ""A seven-day path through heartbreak toward wholeness""; and directly beneath the subtitle a compact rounded pill reading ""7 DAYS"" in bold small caps. Nothing else overlaps the illustration below. Mood: quietly tender, slow-healing, hopeful.","","2","It's Okay to Grieve What Was Good","Tidak Apa Berdukacita atas Apa yang Baik","One of the confusing parts of heartbreak is grieving something that had genuinely good moments in it. We sometimes think we're only allowed to grieve things that were entirely bad, but the truth is that most relationships, even the ones that end painfully, contain real love, real laughter, real memories worth mourning. Holding both truths at once, that something was good and that it still had to end, is not contradictory. It is simply honest.

This kind of grief can feel disorienting because it doesn't move in a straight line. Some days you might feel mostly at peace, and other days a small memory can undo you completely. This is normal. Grief over heartbreak rarely follows a tidy schedule, and giving yourself permission to feel it in waves, rather than expecting a steady march toward feeling better, can actually make the process gentler.

The Apostle Paul reminds us that God comforts us in our troubles so that we, in turn, can comfort others facing similar troubles with the same comfort we received. This means the grief you're walking through now is not wasted, even while it hurts. It is being met by a God who specializes in comfort, and one day, whether you can imagine it yet or not, this very experience may become something you use to help someone else who is hurting the way you are now.

For today, resist the urge to rank or dismiss your grief just because the relationship wasn't perfect, or because you know others have suffered worse losses. Grief isn't a competition. What mattered to you is allowed to matter, and God receives it as such.","Salah satu bagian yang membingungkan dari patah hati adalah berdukacita atas sesuatu yang sungguh-sungguh memiliki momen-momen baik di dalamnya. Kadang kita berpikir kita hanya boleh berdukacita atas hal-hal yang sepenuhnya buruk, tetapi kenyataannya kebanyakan hubungan, bahkan yang berakhir dengan menyakitkan, mengandung kasih yang nyata, tawa yang nyata, kenangan yang layak untuk diratapi. Memegang kedua kebenaran ini sekaligus, bahwa sesuatu itu baik dan tetap harus berakhir, bukanlah kontradiksi. Itu hanyalah kejujuran.

Dukacita semacam ini bisa terasa membingungkan karena tidak bergerak dalam garis lurus. Ada hari-hari kau merasa cukup damai, dan ada hari-hari sebuah kenangan kecil bisa membuatmu benar-benar terguncang. Ini normal. Dukacita atas patah hati jarang mengikuti jadwal yang rapi, dan mengizinkan dirimu merasakannya dalam gelombang, alih-alih mengharapkan perjalanan yang stabil menuju perasaan lebih baik, sebenarnya bisa membuat proses ini lebih lembut.

Rasul Paulus mengingatkan kita bahwa Allah menghibur kita dalam kesesakan kita, sehingga kita pun dapat menghibur orang lain yang menghadapi kesesakan serupa dengan penghiburan yang sama yang telah kita terima. Ini berarti dukacita yang sedang kau lalui sekarang tidak sia-sia, meskipun terasa sakit. Dukacita itu sedang ditemui oleh Allah yang ahli dalam menghibur, dan suatu hari, entah bisa kau bayangkan sekarang atau tidak, pengalaman inilah yang mungkin akan kau pakai untuk menolong orang lain yang sedang terluka seperti dirimu sekarang.

Untuk hari ini, tahanlah dorongan untuk menilai atau meremehkan dukacitamu hanya karena hubungan itu tidak sempurna, atau karena kau tahu orang lain pernah mengalami kehilangan yang lebih berat. Dukacita bukanlah perlombaan. Apa yang berarti bagimu boleh tetap berarti, dan Allah menerimanya sebagaimana adanya.","2 Corinthians 1:3-4 | The Father of compassion and the God of all comfort, who comforts us in all our troubles, so that we can comfort those in any trouble with the comfort we ourselves receive from God.","2 Korintus 1:3-4 | Bapa yang penuh belas kasihan dan Allah sumber segala penghiburan, yang menghibur kami dalam segala penderitaan kami, sehingga kami sanggup menghibur mereka yang berada dalam bermacam-macam penderitaan dengan penghiburan yang kami terima sendiri dari Allah.","Can you allow yourself to mourn what was good, without needing the whole relationship to have been perfect to justify your grief?","Bisakah kau mengizinkan dirimu meratapi apa yang baik, tanpa perlu seluruh hubungan itu sempurna untuk membenarkan dukacitamu?","God of all comfort, thank You for the good that was real, even though it ended. Comfort me in this specific grief, and someday, use what I learn here to comfort someone else. Amen.","Allah sumber segala penghiburan, terima kasih atas kebaikan yang nyata itu, meskipun telah berakhir. Hiburlah aku dalam dukacita khusus ini, dan suatu hari, pakailah apa yang kupelajari di sini untuk menghibur orang lain. Amin."
"Healing","Pemulihan","Healing from Emotional Wounds","Pemulihan dari Luka Batin","Mending the Broken Heart","Memulihkan Hati yang Patah","A seven-day path through heartbreak toward wholeness","Tujuh hari melewati patah hati menuju keutuhan","7","For anyone nursing a broken heart, whether from a relationship that ended, love that went unreturned, or a bond that quietly faded, this seven-day plan offers space to feel the loss honestly while slowly opening the heart back up to hope. It moves gently from grief to comfort to renewed trust, grounded in Scripture's steady promise that God is close to the brokenhearted.","Bagi siapa saja yang sedang merawat hati yang patah, entah karena hubungan yang berakhir, cinta yang tidak berbalas, atau ikatan yang perlahan pudar, rencana tujuh hari ini memberi ruang untuk merasakan kehilangan itu dengan jujur sambil perlahan membuka kembali hati kepada pengharapan. Rencana ini bergerak lembut dari dukacita menuju penghiburan dan kepercayaan yang baru, berlandaskan janji Alkitab yang teguh bahwa Allah dekat dengan orang yang patah hati.","A delicate ink-wash and watercolor illustration in portrait orientation, in the style of a quiet Japanese-influenced botanical study: a single cracked terracotta vase sits on a windowsill, and from the crack, instead of water leaking out, a small green shoot grows upward toward soft morning light, with a few pressed dried flowers scattered gently at the base. Palette: muted terracotta, sage green, warm cream, and a faint wash of dusty blue for the sky beyond the window. The linework is fine and restrained, with soft washes of color bleeding at the edges, evoking quiet melancholy giving way to tender new growth. All lettering is grouped together at the very top of the composition for maximum legibility, stacked on a soft solid-color band or gentle scrim so it stays readable against the artwork behind it: the title ""Mending the Broken Heart"" first, largest, in a delicate thin serif; directly beneath it the smaller subtitle ""A seven-day path through heartbreak toward wholeness""; and directly beneath the subtitle a compact rounded pill reading ""7 DAYS"" in bold small caps. Nothing else overlaps the illustration below. Mood: quietly tender, slow-healing, hopeful.","","3","When Anger Shows Up","Ketika Amarah Muncul","Somewhere in the process of healing a broken heart, anger often makes an appearance, sometimes surprisingly fierce. We might feel angry at the person who hurt us, angry at ourselves for not seeing it coming, or even a quiet, uncomfortable anger toward God for allowing it to happen at all. If this is part of your experience, you are not failing at healing. Anger is frequently love's shadow; it shows up because we cared, and caring that gets wounded doesn't just fade quietly, it protests.

It can be tempting to suppress this anger, especially if we've been taught that good, faithful people don't get angry, particularly not at God. But Scripture is full of raw, unfiltered anger directed honestly toward God, especially in the Psalms, and none of it disqualifies the person from being called faithful. What matters is not whether we feel anger, but what we do with it: whether we bring it honestly into God's presence or let it curdle in isolation.

Bringing anger to God doesn't mean staying angry at Him forever, nor does it mean He is the target of blame for someone else's choices. It means being honest that this hurts, that it feels unfair, that we don't understand why love had to break this way. God is not fragile. He can hold our anger without flinching, and often it is in the honest expression of it that we finally start to loosen its grip on us.

If anger has been part of your heartbreak, don't rush to suppress it today. Bring it, unedited, into prayer. Let God be big enough to receive it, and trust that on the other side of that honesty is often a surprising measure of peace.","Di suatu titik dalam proses memulihkan hati yang patah, amarah sering kali muncul, kadang dengan kekuatan yang mengejutkan. Kita mungkin marah pada orang yang melukai kita, marah pada diri sendiri karena tidak melihatnya lebih awal, atau bahkan amarah yang tenang dan tidak nyaman terhadap Allah karena mengizinkan hal ini terjadi. Jika ini bagian dari pengalamanmu, kau tidak sedang gagal dalam proses pemulihan. Amarah sering kali adalah bayangan dari kasih; ia muncul karena kita peduli, dan kepedulian yang terluka tidak hanya memudar diam-diam, ia memprotes.

Ada godaan untuk menekan amarah ini, terutama jika kita diajarkan bahwa orang yang baik dan setia tidak boleh marah, apalagi kepada Allah. Tetapi Alkitab penuh dengan amarah yang mentah dan tidak disaring, diarahkan dengan jujur kepada Allah, terutama dalam kitab Mazmur, dan tidak satu pun dari itu membuat orangnya tidak layak disebut setia. Yang penting bukan apakah kita merasa marah, tetapi apa yang kita lakukan dengan amarah itu: apakah kita membawanya dengan jujur ke hadirat Allah atau membiarkannya membusuk dalam kesendirian.

Membawa amarah kepada Allah tidak berarti kita akan terus marah kepada-Nya selamanya, dan juga tidak berarti Ia menjadi sasaran kesalahan atas pilihan orang lain. Itu berarti bersikap jujur bahwa ini menyakitkan, bahwa ini terasa tidak adil, bahwa kita tidak mengerti mengapa kasih harus patah seperti ini. Allah tidak rapuh. Ia sanggup menampung amarah kita tanpa gentar, dan sering kali justru dalam ungkapan yang jujur itulah kita akhirnya mulai melepaskan cengkeramannya atas diri kita.

Jika amarah menjadi bagian dari patah hatimu, jangan buru-buru menekannya hari ini. Bawalah, apa adanya, ke dalam doa. Biarkan Allah cukup besar untuk menerimanya, dan percayalah bahwa di balik kejujuran itu sering kali ada damai sejahtera yang mengejutkan.","Psalm 62:8 | Trust in him at all times, you people; pour out your hearts to him, for God is our refuge.","Mazmur 62:9 | Percayalah kepada-Nya setiap waktu, hai umat, curahkanlah isi hatimu di hadapan-Nya! Allah ialah tempat perlindungan kita.","Is there any anger connected to your heartbreak that you have not yet honestly brought before God?","Adakah amarah yang terkait dengan patah hatimu yang belum pernah kau bawa dengan jujur ke hadapan Allah?","Lord, I bring You my anger, unfiltered and honest, trusting that You can hold it without turning away from me. Help me release its grip in Your time, and lead me toward peace. Amen.","Tuhan, aku membawa amarahku kepada-Mu, apa adanya dan dengan jujur, dengan percaya bahwa Engkau sanggup menampungnya tanpa berpaling dariku. Tolonglah aku melepaskan cengkeramannya pada waktu-Mu, dan tuntunlah aku menuju damai sejahtera. Amin."
"Healing","Pemulihan","Healing from Emotional Wounds","Pemulihan dari Luka Batin","Mending the Broken Heart","Memulihkan Hati yang Patah","A seven-day path through heartbreak toward wholeness","Tujuh hari melewati patah hati menuju keutuhan","7","For anyone nursing a broken heart, whether from a relationship that ended, love that went unreturned, or a bond that quietly faded, this seven-day plan offers space to feel the loss honestly while slowly opening the heart back up to hope. It moves gently from grief to comfort to renewed trust, grounded in Scripture's steady promise that God is close to the brokenhearted.","Bagi siapa saja yang sedang merawat hati yang patah, entah karena hubungan yang berakhir, cinta yang tidak berbalas, atau ikatan yang perlahan pudar, rencana tujuh hari ini memberi ruang untuk merasakan kehilangan itu dengan jujur sambil perlahan membuka kembali hati kepada pengharapan. Rencana ini bergerak lembut dari dukacita menuju penghiburan dan kepercayaan yang baru, berlandaskan janji Alkitab yang teguh bahwa Allah dekat dengan orang yang patah hati.","A delicate ink-wash and watercolor illustration in portrait orientation, in the style of a quiet Japanese-influenced botanical study: a single cracked terracotta vase sits on a windowsill, and from the crack, instead of water leaking out, a small green shoot grows upward toward soft morning light, with a few pressed dried flowers scattered gently at the base. Palette: muted terracotta, sage green, warm cream, and a faint wash of dusty blue for the sky beyond the window. The linework is fine and restrained, with soft washes of color bleeding at the edges, evoking quiet melancholy giving way to tender new growth. All lettering is grouped together at the very top of the composition for maximum legibility, stacked on a soft solid-color band or gentle scrim so it stays readable against the artwork behind it: the title ""Mending the Broken Heart"" first, largest, in a delicate thin serif; directly beneath it the smaller subtitle ""A seven-day path through heartbreak toward wholeness""; and directly beneath the subtitle a compact rounded pill reading ""7 DAYS"" in bold small caps. Nothing else overlaps the illustration below. Mood: quietly tender, slow-healing, hopeful.","","4","The Slow Work of Trusting Again","Pekerjaan Perlahan untuk Kembali Percaya","After a heart breaks, trust often breaks along with it, not just trust in the person who caused the pain, but sometimes trust in love itself, in the idea that it's safe to open up again to anyone. This caution isn't irrational; it's a natural protective response. But left unchecked, it can slowly close us off not just from romantic love, but from friendship, community, and even from vulnerability with God.

Rebuilding trust is rarely a single decision; it's a slow accumulation of small, brave choices. It might look like letting a friend in on how you're really doing instead of saying you're fine. It might look like praying honestly instead of keeping God at arm's length. It might look like simply staying open to the possibility of good things ahead, even while still healing. None of these require you to trust fully and immediately; they simply require a willingness to take the next small step.

It helps to remember that God's faithfulness is not contingent on human faithfulness. People can and do let us down, sometimes badly, but that does not mean God is like them. His love has a track record that spans all of Scripture and, if we look honestly, our own lives too: steady, patient, unwilling to abandon us even when we are slow to trust Him back.

Today, you don't have to trust perfectly. You just have to be willing to keep taking small steps back toward openness, trusting that God is patient with the pace of your healing and won't rush you past what still feels tender.","Setelah hati patah, kepercayaan sering kali ikut patah, bukan hanya kepercayaan pada orang yang menyebabkan rasa sakit, tetapi kadang kepercayaan pada cinta itu sendiri, pada gagasan bahwa aman untuk kembali membuka diri kepada siapa pun. Kewaspadaan ini bukan tanpa alasan; ini respons perlindungan yang wajar. Tetapi jika dibiarkan tanpa disadari, ia bisa perlahan menutup kita, bukan hanya dari cinta romantis, tetapi juga dari persahabatan, komunitas, bahkan dari keterbukaan kepada Allah.

Membangun kembali kepercayaan jarang merupakan satu keputusan besar; itu adalah kumpulan perlahan dari pilihan-pilihan kecil yang berani. Bisa jadi itu berarti membiarkan seorang sahabat tahu bagaimana keadaanmu yang sesungguhnya, alih-alih berkata bahwa kau baik-baik saja. Bisa jadi itu berarti berdoa dengan jujur, alih-alih menjaga jarak dari Allah. Bisa jadi itu sesederhana tetap terbuka pada kemungkinan hal-hal baik di depan, bahkan saat masih dalam proses pemulihan. Tidak satu pun dari ini menuntutmu untuk percaya secara penuh dan seketika; semua ini hanya menuntut kesediaan untuk mengambil langkah kecil berikutnya.

Akan membantu untuk mengingat bahwa kesetiaan Allah tidak bergantung pada kesetiaan manusia. Orang bisa dan memang mengecewakan kita, kadang dengan berat, tetapi itu tidak berarti Allah seperti mereka. Kasih-Nya memiliki rekam jejak yang terbentang di seluruh Alkitab dan, jika kita melihat dengan jujur, juga dalam hidup kita sendiri: teguh, sabar, tidak mau meninggalkan kita bahkan ketika kita lambat untuk kembali memercayai-Nya.

Hari ini, kau tidak perlu percaya dengan sempurna. Kau hanya perlu bersedia terus mengambil langkah-langkah kecil kembali menuju keterbukaan, dengan percaya bahwa Allah sabar dengan tempo pemulihanmu dan tidak akan terburu-buru melewatkanmu dari apa yang masih terasa rapuh.","Lamentations 3:22-23 | Because of the Lord's great love we are not consumed, for his compassions never fail. They are new every morning; great is your faithfulness.","Ratapan 3:22-23 | Tak berkesudahan kasih setia TUHAN, tak habis-habisnya rahmat-Nya, selalu baru tiap pagi; besar kesetiaan-Mu!","What is one small, brave step toward openness you could take this week, even while your heart is still healing?","Apa satu langkah kecil yang berani menuju keterbukaan yang bisa kau ambil minggu ini, bahkan ketika hatimu masih dalam proses pemulihan?","Lord, rebuild my capacity to trust, slowly and gently. Where people have let me down, remind me that Your faithfulness is new every morning and does not depend on theirs. Amen.","Tuhan, bangunlah kembali kemampuanku untuk percaya, perlahan dan lembut. Di mana orang-orang telah mengecewakanku, ingatkanlah aku bahwa kesetiaan-Mu baru setiap pagi dan tidak bergantung pada kesetiaan mereka. Amin."
"Healing","Pemulihan","Healing from Emotional Wounds","Pemulihan dari Luka Batin","Mending the Broken Heart","Memulihkan Hati yang Patah","A seven-day path through heartbreak toward wholeness","Tujuh hari melewati patah hati menuju keutuhan","7","For anyone nursing a broken heart, whether from a relationship that ended, love that went unreturned, or a bond that quietly faded, this seven-day plan offers space to feel the loss honestly while slowly opening the heart back up to hope. It moves gently from grief to comfort to renewed trust, grounded in Scripture's steady promise that God is close to the brokenhearted.","Bagi siapa saja yang sedang merawat hati yang patah, entah karena hubungan yang berakhir, cinta yang tidak berbalas, atau ikatan yang perlahan pudar, rencana tujuh hari ini memberi ruang untuk merasakan kehilangan itu dengan jujur sambil perlahan membuka kembali hati kepada pengharapan. Rencana ini bergerak lembut dari dukacita menuju penghiburan dan kepercayaan yang baru, berlandaskan janji Alkitab yang teguh bahwa Allah dekat dengan orang yang patah hati.","A delicate ink-wash and watercolor illustration in portrait orientation, in the style of a quiet Japanese-influenced botanical study: a single cracked terracotta vase sits on a windowsill, and from the crack, instead of water leaking out, a small green shoot grows upward toward soft morning light, with a few pressed dried flowers scattered gently at the base. Palette: muted terracotta, sage green, warm cream, and a faint wash of dusty blue for the sky beyond the window. The linework is fine and restrained, with soft washes of color bleeding at the edges, evoking quiet melancholy giving way to tender new growth. All lettering is grouped together at the very top of the composition for maximum legibility, stacked on a soft solid-color band or gentle scrim so it stays readable against the artwork behind it: the title ""Mending the Broken Heart"" first, largest, in a delicate thin serif; directly beneath it the smaller subtitle ""A seven-day path through heartbreak toward wholeness""; and directly beneath the subtitle a compact rounded pill reading ""7 DAYS"" in bold small caps. Nothing else overlaps the illustration below. Mood: quietly tender, slow-healing, hopeful.","","5","Letting Go of What Wasn't Yours to Carry","Melepaskan Apa yang Bukan untuk Kau Tanggung","Heartbreak often comes with an unwelcome companion: guilt. We replay conversations, wondering what we could have said differently, what we could have done to keep love from breaking. Some of this reflection is healthy; it helps us learn and grow. But often it tips into something heavier, a belief that we are somehow fully responsible for another person's choices, feelings, or capacity to love us well.

It's important to gently separate what was actually yours to carry from what was never yours in the first place. You are responsible for how you loved, how you communicated, how you treated the other person. You are not responsible for their fears, their unreadiness, their own unhealed wounds that shaped how they showed up in the relationship. Carrying blame for things outside your control doesn't honor the relationship; it just adds unnecessary weight to a heart that is already carrying enough.

Casting our anxieties, including the anxious guilt of heartbreak, onto God is not a one-time transaction but an ongoing practice. Some days the weight creeps back, and we have to consciously hand it over again. This is not a failure of faith; it's simply what it looks like to keep choosing, day by day, to let God carry what was never meant to be ours alone.

As you move through today, notice any guilt you're carrying that belongs to someone else's choices, and practice the small, repeated act of setting it down before God. You don't have to carry what was never yours.","Patah hati sering datang dengan teman yang tidak diinginkan: rasa bersalah. Kita mengulang-ulang percakapan dalam pikiran, bertanya-tanya apa yang bisa kita katakan berbeda, apa yang bisa kita lakukan agar cinta tidak patah. Sebagian dari refleksi ini sehat; itu membantu kita belajar dan bertumbuh. Tetapi sering kali itu berubah menjadi sesuatu yang lebih berat, sebuah keyakinan bahwa kita entah bagaimana sepenuhnya bertanggung jawab atas pilihan, perasaan, atau kemampuan orang lain untuk mengasihi kita dengan baik.

Penting untuk dengan lembut memisahkan apa yang sesungguhnya menjadi tanggung jawabmu dari apa yang sejak awal bukan tanggung jawabmu. Kau bertanggung jawab atas caramu mengasihi, caramu berkomunikasi, caramu memperlakukan orang lain. Kau tidak bertanggung jawab atas ketakutan mereka, ketidaksiapan mereka, luka-luka mereka sendiri yang belum pulih yang membentuk cara mereka hadir dalam hubungan itu. Menanggung kesalahan atas hal-hal di luar kendalimu tidak menghormati hubungan itu; itu hanya menambah beban yang tidak perlu pada hati yang sudah cukup menanggung banyak.

Menyerahkan kekhawatiran kita, termasuk rasa bersalah yang cemas dari patah hati, kepada Allah bukanlah transaksi sekali jalan, melainkan praktik yang berkelanjutan. Ada hari-hari beban itu merayap kembali, dan kita harus dengan sadar menyerahkannya lagi. Ini bukan kegagalan iman; ini hanyalah gambaran dari terus memilih, hari demi hari, untuk membiarkan Allah menanggung apa yang tidak pernah dimaksudkan untuk kita tanggung sendirian.

Saat kau menjalani hari ini, perhatikan rasa bersalah apa pun yang kau tanggung yang sebenarnya adalah milik pilihan orang lain, dan latihlah tindakan kecil yang berulang untuk meletakkannya di hadapan Allah. Kau tidak perlu menanggung apa yang bukan milikmu.","1 Peter 5:7 | Cast all your anxiety on him because he cares for you.","1 Petrus 5:7 | Serahkanlah segala kekuatiranmu kepada-Nya, sebab Ia yang memelihara kamu.","What guilt might you be carrying that actually belongs to someone else's choices, not yours?","Rasa bersalah apa yang mungkin kau tanggung yang sebenarnya milik pilihan orang lain, bukan pilihanmu?","Father, I hand over the guilt I have been carrying that was never mine to hold. Help me see clearly what was truly my responsibility and release the rest into Your care. Amen.","Bapa, aku menyerahkan rasa bersalah yang selama ini kutanggung, yang sebenarnya bukan milikku untuk dipikul. Tolonglah aku melihat dengan jelas apa yang sungguh menjadi tanggung jawabku, dan lepaskanlah selebihnya ke dalam pemeliharaan-Mu. Amin."
"Healing","Pemulihan","Healing from Emotional Wounds","Pemulihan dari Luka Batin","Mending the Broken Heart","Memulihkan Hati yang Patah","A seven-day path through heartbreak toward wholeness","Tujuh hari melewati patah hati menuju keutuhan","7","For anyone nursing a broken heart, whether from a relationship that ended, love that went unreturned, or a bond that quietly faded, this seven-day plan offers space to feel the loss honestly while slowly opening the heart back up to hope. It moves gently from grief to comfort to renewed trust, grounded in Scripture's steady promise that God is close to the brokenhearted.","Bagi siapa saja yang sedang merawat hati yang patah, entah karena hubungan yang berakhir, cinta yang tidak berbalas, atau ikatan yang perlahan pudar, rencana tujuh hari ini memberi ruang untuk merasakan kehilangan itu dengan jujur sambil perlahan membuka kembali hati kepada pengharapan. Rencana ini bergerak lembut dari dukacita menuju penghiburan dan kepercayaan yang baru, berlandaskan janji Alkitab yang teguh bahwa Allah dekat dengan orang yang patah hati.","A delicate ink-wash and watercolor illustration in portrait orientation, in the style of a quiet Japanese-influenced botanical study: a single cracked terracotta vase sits on a windowsill, and from the crack, instead of water leaking out, a small green shoot grows upward toward soft morning light, with a few pressed dried flowers scattered gently at the base. Palette: muted terracotta, sage green, warm cream, and a faint wash of dusty blue for the sky beyond the window. The linework is fine and restrained, with soft washes of color bleeding at the edges, evoking quiet melancholy giving way to tender new growth. All lettering is grouped together at the very top of the composition for maximum legibility, stacked on a soft solid-color band or gentle scrim so it stays readable against the artwork behind it: the title ""Mending the Broken Heart"" first, largest, in a delicate thin serif; directly beneath it the smaller subtitle ""A seven-day path through heartbreak toward wholeness""; and directly beneath the subtitle a compact rounded pill reading ""7 DAYS"" in bold small caps. Nothing else overlaps the illustration below. Mood: quietly tender, slow-healing, hopeful.","","6","God as the Steady Companion","Allah sebagai Sahabat yang Teguh","One of the quiet fears that can accompany heartbreak is the fear of being alone, not just without a particular person, but fundamentally unaccompanied in life. This fear can be especially sharp in the early stretches of grief, when the future feels uncertain and the present feels emptier than before. It's worth naming this fear honestly, because unnamed fears tend to grow larger in the dark.

Scripture offers a promise that speaks directly into this fear: God will never leave us or forsake us. This is not a vague sentiment but a repeated, concrete promise given to people in genuinely uncertain and frightening circumstances. It doesn't mean human companionship doesn't matter, or that solitude won't sometimes feel hard. It means that underneath every human relationship, whether present or absent, there is a steadier presence that never withdraws.

Learning to lean into God's companionship during heartbreak can feel unfamiliar at first, especially if we're used to seeking comfort primarily from people. It might mean talking to Him throughout an ordinary day the way we would talk to a close friend, or simply sitting quietly and letting His presence be enough for a few minutes, even when it's hard to feel. Over time, this practice can become a genuine source of steadiness, not a consolation prize but a real relationship in its own right.

If loneliness has been part of your heartbreak, let today be a small step toward noticing God's presence in the middle of it, not as a replacement for human connection eventually, but as a companion who was there before anyone else and will remain after.","Salah satu ketakutan yang diam-diam menyertai patah hati adalah ketakutan akan kesendirian, bukan hanya tanpa satu orang tertentu, tetapi secara mendasar tidak ditemani dalam hidup. Ketakutan ini bisa terasa sangat tajam pada masa-masa awal dukacita, ketika masa depan terasa tidak pasti dan masa kini terasa lebih kosong dari sebelumnya. Penting untuk menyebut ketakutan ini dengan jujur, karena ketakutan yang tidak disebut cenderung membesar dalam kegelapan.

Alkitab menawarkan janji yang berbicara langsung kepada ketakutan ini: Allah tidak akan pernah meninggalkan atau membiarkan kita. Ini bukan sentimen yang samar, melainkan janji yang konkret dan berulang, diberikan kepada orang-orang dalam keadaan yang sungguh tidak pasti dan menakutkan. Ini tidak berarti kebersamaan dengan manusia tidak penting, atau bahwa kesendirian tidak akan pernah terasa berat. Ini berarti di bawah setiap hubungan manusia, ada atau tidaknya, ada kehadiran yang lebih teguh yang tidak pernah mundur.

Belajar bersandar pada kebersamaan Allah selama patah hati bisa terasa asing pada awalnya, terutama jika kita terbiasa mencari penghiburan terutama dari manusia. Bisa jadi itu berarti berbicara kepada-Nya sepanjang hari biasa seperti kita berbicara kepada sahabat dekat, atau sekadar duduk diam dan membiarkan hadirat-Nya cukup selama beberapa menit, bahkan ketika sulit dirasakan. Seiring waktu, praktik ini bisa menjadi sumber ketenangan yang sungguh nyata, bukan hadiah hiburan, melainkan hubungan sejati tersendiri.

Jika kesepian menjadi bagian dari patah hatimu, biarlah hari ini menjadi langkah kecil untuk menyadari kehadiran Allah di tengahnya, bukan sebagai pengganti hubungan manusia kelak, tetapi sebagai sahabat yang telah ada sebelum siapa pun yang lain dan akan tetap ada sesudahnya.","Deuteronomy 31:8 | The Lord himself goes before you and will be with you; he will never leave you nor forsake you. Do not be afraid; do not be discouraged.","Ulangan 31:8 | TUHAN, Dia sendiri berjalan di depanmu, Dia sendiri akan menyertai engkau, Dia tidak akan membiarkan engkau dan tidak akan meninggalkan engkau; janganlah takut dan janganlah patah hati.","What would it look like this week to intentionally include God as a companion in your ordinary moments, not just in your prayers?","Seperti apa jadinya minggu ini jika kau dengan sengaja menyertakan Allah sebagai sahabat dalam momen-momen biasamu, bukan hanya dalam doa-doamu?","Lord, thank You for the promise that You will never leave me. In the moments when loneliness feels heaviest, help me sense Your steady presence walking beside me. Amen.","Tuhan, terima kasih atas janji bahwa Engkau tidak akan pernah meninggalkanku. Pada momen-momen ketika kesepian terasa paling berat, tolonglah aku merasakan kehadiran-Mu yang teguh berjalan di sisiku. Amin."
"Healing","Pemulihan","Healing from Emotional Wounds","Pemulihan dari Luka Batin","Mending the Broken Heart","Memulihkan Hati yang Patah","A seven-day path through heartbreak toward wholeness","Tujuh hari melewati patah hati menuju keutuhan","7","For anyone nursing a broken heart, whether from a relationship that ended, love that went unreturned, or a bond that quietly faded, this seven-day plan offers space to feel the loss honestly while slowly opening the heart back up to hope. It moves gently from grief to comfort to renewed trust, grounded in Scripture's steady promise that God is close to the brokenhearted.","Bagi siapa saja yang sedang merawat hati yang patah, entah karena hubungan yang berakhir, cinta yang tidak berbalas, atau ikatan yang perlahan pudar, rencana tujuh hari ini memberi ruang untuk merasakan kehilangan itu dengan jujur sambil perlahan membuka kembali hati kepada pengharapan. Rencana ini bergerak lembut dari dukacita menuju penghiburan dan kepercayaan yang baru, berlandaskan janji Alkitab yang teguh bahwa Allah dekat dengan orang yang patah hati.","A delicate ink-wash and watercolor illustration in portrait orientation, in the style of a quiet Japanese-influenced botanical study: a single cracked terracotta vase sits on a windowsill, and from the crack, instead of water leaking out, a small green shoot grows upward toward soft morning light, with a few pressed dried flowers scattered gently at the base. Palette: muted terracotta, sage green, warm cream, and a faint wash of dusty blue for the sky beyond the window. The linework is fine and restrained, with soft washes of color bleeding at the edges, evoking quiet melancholy giving way to tender new growth. All lettering is grouped together at the very top of the composition for maximum legibility, stacked on a soft solid-color band or gentle scrim so it stays readable against the artwork behind it: the title ""Mending the Broken Heart"" first, largest, in a delicate thin serif; directly beneath it the smaller subtitle ""A seven-day path through heartbreak toward wholeness""; and directly beneath the subtitle a compact rounded pill reading ""7 DAYS"" in bold small caps. Nothing else overlaps the illustration below. Mood: quietly tender, slow-healing, hopeful.","","7","Hope for What Comes Next","Pengharapan untuk yang Akan Datang","By the time heartbreak has been sat with honestly, grieved fully, and brought again and again into God's presence, something begins to shift, quietly and often without a dramatic moment marking the change. The ache doesn't necessarily disappear all at once, but it starts to lose its grip on the future. We begin to notice we can imagine good things ahead again, even if we can't yet picture exactly what they look like.

This is where hope enters, not as denial of what was lost, but as trust that the story isn't finished. Scripture speaks of God's plans for us as plans for welfare and a future, words given originally to people in exile, people whose lives had been genuinely upended and who had every reason to believe nothing good remained ahead of them. Into that reality, God spoke hope, not because their pain was minimized, but because their story wasn't over.

Hope after heartbreak doesn't mean rushing toward a new relationship or forcing yourself to feel ready before you are. It means holding your heart open to the possibility of good things, whatever form they take: renewed friendships, a deeper walk with God, unexpected joy in ordinary days, and yes, perhaps someday, new love, if that is part of your story. Hope simply refuses to let heartbreak have the final word about what's still possible.

As this plan ends, take a moment to thank God for walking with you through this season, however far along you are. Whatever comes next, you do not walk into it broken and unaccompanied. You walk into it as someone being mended, carried by a God whose faithfulness toward you has never once wavered.","Ketika patah hati telah dihadapi dengan jujur, didukakan sepenuhnya, dan dibawa berulang kali ke hadirat Allah, sesuatu mulai berubah, secara diam-diam dan sering kali tanpa momen dramatis yang menandai perubahan itu. Rasa sakit itu tidak selalu hilang seketika, tetapi ia mulai kehilangan cengkeramannya atas masa depan. Kita mulai menyadari bahwa kita bisa membayangkan hal-hal baik di depan lagi, bahkan jika kita belum bisa membayangkan persis seperti apa bentuknya.

Di sinilah pengharapan masuk, bukan sebagai penyangkalan atas apa yang hilang, tetapi sebagai kepercayaan bahwa kisah ini belum selesai. Alkitab berbicara tentang rencana Allah bagi kita sebagai rencana damai sejahtera dan masa depan, kata-kata yang awalnya diberikan kepada orang-orang dalam pembuangan, orang-orang yang hidupnya sungguh terguncang dan punya segala alasan untuk percaya bahwa tidak ada yang baik tersisa di depan mereka. Ke dalam kenyataan itu, Allah menyuarakan pengharapan, bukan karena rasa sakit mereka diremehkan, tetapi karena kisah mereka belum berakhir.

Pengharapan setelah patah hati bukan berarti bergegas menuju hubungan baru atau memaksa diri merasa siap sebelum benar-benar siap. Itu berarti menjaga hati tetap terbuka pada kemungkinan hal-hal baik, dalam bentuk apa pun: persahabatan yang diperbarui, perjalanan yang lebih dalam bersama Allah, sukacita tak terduga dalam hari-hari biasa, dan ya, mungkin suatu hari, cinta yang baru, jika itu bagian dari kisahmu. Pengharapan hanya menolak membiarkan patah hati memiliki kata terakhir tentang apa yang masih mungkin.

Saat rencana ini berakhir, luangkan waktu sejenak untuk bersyukur kepada Allah karena telah berjalan bersamamu melalui musim ini, sejauh apa pun kau telah melangkah. Apa pun yang akan datang selanjutnya, kau tidak melangkah ke dalamnya dalam keadaan patah dan sendirian. Kau melangkah ke dalamnya sebagai seseorang yang sedang dipulihkan, ditopang oleh Allah yang kesetiaan-Nya terhadapmu tidak pernah sekali pun goyah.","Jeremiah 29:11 | For I know the plans I have for you, declares the Lord, plans to prosper you and not to harm you, plans to give you hope and a future.","Yeremia 29:11 | Sebab Aku ini mengetahui rancangan-rancangan apa yang ada pada-Ku mengenai kamu, demikianlah firman TUHAN, yaitu rancangan damai sejahtera dan bukan rancangan kecelakaan, untuk memberikan kepadamu hari depan yang penuh harapan.","What is one small sign of hope you can name today, even a small one, as evidence that your story is still unfolding?","Apa satu tanda pengharapan kecil yang bisa kau sebutkan hari ini, sekecil apa pun, sebagai bukti bahwa kisahmu masih terus berlanjut?","Lord, thank You for walking with me through this season of heartbreak. I trust that Your plans for me are good, and I open my heart to whatever hope You have for what comes next. Amen.","Tuhan, terima kasih telah berjalan bersamaku melalui musim patah hati ini. Aku percaya bahwa rancangan-Mu bagiku itu baik, dan aku membuka hatiku pada pengharapan apa pun yang Engkau sediakan untuk apa yang akan datang. Amin."
"Healing","Pemulihan","Healing from Emotional Wounds","Pemulihan dari Luka Batin","Healing the Wounds We've Carried Since Childhood","Memulihkan Luka yang Kita Bawa Sejak Kecil","Three days of releasing old hurt into God's hands","Tiga hari melepaskan luka lama ke dalam tangan Allah","3","A short but tender three-day plan for anyone who senses that some of their present-day struggles trace back to wounds carried since childhood, patterns of fear, shame, or self-doubt formed long before adulthood. This plan gently invites those early hurts into the light of God's healing, without requiring specific memories to be relived, only honestly acknowledged and released.","Sebuah rencana singkat namun lembut selama tiga hari bagi siapa saja yang merasa bahwa sebagian pergumulan masa kini berakar pada luka yang dibawa sejak kecil, pola ketakutan, rasa malu, atau keraguan diri yang terbentuk jauh sebelum dewasa. Rencana ini dengan lembut mengundang luka-luka lama itu ke dalam terang pemulihan Allah, tanpa perlu mengingat kembali kenangan spesifik secara mendalam, cukup diakui dan dilepaskan dengan jujur.","A warm linocut-style print illustration in portrait orientation, bold black outlines filled with flat warm color blocks in the manner of a folk-art woodblock print: a small child's silhouette stands at the base of a tall, gnarled but blossoming tree, one hand reaching up to touch its trunk where new pink and white blossoms burst from what look like old scars in the bark, with a soft sun rising behind the branches. Palette: warm terracotta orange, deep forest green, soft blush pink, and cream. The linocut texture gives a slightly rough, hand-carved warmth to every edge. All lettering is grouped together at the very top of the composition for maximum legibility, stacked on a soft solid-color band or gentle scrim so it stays readable against the artwork behind it: the title ""Healing the Wounds We've Carried Since Childhood"" first, largest, in a bold rounded folk-art lettering style; directly beneath it the smaller subtitle ""Three days of releasing old hurt into God's hands""; and directly beneath the subtitle a compact rounded pill reading ""3 DAYS"" in bold small caps. Nothing else overlaps the illustration below. Mood: warm, rooted, quietly hopeful.","","1","The Roots We Don't Always See","Akar yang Tidak Selalu Kita Lihat","Some of the deepest wounds in our lives were planted long before we had the words to describe them. A harsh word repeated too many times, a feeling of never quite measuring up, an early sense that love had to be earned rather than simply received, these kinds of experiences can settle quietly into a child's understanding of the world and continue shaping an adult's fears and reactions decades later, often without the person even realizing where the pattern began.

It can be tempting to dismiss these early wounds as old history, something we should simply be over by now. But wounds don't heal just because time has passed over them; they heal when they are brought into the light and tended to with care. Many of us carry patterns of anxiety, self-doubt, or difficulty trusting others that trace back further than we usually admit, and naming that connection honestly is not self-pity. It is the beginning of real healing.

God is not intimidated by how far back our wounds go. He met His people not only in their present struggles but in the stories that shaped them across generations, and He is fully capable of reaching into the earliest chapters of our lives with the same tender restoration He offers today. Nothing about our story, including the parts we barely remember or can't fully articulate, is too far back for Him to touch.

Today, simply consider whether any current struggle, a fear, an insecurity, a pattern you keep repeating, might have roots reaching further back than you usually acknowledge. You don't need every detail. You only need enough honesty to bring it before God and ask Him to begin working there.","Sebagian luka terdalam dalam hidup kita ditanam jauh sebelum kita memiliki kata-kata untuk menjelaskannya. Kata-kata keras yang diulang terlalu sering, perasaan tidak pernah cukup baik, kesan sejak dini bahwa kasih harus diperoleh, bukan sekadar diterima, pengalaman-pengalaman semacam ini bisa diam-diam mengendap dalam pemahaman seorang anak tentang dunia dan terus membentuk ketakutan serta reaksi orang dewasa puluhan tahun kemudian, sering kali tanpa orang itu menyadari dari mana pola itu bermula.

Ada godaan untuk menganggap luka-luka awal ini sebagai sejarah lama, sesuatu yang seharusnya sudah selesai sekarang. Tetapi luka tidak sembuh hanya karena waktu telah berlalu di atasnya; luka sembuh ketika dibawa ke dalam terang dan dirawat dengan seksama. Banyak dari kita membawa pola kecemasan, keraguan diri, atau kesulitan memercayai orang lain yang berakar lebih jauh ke belakang daripada yang biasanya kita akui, dan mengakui hubungan itu dengan jujur bukanlah rasa kasihan pada diri sendiri. Itu adalah awal dari pemulihan sejati.

Allah tidak gentar oleh seberapa jauh ke belakang luka kita berasal. Ia menemui umat-Nya bukan hanya dalam pergumulan masa kini, tetapi dalam kisah-kisah yang membentuk mereka lintas generasi, dan Ia sepenuhnya mampu menjangkau bab-bab paling awal dalam hidup kita dengan pemulihan lembut yang sama, yang Ia tawarkan hari ini. Tidak ada bagian dari kisah kita, termasuk bagian yang nyaris tidak kita ingat atau tidak bisa kita jelaskan sepenuhnya, yang terlalu jauh ke belakang bagi-Nya untuk disentuh.

Hari ini, pertimbangkan saja apakah ada pergumulan yang sedang kau alami sekarang, sebuah ketakutan, kerawanan diri, pola yang terus kau ulangi, yang mungkin berakar lebih jauh ke belakang daripada yang biasanya kau akui. Kau tidak perlu mengingat setiap detail. Kau hanya perlu cukup jujur untuk membawanya ke hadapan Allah dan meminta-Nya mulai bekerja di sana.","Psalm 139:13 | For you created my inmost being; you knit me together in my mother's womb.","Mazmur 139:13 | Sebab Engkaulah yang membentuk buah pinggangku, menenun aku dalam kandungan ibuku.","Is there a present-day fear or pattern that might have roots reaching back further than you usually acknowledge?","Adakah ketakutan atau pola masa kini yang mungkin berakar lebih jauh ke belakang daripada yang biasanya kau akui?","Lord, You knew me even in the womb, and nothing about my early story is hidden from You. I bring You the roots I don't fully understand yet, and I ask You to begin gently tending to them. Amen.","Tuhan, Engkau telah mengenalku bahkan sejak dalam kandungan, dan tidak ada bagian dari kisah awalku yang tersembunyi dari-Mu. Aku membawa kepada-Mu akar-akar yang belum sepenuhnya kupahami, dan aku memohon Engkau mulai merawatnya dengan lembut. Amin."
"Healing","Pemulihan","Healing from Emotional Wounds","Pemulihan dari Luka Batin","Healing the Wounds We've Carried Since Childhood","Memulihkan Luka yang Kita Bawa Sejak Kecil","Three days of releasing old hurt into God's hands","Tiga hari melepaskan luka lama ke dalam tangan Allah","3","A short but tender three-day plan for anyone who senses that some of their present-day struggles trace back to wounds carried since childhood, patterns of fear, shame, or self-doubt formed long before adulthood. This plan gently invites those early hurts into the light of God's healing, without requiring specific memories to be relived, only honestly acknowledged and released.","Sebuah rencana singkat namun lembut selama tiga hari bagi siapa saja yang merasa bahwa sebagian pergumulan masa kini berakar pada luka yang dibawa sejak kecil, pola ketakutan, rasa malu, atau keraguan diri yang terbentuk jauh sebelum dewasa. Rencana ini dengan lembut mengundang luka-luka lama itu ke dalam terang pemulihan Allah, tanpa perlu mengingat kembali kenangan spesifik secara mendalam, cukup diakui dan dilepaskan dengan jujur.","A warm linocut-style print illustration in portrait orientation, bold black outlines filled with flat warm color blocks in the manner of a folk-art woodblock print: a small child's silhouette stands at the base of a tall, gnarled but blossoming tree, one hand reaching up to touch its trunk where new pink and white blossoms burst from what look like old scars in the bark, with a soft sun rising behind the branches. Palette: warm terracotta orange, deep forest green, soft blush pink, and cream. The linocut texture gives a slightly rough, hand-carved warmth to every edge. All lettering is grouped together at the very top of the composition for maximum legibility, stacked on a soft solid-color band or gentle scrim so it stays readable against the artwork behind it: the title ""Healing the Wounds We've Carried Since Childhood"" first, largest, in a bold rounded folk-art lettering style; directly beneath it the smaller subtitle ""Three days of releasing old hurt into God's hands""; and directly beneath the subtitle a compact rounded pill reading ""3 DAYS"" in bold small caps. Nothing else overlaps the illustration below. Mood: warm, rooted, quietly hopeful.","","2","You Don't Have to Relive It to Release It","Kau Tidak Perlu Mengalaminya Kembali untuk Melepaskannya","There is a common misconception that healing old wounds requires reliving every painful detail in vivid, exhausting recall. For some people, working through specific memories with trusted support is part of their journey, but for many others, healing doesn't demand a full excavation of every hard moment. What God asks for is honesty about the impact, not a forensic replay of every event. You can bring the weight of an old wound to Him even without narrating its full story.

Think of it less like reopening a wound to examine every detail, and more like finally setting down a heavy bag you've been carrying so long you forgot it was still on your shoulder. The point isn't to catalogue every item inside it. The point is to notice the weight, hand it over, and let your shoulders finally rest. God receives this kind of surrender without requiring an itemized report of every hurt that put it there.

This is especially freeing for wounds from childhood, where memories can be fuzzy, fragmented, or simply too far back to fully access. You don't need a complete narrative to be healed. You only need enough honesty to say, this shaped me, it still affects me, and I want to hand it to You instead of carrying it alone. That simple, repeated act of surrender is itself a powerful form of prayer.

Today, instead of trying to remember everything clearly, try simply naming the weight in general terms, an old fear, an old shame, an old belief that you weren't safe or wanted, and offering it to God exactly as it is, unfinished details and all.","Ada kesalahpahaman umum bahwa memulihkan luka lama menuntut kita mengalami kembali setiap detail yang menyakitkan secara jelas dan melelahkan. Bagi sebagian orang, mengolah kenangan tertentu bersama dukungan yang terpercaya memang menjadi bagian dari perjalanan mereka, tetapi bagi banyak orang lain, pemulihan tidak menuntut penggalian penuh atas setiap momen sulit. Yang Allah minta adalah kejujuran tentang dampaknya, bukan pemutaran ulang forensik atas setiap peristiwa. Kau bisa membawa beban luka lama kepada-Nya bahkan tanpa menceritakan seluruh kisahnya.

Bayangkan ini bukan seperti membuka kembali luka untuk memeriksa setiap detail, melainkan lebih seperti akhirnya meletakkan tas berat yang telah lama kau bawa hingga kau lupa itu masih ada di pundakmu. Intinya bukan mendaftar setiap barang di dalamnya. Intinya adalah menyadari bebannya, menyerahkannya, dan membiarkan pundakmu akhirnya beristirahat. Allah menerima penyerahan semacam ini tanpa menuntut laporan terperinci atas setiap luka yang menyebabkannya ada di sana.

Ini terasa sangat melegakan untuk luka-luka masa kecil, di mana kenangan bisa kabur, terpecah-pecah, atau sekadar terlalu jauh untuk bisa diakses sepenuhnya. Kau tidak perlu narasi yang lengkap untuk dipulihkan. Kau hanya perlu cukup jujur untuk berkata, ini membentukku, ini masih memengaruhiku, dan aku ingin menyerahkannya kepada-Mu, bukan terus menanggungnya sendirian. Tindakan penyerahan yang sederhana dan berulang ini sendiri adalah bentuk doa yang berkuasa.

Hari ini, alih-alih mencoba mengingat segalanya dengan jelas, coba saja sebut bebannya secara umum, sebuah ketakutan lama, rasa malu lama, keyakinan lama bahwa kau tidak aman atau tidak diinginkan, dan persembahkanlah itu kepada Allah persis apa adanya, lengkap dengan detail yang belum tuntas.","Matthew 11:28 | Come to me, all you who are weary and burdened, and I will give you rest.","Matius 11:28 | Marilah kepada-Ku, semua yang letih lesu dan berbeban berat, Aku akan memberi kelegaan kepadamu.","What is one heavy thing from long ago you could name in general terms and hand to God today, without needing to relive every detail?","Apa satu hal berat dari masa lalu yang bisa kau sebutkan secara umum dan serahkan kepada Allah hari ini, tanpa perlu mengalaminya kembali secara terperinci?","Jesus, I come to You weary from carrying old weight I've held for far too long. I don't need to explain every detail; You already know. Please give me rest, and help me set this burden down. Amen.","Tuhan Yesus, aku datang kepada-Mu, letih karena membawa beban lama yang telah kupikul terlalu lama. Aku tidak perlu menjelaskan setiap detail; Engkau sudah mengetahuinya. Berikanlah aku kelegaan, dan tolonglah aku meletakkan beban ini. Amin."
"Healing","Pemulihan","Healing from Emotional Wounds","Pemulihan dari Luka Batin","Healing the Wounds We've Carried Since Childhood","Memulihkan Luka yang Kita Bawa Sejak Kecil","Three days of releasing old hurt into God's hands","Tiga hari melepaskan luka lama ke dalam tangan Allah","3","A short but tender three-day plan for anyone who senses that some of their present-day struggles trace back to wounds carried since childhood, patterns of fear, shame, or self-doubt formed long before adulthood. This plan gently invites those early hurts into the light of God's healing, without requiring specific memories to be relived, only honestly acknowledged and released.","Sebuah rencana singkat namun lembut selama tiga hari bagi siapa saja yang merasa bahwa sebagian pergumulan masa kini berakar pada luka yang dibawa sejak kecil, pola ketakutan, rasa malu, atau keraguan diri yang terbentuk jauh sebelum dewasa. Rencana ini dengan lembut mengundang luka-luka lama itu ke dalam terang pemulihan Allah, tanpa perlu mengingat kembali kenangan spesifik secara mendalam, cukup diakui dan dilepaskan dengan jujur.","A warm linocut-style print illustration in portrait orientation, bold black outlines filled with flat warm color blocks in the manner of a folk-art woodblock print: a small child's silhouette stands at the base of a tall, gnarled but blossoming tree, one hand reaching up to touch its trunk where new pink and white blossoms burst from what look like old scars in the bark, with a soft sun rising behind the branches. Palette: warm terracotta orange, deep forest green, soft blush pink, and cream. The linocut texture gives a slightly rough, hand-carved warmth to every edge. All lettering is grouped together at the very top of the composition for maximum legibility, stacked on a soft solid-color band or gentle scrim so it stays readable against the artwork behind it: the title ""Healing the Wounds We've Carried Since Childhood"" first, largest, in a bold rounded folk-art lettering style; directly beneath it the smaller subtitle ""Three days of releasing old hurt into God's hands""; and directly beneath the subtitle a compact rounded pill reading ""3 DAYS"" in bold small caps. Nothing else overlaps the illustration below. Mood: warm, rooted, quietly hopeful.","","3","Becoming New Without Erasing the Past","Menjadi Baru Tanpa Menghapus Masa Lalu","Healing an old wound doesn't mean pretending it never happened or erasing its place in your story. Instead, it means allowing God to change what that wound is allowed to say about your future. The hurt remains part of your history, but it no longer has to be the voice that decides who you are or what you're capable of receiving and giving in love. This is the quiet, ongoing miracle of being made new: not a fresh start with no past, but a redeemed one.

Scripture describes this process as becoming a new creation in Christ, where old things pass away and new things come. This isn't a magical erasure of memory, but a genuine transformation of identity and direction. The child who once believed they weren't enough can grow into an adult who knows, slowly and with God's help, that they were always enough in His eyes. The old wound becomes a place scarred over, tender perhaps, but no longer bleeding, no longer running the show.

This transformation is rarely instant, and that's alright. Healing old wounds is more often a patient, ongoing relationship with God than a single decisive moment, though moments of breakthrough certainly happen along the way. What matters most is the direction: are you continuing to bring your old hurts honestly to God, again and again, and letting Him slowly reshape what they mean for your life going forward?

As this short plan closes, take heart that healing childhood wounds is holy, patient work, and you don't have to complete it alone or all at once. You are being made new, one honest surrender at a time, by a God who has been faithfully present in your story since before you can remember, and who will remain faithfully present in every chapter still to come.","Memulihkan luka lama bukan berarti berpura-pura bahwa itu tidak pernah terjadi atau menghapus tempatnya dalam kisahmu. Sebaliknya, itu berarti mengizinkan Allah mengubah apa yang boleh dikatakan luka itu tentang masa depanmu. Luka itu tetap menjadi bagian dari sejarahmu, tetapi tidak lagi harus menjadi suara yang menentukan siapa dirimu atau apa yang mampu kau terima dan berikan dalam kasih. Inilah mukjizat yang tenang dan berkelanjutan dari dijadikan baru: bukan awal yang segar tanpa masa lalu, melainkan masa lalu yang ditebus.

Alkitab menggambarkan proses ini sebagai menjadi ciptaan baru dalam Kristus, di mana yang lama sudah berlalu, dan yang baru sudah datang. Ini bukan penghapusan ingatan yang ajaib, melainkan transformasi identitas dan arah yang sungguh nyata. Anak yang dulu percaya bahwa dirinya tidak cukup baik bisa bertumbuh menjadi orang dewasa yang mengetahui, perlahan dan dengan pertolongan Allah, bahwa dirinya selalu cukup di mata-Nya. Luka lama itu menjadi bekas luka, mungkin masih terasa peka, tetapi tidak lagi berdarah, tidak lagi mengendalikan segalanya.

Transformasi ini jarang terjadi seketika, dan itu tidak apa-apa. Memulihkan luka masa kecil lebih sering merupakan hubungan yang sabar dan berkelanjutan dengan Allah, ketimbang satu momen keputusan tunggal, meskipun momen terobosan tentu terjadi di sepanjang jalan. Yang paling penting adalah arahnya: apakah kau terus membawa luka lamamu dengan jujur kepada Allah, berulang kali, dan membiarkan-Nya perlahan membentuk ulang apa arti luka itu bagi hidupmu ke depan?

Saat rencana singkat ini berakhir, teguhkanlah hatimu bahwa memulihkan luka masa kecil adalah pekerjaan yang kudus dan sabar, dan kau tidak perlu menyelesaikannya sendirian atau sekaligus. Kau sedang dijadikan baru, satu penyerahan jujur demi satu penyerahan jujur, oleh Allah yang telah setia hadir dalam kisahmu sejak sebelum kau bisa mengingat, dan yang akan tetap setia hadir dalam setiap bab yang masih akan datang.","2 Corinthians 5:17 | Therefore, if anyone is in Christ, the new creation has come: The old has gone, the new is here!","2 Korintus 5:17 | Jadi siapa yang ada di dalam Kristus, ia adalah ciptaan baru: yang lama sudah berlalu, sesungguhnya yang baru sudah datang.","What is one way your old wound no longer has to have the final word over who you are becoming?","Dengan cara apa lukamu yang lama tidak lagi harus memiliki kata terakhir atas siapa dirimu yang sedang dibentuk?","Lord, thank You for making me new without erasing my story. Continue Your patient work in the wounds I carried from childhood, and let them become, in Your hands, a place of healing rather than pain. Amen.","Tuhan, terima kasih karena telah menjadikanku baru tanpa menghapus kisahku. Lanjutkanlah pekerjaan-Mu yang sabar dalam luka-luka yang kubawa sejak kecil, dan biarlah luka itu, di tangan-Mu, menjadi tempat pemulihan, bukan lagi tempat rasa sakit. Amin."
"Healing","Pemulihan","Healing in Illness","Kesembuhan dalam Sakit Penyakit","When My Body Grows Weak","Ketika Tubuhku Melemah","Facing illness with a steady, honest faith","Menghadapi sakit dengan iman yang teguh dan jujur","7","A seven-day devotional for anyone walking through a season of physical illness — from the first frightening days of diagnosis and uncertainty through the slow work of hoping honestly in God. Each day pairs Scripture with warm, testimony-style reflection that neither rushes past pain nor loses sight of God's nearness, helping the reader bring their fear, fatigue, and questions directly to Him.","Renungan tujuh hari bagi siapa saja yang sedang melewati masa sakit secara fisik — mulai dari hari-hari awal yang menakutkan penuh ketidakpastian, hingga proses perlahan untuk tetap berharap dengan jujur kepada Tuhan. Setiap hari memadukan Firman Tuhan dengan renungan hangat bergaya kesaksian, yang tidak buru-buru melewati rasa sakit namun juga tidak kehilangan pandangan akan kedekatan Tuhan, membantu pembaca membawa rasa takut, kelelahan, dan pertanyaan mereka langsung kepada-Nya.","A gentle watercolor illustration in portrait orientation, aspect ratio 3:4. The composition shows a single figure resting propped up in a simple bed near a sunlit window, soft morning light falling across the blanket in warm gold, while translucent watercolor washes of dove-gray, dusty rose, and pale amber bloom outward from the figure like a quiet aura of peace. A faint, softly rendered pair of open hands or wings of light hover just above the figure, barely visible, suggesting unseen presence rather than a literal angel. The brushwork is loose and translucent with visible paper texture, edges bleeding softly into the cream-white background, evoking calm, tenderness, and quiet trust rather than sorrow. All lettering is grouped together at the very top of the composition for maximum legibility, stacked on a soft solid-color band or gentle scrim so it stays readable against the artwork behind it: the title ""When My Body Grows Weak"" first, largest, in a soft hand-lettered serif script with gentle ink texture; directly beneath it the smaller subtitle ""Facing illness with a steady, honest faith""; and directly beneath the subtitle a compact rounded pill reading ""7 DAYS"" in bold small caps. Nothing else overlaps the illustration below. Mood: Steady courage · anyone facing illness in their own body.","","1","Naming the Fear","Menyebut Ketakutan Itu","There is a particular kind of quiet that falls over a room when illness first enters it — the quiet after a diagnosis is spoken, after a test result is read, after the body signals that something is wrong. In that quiet, many of us discover a fear we didn't know we were carrying: fear of pain, fear of the unknown, fear of losing control over a life we thought we understood. It is tempting, in that moment, to put on a brave face immediately, to skip past the fear and reach straight for faith as though the two cannot coexist.

But Scripture never asks us to pretend. Throughout the Psalms, God's people cry out honestly — 'Why, O Lord, do you stand far off?' and 'My soul is in deep anguish' — and God does not silence them for it. He receives their honesty as a form of trust, because bringing our fear to Him is itself an act of faith. The prophet Jeremiah, in the middle of his own suffering, does not perform composure; he simply asks God to heal him, plainly and directly, trusting that God can be spoken to like that.

So today, whatever this illness has stirred up in you — dread, anger, numbness, disbelief — you do not need to tidy it before you bring it to God. He is not waiting for a polished prayer. He is waiting for you, as you actually are, sitting in the very real and very human fear that illness brings. Naming the fear out loud, even just to Him in a whisper, is often the first step toward carrying it differently.

Many who have walked this road before you say the same thing: the fear rarely vanishes in one prayer, but it does begin to lose its grip once it's spoken instead of hidden. Let today be the day you stop pretending you're fine if you're not, and instead let the first honest words be the beginning of a conversation with God that will carry you through however many days lie ahead.","Ada semacam keheningan khusus yang menyelimuti ruangan saat sakit penyakit pertama kali datang — keheningan setelah diagnosis diucapkan, setelah hasil pemeriksaan dibacakan, setelah tubuh memberi tanda bahwa ada yang tidak beres. Dalam keheningan itu, banyak dari kita menemukan ketakutan yang selama ini tidak kita sadari kita pikul: takut akan rasa sakit, takut akan hal yang tidak diketahui, takut kehilangan kendali atas hidup yang selama ini kita rasa kita pahami. Ada godaan, pada saat itu, untuk segera memasang wajah tegar, melompati rasa takut dan langsung meraih iman seolah keduanya tidak bisa berdampingan.

Namun Alkitab tidak pernah meminta kita berpura-pura. Di sepanjang kitab Mazmur, umat Tuhan berseru dengan jujur — 'Mengapa Engkau berdiri jauh-jauh, ya TUHAN?' dan 'jiwaku sangat terkejut' — dan Tuhan tidak membungkam mereka karena itu. Ia menerima kejujuran mereka sebagai bentuk kepercayaan, sebab membawa ketakutan kita kepada-Nya adalah tindakan iman itu sendiri. Nabi Yeremia, di tengah penderitaannya sendiri, tidak berpura-pura tenang; ia hanya meminta Tuhan menyembuhkannya, secara terus terang dan langsung, percaya bahwa Tuhan bisa diajak bicara seperti itu.

Jadi hari ini, apa pun yang dibangkitkan oleh sakit penyakit ini di dalam dirimu — kengerian, kemarahan, mati rasa, ketidakpercayaan — kamu tidak perlu merapikannya dahulu sebelum membawanya kepada Tuhan. Ia tidak sedang menunggu doa yang sempurna. Ia sedang menunggumu, apa adanya, duduk dalam ketakutan yang sangat nyata dan sangat manusiawi yang dibawa oleh sakit penyakit.

Banyak orang yang sudah lebih dulu melewati jalan ini mengatakan hal yang sama: ketakutan itu jarang lenyap dalam satu doa, tetapi cengkeramannya mulai melemah begitu diucapkan, bukan disembunyikan. Biarlah hari ini menjadi hari kamu berhenti berpura-pura baik-baik saja jika sebenarnya tidak, dan sebaliknya membiarkan kata-kata jujur yang pertama menjadi awal percakapan dengan Tuhan yang akan menopangmu selama hari-hari yang ada di depan.","Jeremiah 17:14 | Heal me, Lord, and I will be healed; save me and I will be saved, for you are the one I praise.","Yeremia 17:14 | Sembuhkanlah aku, ya TUHAN, maka aku akan sembuh, tolonglah aku, maka aku akan tertolong, sebab Engkaulah yang kupuji-puji!","What is the fear you have been holding back from saying out loud, even to God?","Apa ketakutan yang selama ini kamu tahan untuk diucapkan, bahkan kepada Tuhan sekalipun?","Lord, I bring You the fear I have been carrying quietly. I don't have to pretend with You. Meet me here, exactly as I am, and begin to heal not only my body but my heart. Amen.","Tuhan, aku membawa kepada-Mu ketakutan yang selama ini kupikul diam-diam. Aku tidak perlu berpura-pura di hadapan-Mu. Temuilah aku di sini, apa adanya, dan mulailah menyembuhkan bukan hanya tubuhku tetapi juga hatiku. Amin."
"Healing","Pemulihan","Healing in Illness","Kesembuhan dalam Sakit Penyakit","When My Body Grows Weak","Ketika Tubuhku Melemah","Facing illness with a steady, honest faith","Menghadapi sakit dengan iman yang teguh dan jujur","7","A seven-day devotional for anyone walking through a season of physical illness — from the first frightening days of diagnosis and uncertainty through the slow work of hoping honestly in God. Each day pairs Scripture with warm, testimony-style reflection that neither rushes past pain nor loses sight of God's nearness, helping the reader bring their fear, fatigue, and questions directly to Him.","Renungan tujuh hari bagi siapa saja yang sedang melewati masa sakit secara fisik — mulai dari hari-hari awal yang menakutkan penuh ketidakpastian, hingga proses perlahan untuk tetap berharap dengan jujur kepada Tuhan. Setiap hari memadukan Firman Tuhan dengan renungan hangat bergaya kesaksian, yang tidak buru-buru melewati rasa sakit namun juga tidak kehilangan pandangan akan kedekatan Tuhan, membantu pembaca membawa rasa takut, kelelahan, dan pertanyaan mereka langsung kepada-Nya.","A gentle watercolor illustration in portrait orientation, aspect ratio 3:4. The composition shows a single figure resting propped up in a simple bed near a sunlit window, soft morning light falling across the blanket in warm gold, while translucent watercolor washes of dove-gray, dusty rose, and pale amber bloom outward from the figure like a quiet aura of peace. A faint, softly rendered pair of open hands or wings of light hover just above the figure, barely visible, suggesting unseen presence rather than a literal angel. The brushwork is loose and translucent with visible paper texture, edges bleeding softly into the cream-white background, evoking calm, tenderness, and quiet trust rather than sorrow. All lettering is grouped together at the very top of the composition for maximum legibility, stacked on a soft solid-color band or gentle scrim so it stays readable against the artwork behind it: the title ""When My Body Grows Weak"" first, largest, in a soft hand-lettered serif script with gentle ink texture; directly beneath it the smaller subtitle ""Facing illness with a steady, honest faith""; and directly beneath the subtitle a compact rounded pill reading ""7 DAYS"" in bold small caps. Nothing else overlaps the illustration below. Mood: Steady courage · anyone facing illness in their own body.","","2","He Remembers What Illness Steals","Ia Mengingat Apa yang Dirampas Sakit Penyakit","Illness has a way of stealing things quietly, beyond just physical strength. It can take away your sense of certainty about the future, your independence, your rhythm of daily life, even your sense of who you are when you're not able to do the things that once defined your days. It is easy, in the middle of that loss, to feel forgotten — as though God has moved on to other concerns while you are stuck in waiting rooms and treatment schedules.

The psalmist writes of a God who 'forgives all your sins and heals all your diseases,' who 'redeems your life from the pit' and 'crowns you with love and compassion.' This is not a promise that illness will never touch us; it is a description of who God is in the middle of it — a God who does not forget the sick, who keeps every one of His promises even when our bodies cannot keep functioning the way they used to. He is not distracted. He has not moved His attention elsewhere.

Think for a moment about what illness has taken from you these past days or weeks — energy, plans, a sense of normalcy, maybe even confidence in your own body. Now consider that none of it has gone unnoticed by God. Every sleepless night, every hard appointment, every quiet fear you've carried alone in a waiting room — He has seen every bit of it, and He has not stopped being for you in the middle of it.

This is the kind of remembering that steadies us: not a promise of an easy road, but the assurance that we are not walking it unseen. Today, let this truth settle into the places illness has left hollow — you are known, you are held, and nothing about what you are going through is invisible to the One who benefits your soul.","Sakit penyakit punya cara diam-diam merampas banyak hal, bukan hanya kekuatan fisik. Ia bisa merampas rasa pasti tentang masa depan, kemandirianmu, ritme hidup sehari-hari, bahkan pemahamanmu tentang siapa dirimu ketika kamu tidak lagi bisa melakukan hal-hal yang dahulu mendefinisikan harimu. Di tengah kehilangan itu, mudah sekali merasa terlupakan — seolah Tuhan sudah beralih pada perhatian lain sementara kamu terjebak di ruang tunggu dan jadwal pengobatan.

Pemazmur menulis tentang Tuhan yang 'mengampuni segala kesalahanmu, yang menyembuhkan segala penyakitmu,' yang 'menebus hidupmu dari lubang kubur' dan 'memahkotai engkau dengan kasih setia dan rahmat.' Ini bukan janji bahwa sakit penyakit tidak akan pernah menyentuh kita; ini adalah gambaran tentang siapa Tuhan di tengah semuanya itu — Tuhan yang tidak melupakan orang sakit, yang tetap menepati setiap janji-Nya sekalipun tubuh kita tidak lagi berfungsi seperti dahulu. Ia tidak teralihkan. Perhatian-Nya tidak berpindah ke tempat lain.

Renungkanlah sejenak apa yang telah dirampas sakit penyakit darimu dalam hari-hari atau minggu-minggu terakhir ini — tenaga, rencana, rasa normal, bahkan mungkin kepercayaan pada tubuhmu sendiri. Sekarang pikirkanlah bahwa tak satu pun dari itu luput dari perhatian Tuhan. Setiap malam tanpa tidur, setiap janji temu yang berat, setiap ketakutan diam yang kamu pikul sendirian di ruang tunggu — Ia telah melihat semuanya, dan Ia tidak pernah berhenti berpihak padamu di tengah semua itu.

Inilah jenis pengingat yang menguatkan kita: bukan janji jalan yang mudah, melainkan kepastian bahwa kita tidak melewatinya tanpa dilihat. Hari ini, biarlah kebenaran ini meresap ke tempat-tempat yang telah dikosongkan oleh sakit penyakit — kamu dikenal, kamu dipegang, dan tidak ada satu pun dari yang kamu alami yang tidak terlihat oleh Dia yang memberkati jiwamu.","Psalm 103:2-3 | Praise the Lord, my soul, and forget not all his benefits — who forgives all your sins and heals all your diseases.","Mazmur 103:2-3 | Pujilah TUHAN, hai jiwaku, dan janganlah lupakan segala kebaikan-Nya! Dialah yang mengampuni segala kesalahanmu, yang menyembuhkan segala penyakitmu.","What has this season of illness quietly taken from you, and can you name it before God today?","Apa yang telah diam-diam dirampas oleh masa sakit ini darimu, dan dapatkah kamu menyebutkannya di hadapan Tuhan hari ini?","Father, thank You that You have not forgotten me. Every loss this illness has brought, You have seen. Remind me today that I am still known and still loved by You. Amen.","Bapa, terima kasih karena Engkau tidak melupakan aku. Setiap kehilangan yang dibawa oleh sakit ini, Engkau telah melihatnya. Ingatkanlah aku hari ini bahwa aku masih dikenal dan masih dikasihi oleh-Mu. Amin."
"Healing","Pemulihan","Healing in Illness","Kesembuhan dalam Sakit Penyakit","When My Body Grows Weak","Ketika Tubuhku Melemah","Facing illness with a steady, honest faith","Menghadapi sakit dengan iman yang teguh dan jujur","7","A seven-day devotional for anyone walking through a season of physical illness — from the first frightening days of diagnosis and uncertainty through the slow work of hoping honestly in God. Each day pairs Scripture with warm, testimony-style reflection that neither rushes past pain nor loses sight of God's nearness, helping the reader bring their fear, fatigue, and questions directly to Him.","Renungan tujuh hari bagi siapa saja yang sedang melewati masa sakit secara fisik — mulai dari hari-hari awal yang menakutkan penuh ketidakpastian, hingga proses perlahan untuk tetap berharap dengan jujur kepada Tuhan. Setiap hari memadukan Firman Tuhan dengan renungan hangat bergaya kesaksian, yang tidak buru-buru melewati rasa sakit namun juga tidak kehilangan pandangan akan kedekatan Tuhan, membantu pembaca membawa rasa takut, kelelahan, dan pertanyaan mereka langsung kepada-Nya.","A gentle watercolor illustration in portrait orientation, aspect ratio 3:4. The composition shows a single figure resting propped up in a simple bed near a sunlit window, soft morning light falling across the blanket in warm gold, while translucent watercolor washes of dove-gray, dusty rose, and pale amber bloom outward from the figure like a quiet aura of peace. A faint, softly rendered pair of open hands or wings of light hover just above the figure, barely visible, suggesting unseen presence rather than a literal angel. The brushwork is loose and translucent with visible paper texture, edges bleeding softly into the cream-white background, evoking calm, tenderness, and quiet trust rather than sorrow. All lettering is grouped together at the very top of the composition for maximum legibility, stacked on a soft solid-color band or gentle scrim so it stays readable against the artwork behind it: the title ""When My Body Grows Weak"" first, largest, in a soft hand-lettered serif script with gentle ink texture; directly beneath it the smaller subtitle ""Facing illness with a steady, honest faith""; and directly beneath the subtitle a compact rounded pill reading ""7 DAYS"" in bold small caps. Nothing else overlaps the illustration below. Mood: Steady courage · anyone facing illness in their own body.","","3","Asking the Church to Carry You","Meminta Gereja Menopangmu","One of the quiet temptations of illness is to isolate — to withdraw, handle it privately, and spare others the burden of our weakness. There can be a strange pride hidden inside that instinct, as though needing help were a failure rather than simply part of being human. But Scripture offers a very different picture: the early church treated the sick not as people to be managed from a distance, but as people to be gathered around, prayed over, and physically cared for.

James instructs believers plainly: if you are sick, call for the elders of the church, let them pray over you, anoint you with oil, and trust that 'the prayer offered in faith will make the sick person well.' This is not a private transaction between an individual and God alone in a room — it is meant to be communal. Illness was never intended to be carried in isolation, and the church, however imperfect, is meant to be exactly the kind of place where the sick can be brought into the middle of the community rather than pushed to its edges.

If you have been quietly suffering without telling anyone, without asking for prayer, without letting someone else stand beside you in this — today is an invitation to change that. It is not weakness to ask for prayer; it is obedience to a very old and very good pattern God set up for exactly this moment. Someone praying over you, sitting with you, bringing a meal, simply showing up — these are not small things. They are how God often chooses to carry His people through illness.

Consider one person you could reach out to today, even briefly, and let them know how you're really doing. Let this be the day you stop carrying this alone, and instead let the body of Christ do what it was designed to do — hold you up when your own strength runs out.","Salah satu godaan diam-diam dari sakit penyakit adalah kecenderungan untuk mengisolasi diri — menarik diri, menanganinya sendiri, dan tidak ingin membebani orang lain dengan kelemahan kita. Ada semacam kesombongan tersembunyi di balik naluri itu, seolah membutuhkan pertolongan adalah kegagalan, padahal itu hanyalah bagian dari menjadi manusia. Namun Alkitab menawarkan gambaran yang sangat berbeda: gereja mula-mula memperlakukan orang sakit bukan sebagai orang yang harus diurus dari jauh, melainkan sebagai orang yang harus dikelilingi, didoakan, dan dirawat secara nyata.

Yakobus menginstruksikan dengan jelas kepada orang percaya: jika kamu sakit, panggillah penatua jemaat, biarkan mereka mendoakanmu, mengolesimu dengan minyak, dan percayalah bahwa 'doa yang lahir dari iman akan menyelamatkan orang yang sakit itu.' Ini bukan transaksi pribadi antara seseorang dan Tuhan sendirian di dalam kamar — ini dimaksudkan untuk bersifat komunal. Sakit penyakit tidak pernah dimaksudkan untuk dipikul dalam kesendirian, dan gereja, meski tidak sempurna, dimaksudkan menjadi tempat di mana orang sakit dibawa ke tengah-tengah komunitas, bukan didorong ke pinggirnya.

Jika selama ini kamu diam-diam menderita tanpa memberi tahu siapa pun, tanpa meminta didoakan, tanpa membiarkan orang lain berdiri di sampingmu dalam hal ini — hari ini adalah undangan untuk mengubahnya. Meminta didoakan bukanlah tanda kelemahan; itu adalah ketaatan pada pola yang sudah sangat lama dan sangat baik, yang Tuhan tetapkan justru untuk saat-saat seperti ini. Seseorang yang mendoakanmu, duduk bersamamu, membawakan makanan, sekadar hadir — semua itu bukan hal kecil. Itulah cara Tuhan sering kali memilih untuk menopang umat-Nya melewati sakit penyakit.

Pikirkan satu orang yang bisa kamu hubungi hari ini, sekalipun sebentar, dan beri tahu mereka bagaimana keadaanmu sesungguhnya. Biarlah ini menjadi hari kamu berhenti memikul semuanya sendirian, dan sebaliknya biarkan tubuh Kristus melakukan apa yang memang dirancang untuk dilakukannya — menopangmu ketika kekuatanmu sendiri habis.","James 5:14-15 | Is anyone among you sick? Let them call the elders of the church to pray over them and anoint them with oil in the name of the Lord. And the prayer offered in faith will make the sick person well.","Yakobus 5:14-15 | Kalau ada seorang di antara kamu yang sakit, baiklah ia memanggil para penatua jemaat, supaya mereka mendoakan dia serta mengolesnya dengan minyak dalam nama Tuhan. Dan doa yang lahir dari iman akan menyelamatkan orang yang sakit itu.","Who could you ask, today, to pray over you or simply sit with you in this?","Siapa yang bisa kamu minta, hari ini, untuk mendoakanmu atau sekadar duduk bersamamu dalam hal ini?","Lord, teach me not to carry this alone. Give me the courage to ask for prayer and for company, and thank You for the people You have placed around me to help carry this weight. Amen.","Tuhan, ajarilah aku untuk tidak memikul ini sendirian. Berikanlah aku keberanian untuk meminta didoakan dan ditemani, dan terima kasih atas orang-orang yang telah Kautempatkan di sekelilingku untuk membantu memikul beban ini. Amin."
"Healing","Pemulihan","Healing in Illness","Kesembuhan dalam Sakit Penyakit","When My Body Grows Weak","Ketika Tubuhku Melemah","Facing illness with a steady, honest faith","Menghadapi sakit dengan iman yang teguh dan jujur","7","A seven-day devotional for anyone walking through a season of physical illness — from the first frightening days of diagnosis and uncertainty through the slow work of hoping honestly in God. Each day pairs Scripture with warm, testimony-style reflection that neither rushes past pain nor loses sight of God's nearness, helping the reader bring their fear, fatigue, and questions directly to Him.","Renungan tujuh hari bagi siapa saja yang sedang melewati masa sakit secara fisik — mulai dari hari-hari awal yang menakutkan penuh ketidakpastian, hingga proses perlahan untuk tetap berharap dengan jujur kepada Tuhan. Setiap hari memadukan Firman Tuhan dengan renungan hangat bergaya kesaksian, yang tidak buru-buru melewati rasa sakit namun juga tidak kehilangan pandangan akan kedekatan Tuhan, membantu pembaca membawa rasa takut, kelelahan, dan pertanyaan mereka langsung kepada-Nya.","A gentle watercolor illustration in portrait orientation, aspect ratio 3:4. The composition shows a single figure resting propped up in a simple bed near a sunlit window, soft morning light falling across the blanket in warm gold, while translucent watercolor washes of dove-gray, dusty rose, and pale amber bloom outward from the figure like a quiet aura of peace. A faint, softly rendered pair of open hands or wings of light hover just above the figure, barely visible, suggesting unseen presence rather than a literal angel. The brushwork is loose and translucent with visible paper texture, edges bleeding softly into the cream-white background, evoking calm, tenderness, and quiet trust rather than sorrow. All lettering is grouped together at the very top of the composition for maximum legibility, stacked on a soft solid-color band or gentle scrim so it stays readable against the artwork behind it: the title ""When My Body Grows Weak"" first, largest, in a soft hand-lettered serif script with gentle ink texture; directly beneath it the smaller subtitle ""Facing illness with a steady, honest faith""; and directly beneath the subtitle a compact rounded pill reading ""7 DAYS"" in bold small caps. Nothing else overlaps the illustration below. Mood: Steady courage · anyone facing illness in their own body.","","4","A Hand Held Out in the Dark","Tangan yang Terulur dalam Kegelapan","There is a specific kind of dread that visits in the early hours before a procedure, or in the long stretch of a sleepless night when pain will not let go — a dread that has less to do with facts and more to do with the sheer weight of uncertainty. In those hours, logic and reassurance from others rarely reach very deep. What we need in that moment is not information; it's presence.

God speaks directly into that kind of dread through the prophet Isaiah: 'Do not fear, for I am with you; do not be dismayed, for I am your God. I will strengthen you and help you; I will uphold you with my righteous right hand.' Notice the specificity — not a vague promise that things will work out eventually, but a personal declaration of nearness. I am with you. I will strengthen you. I will hold you up. This is a God who does not observe suffering from a safe distance but enters into it, hand extended.

Many who have endured long illness describe a strange, hard-won discovery: that God's presence in the dark hours was somehow more tangible than in the easy, healthy seasons before. Fear has a way of stripping away everything except the essentials, and in that stripped-down place, some find they can feel God's hand more clearly than ever, precisely because there is nothing left to distract from it.

If tonight or tomorrow brings another one of those dark, uncertain hours, let this verse be something you hold onto physically — write it on a card, whisper it to yourself, let it become the sentence your mind returns to when fear rises. You are not walking into the dark alone. His hand is already extended toward you.","Ada jenis kengerian tertentu yang datang di jam-jam dini sebelum sebuah tindakan medis, atau di sepanjang malam tanpa tidur ketika rasa sakit tak kunjung mereda — kengerian yang tidak begitu berkaitan dengan fakta, melainkan lebih pada beratnya ketidakpastian itu sendiri. Pada jam-jam seperti itu, logika dan penghiburan dari orang lain jarang benar-benar menyentuh dalam. Yang kita butuhkan pada saat itu bukanlah informasi; melainkan kehadiran.

Tuhan berbicara langsung ke dalam kengerian semacam itu melalui nabi Yesaya: 'Janganlah takut, sebab Aku menyertai engkau, janganlah bimbang, sebab Aku ini Allahmu; Aku akan meneguhkan, bahkan akan menolong engkau; Aku akan memegang engkau dengan tangan kanan-Ku yang membawa kemenangan.' Perhatikan kekhususannya — bukan janji samar bahwa semua akan baik-baik saja pada akhirnya, melainkan pernyataan pribadi tentang kedekatan. Aku menyertai engkau. Aku akan menolong engkau. Aku akan memegangmu. Inilah Tuhan yang tidak mengamati penderitaan dari jarak aman, melainkan masuk ke dalamnya, dengan tangan terulur.

Banyak orang yang telah bertahan melewati sakit yang panjang menceritakan penemuan yang aneh namun berharga: bahwa kehadiran Tuhan di jam-jam gelap entah bagaimana terasa lebih nyata dibanding pada musim-musim sehat dan mudah sebelumnya. Ketakutan punya cara melucuti segala sesuatu kecuali yang esensial, dan di tempat yang telah dilucuti itu, sebagian orang menemukan mereka bisa merasakan tangan Tuhan lebih jelas daripada sebelumnya, justru karena tidak ada lagi yang mengalihkan perhatian dari-Nya.

Jika malam ini atau besok membawa lagi salah satu jam gelap dan tidak pasti itu, jadikanlah ayat ini sesuatu yang kamu pegang secara nyata — tuliskan di kartu, bisikkan pada dirimu sendiri, biarkan ia menjadi kalimat yang selalu diingat pikiranmu ketika ketakutan muncul. Kamu tidak melangkah ke dalam gelap sendirian. Tangan-Nya sudah terulur ke arahmu.","Isaiah 41:10 | So do not fear, for I am with you; do not be dismayed, for I am your God. I will strengthen you and help you; I will uphold you with my righteous right hand.","Yesaya 41:10 | Janganlah takut, sebab Aku menyertai engkau, janganlah bimbang, sebab Aku ini Allahmu; Aku akan meneguhkan, bahkan akan menolong engkau; Aku akan memegang engkau dengan tangan kanan-Ku yang membawa kemenangan.","What time of day is hardest for your fear to rise, and how could you plant this verse there ahead of time?","Jam berapa dalam sehari yang paling sulit ketika ketakutanmu muncul, dan bagaimana kamu bisa menanamkan ayat ini di sana lebih dahulu?","God, when the dark hours come, remind me that Your hand is already reaching for mine. I don't need to be brave alone — I only need to reach back. Amen.","Tuhan, ketika jam-jam gelap datang, ingatkanlah aku bahwa tangan-Mu sudah terulur menjangkau tanganku. Aku tidak perlu tegar sendirian — aku hanya perlu menyambut uluran-Mu. Amin."
"Healing","Pemulihan","Healing in Illness","Kesembuhan dalam Sakit Penyakit","When My Body Grows Weak","Ketika Tubuhku Melemah","Facing illness with a steady, honest faith","Menghadapi sakit dengan iman yang teguh dan jujur","7","A seven-day devotional for anyone walking through a season of physical illness — from the first frightening days of diagnosis and uncertainty through the slow work of hoping honestly in God. Each day pairs Scripture with warm, testimony-style reflection that neither rushes past pain nor loses sight of God's nearness, helping the reader bring their fear, fatigue, and questions directly to Him.","Renungan tujuh hari bagi siapa saja yang sedang melewati masa sakit secara fisik — mulai dari hari-hari awal yang menakutkan penuh ketidakpastian, hingga proses perlahan untuk tetap berharap dengan jujur kepada Tuhan. Setiap hari memadukan Firman Tuhan dengan renungan hangat bergaya kesaksian, yang tidak buru-buru melewati rasa sakit namun juga tidak kehilangan pandangan akan kedekatan Tuhan, membantu pembaca membawa rasa takut, kelelahan, dan pertanyaan mereka langsung kepada-Nya.","A gentle watercolor illustration in portrait orientation, aspect ratio 3:4. The composition shows a single figure resting propped up in a simple bed near a sunlit window, soft morning light falling across the blanket in warm gold, while translucent watercolor washes of dove-gray, dusty rose, and pale amber bloom outward from the figure like a quiet aura of peace. A faint, softly rendered pair of open hands or wings of light hover just above the figure, barely visible, suggesting unseen presence rather than a literal angel. The brushwork is loose and translucent with visible paper texture, edges bleeding softly into the cream-white background, evoking calm, tenderness, and quiet trust rather than sorrow. All lettering is grouped together at the very top of the composition for maximum legibility, stacked on a soft solid-color band or gentle scrim so it stays readable against the artwork behind it: the title ""When My Body Grows Weak"" first, largest, in a soft hand-lettered serif script with gentle ink texture; directly beneath it the smaller subtitle ""Facing illness with a steady, honest faith""; and directly beneath the subtitle a compact rounded pill reading ""7 DAYS"" in bold small caps. Nothing else overlaps the illustration below. Mood: Steady courage · anyone facing illness in their own body.","","5","Bringing the Weary Body to Rest","Membawa Tubuh yang Letih untuk Beristirahat","Illness is exhausting in ways that go beyond the physical symptoms themselves. There is the fatigue of managing appointments and medications, the mental weight of decisions about treatment, the emotional toll of watching your own body behave unpredictably. Layered on top of that is often the exhaustion of trying to stay hopeful for the sake of the people around you, even on days when hope feels very far away.

Jesus' invitation in Matthew's Gospel was not spoken to people who had it all together; it was spoken to a crowd worn thin by labor and burdens they could not set down. 'Come to me, all you who are weary and burdened, and I will give you rest.' This is not a call to try harder or push through with gritted teeth. It is an invitation to bring your exhaustion — as it is, unresolved — directly to Him, and to let Him be the one who carries the weight for a while.

Rest, in this sense, is not only physical sleep, though that matters too. It is the deeper rest of no longer having to hold everything together by sheer willpower — the rest of letting God be strong where you are weak, of setting down the pretense that you must manage every fear and outcome on your own. Coming to Jesus weary means admitting you cannot carry this by yourself, and discovering that you were never meant to.

Today, whatever exhaustion illness has piled onto you — physical, emotional, or spiritual — picture yourself literally setting it down at His feet. You do not need to have the energy to fix anything right now. You only need to come, tired as you are, and let Him do what He promised: give you rest.","Sakit penyakit melelahkan dengan cara yang melampaui gejala fisiknya sendiri. Ada kelelahan mengatur jadwal janji temu dan obat-obatan, beban pikiran dari keputusan-keputusan tentang pengobatan, dan beban emosional karena melihat tubuh sendiri bertingkah tak terduga. Di atas semua itu, sering kali ada pula kelelahan karena berusaha tetap penuh harapan demi orang-orang di sekitarmu, bahkan pada hari-hari ketika harapan terasa sangat jauh.

Undangan Yesus dalam Injil Matius tidak diucapkan kepada orang-orang yang serba baik-baik saja; itu diucapkan kepada orang banyak yang letih oleh kerja keras dan beban yang tak sanggup mereka letakkan. 'Marilah kepada-Ku, semua yang letih lesu dan berbeban berat, Aku akan memberi kelegaan kepadamu.' Ini bukan panggilan untuk berusaha lebih keras atau bertahan dengan gigi terkatup. Ini adalah undangan untuk membawa kelelahanmu — apa adanya, belum terselesaikan — langsung kepada-Nya, dan membiarkan Dia yang memikul beban itu untuk sementara.

Kelegaan, dalam pengertian ini, bukan sekadar tidur secara fisik, meskipun itu juga penting. Ini adalah kelegaan yang lebih dalam, yaitu tidak lagi harus menahan semuanya dengan kekuatan kehendak sendiri — kelegaan membiarkan Tuhan kuat di tempat kamu lemah, melepaskan kepura-puraan bahwa kamu harus mengatur sendiri setiap ketakutan dan hasil akhirnya. Datang kepada Yesus dalam keletihan berarti mengakui bahwa kamu tidak sanggup memikul ini sendirian, dan menemukan bahwa memang kamu tidak pernah dimaksudkan untuk melakukannya sendiri.

Hari ini, apa pun kelelahan yang ditimbun oleh sakit penyakit atasmu — fisik, emosional, atau rohani — bayangkan dirimu benar-benar meletakkannya di kaki-Nya. Kamu tidak perlu memiliki tenaga untuk memperbaiki apa pun sekarang. Kamu hanya perlu datang, seletih apa pun dirimu, dan biarkan Dia melakukan apa yang telah Ia janjikan: memberimu kelegaan.","Matthew 11:28 | Come to me, all you who are weary and burdened, and I will give you rest.","Matius 11:28 | Marilah kepada-Ku, semua yang letih lesu dan berbeban berat, Aku akan memberi kelegaan kepadamu.","What kind of weariness — physical, emotional, or spiritual — do you most need to set down today?","Kelelahan seperti apa — fisik, emosional, atau rohani — yang paling perlu kamu letakkan hari ini?","Jesus, I am tired in ways I can barely explain. I come to You just as I am, worn thin, and I ask You for the rest You promised. Carry what I cannot. Amen.","Yesus, aku lelah dengan cara yang sulit kujelaskan. Aku datang kepada-Mu apa adanya, dalam keletihan, dan aku memohon kelegaan yang telah Kaujanjikan. Pikullah apa yang tidak sanggup kupikul. Amin."
"Healing","Pemulihan","Healing in Illness","Kesembuhan dalam Sakit Penyakit","When My Body Grows Weak","Ketika Tubuhku Melemah","Facing illness with a steady, honest faith","Menghadapi sakit dengan iman yang teguh dan jujur","7","A seven-day devotional for anyone walking through a season of physical illness — from the first frightening days of diagnosis and uncertainty through the slow work of hoping honestly in God. Each day pairs Scripture with warm, testimony-style reflection that neither rushes past pain nor loses sight of God's nearness, helping the reader bring their fear, fatigue, and questions directly to Him.","Renungan tujuh hari bagi siapa saja yang sedang melewati masa sakit secara fisik — mulai dari hari-hari awal yang menakutkan penuh ketidakpastian, hingga proses perlahan untuk tetap berharap dengan jujur kepada Tuhan. Setiap hari memadukan Firman Tuhan dengan renungan hangat bergaya kesaksian, yang tidak buru-buru melewati rasa sakit namun juga tidak kehilangan pandangan akan kedekatan Tuhan, membantu pembaca membawa rasa takut, kelelahan, dan pertanyaan mereka langsung kepada-Nya.","A gentle watercolor illustration in portrait orientation, aspect ratio 3:4. The composition shows a single figure resting propped up in a simple bed near a sunlit window, soft morning light falling across the blanket in warm gold, while translucent watercolor washes of dove-gray, dusty rose, and pale amber bloom outward from the figure like a quiet aura of peace. A faint, softly rendered pair of open hands or wings of light hover just above the figure, barely visible, suggesting unseen presence rather than a literal angel. The brushwork is loose and translucent with visible paper texture, edges bleeding softly into the cream-white background, evoking calm, tenderness, and quiet trust rather than sorrow. All lettering is grouped together at the very top of the composition for maximum legibility, stacked on a soft solid-color band or gentle scrim so it stays readable against the artwork behind it: the title ""When My Body Grows Weak"" first, largest, in a soft hand-lettered serif script with gentle ink texture; directly beneath it the smaller subtitle ""Facing illness with a steady, honest faith""; and directly beneath the subtitle a compact rounded pill reading ""7 DAYS"" in bold small caps. Nothing else overlaps the illustration below. Mood: Steady courage · anyone facing illness in their own body.","","6","Strength Made Perfect in Weakness","Kuasa yang Sempurna dalam Kelemahan","There is a version of faith that expects God to remove every hardship immediately, and when He doesn't, it quietly begins to wonder whether He is really listening. The apostle Paul knew this tension intimately. He describes pleading with God three times to take away a physical affliction — something painful and persistent that he calls simply 'a thorn in my flesh.' Three times he asked. Three times the answer was not what he hoped for.

What God said instead reshaped Paul's entire understanding of suffering: 'My grace is sufficient for you, for my power is made perfect in weakness.' Not removal, but sufficiency. Not the absence of the thorn, but the presence of grace strong enough to meet it. Paul's response is remarkable — he says he will boast all the more gladly about his weaknesses, so that Christ's power may rest on him. This is not resignation; it is a discovery that God's strength shows up most visibly exactly where our own strength runs out.

This does not mean illness is good, or that we should stop praying for healing — Paul asked three times, after all. It means that even when the answer to our prayer for removal is 'not yet' or 'not this way,' God's grace is still fully present and fully sufficient in the middle of the thorn. Weakness is not a failure of faith; it is often the very place where God's power becomes most evident, both to us and to those watching us endure.

If you are still waiting for healing that has not come, or living with an illness that persists despite prayer, you are in good company with Paul. Let today be a day you ask not only 'why hasn't this been removed' but also 'where is Your grace meeting me in this weakness right now' — and watch for the answer, because it is often closer than we expect.","Ada satu bentuk iman yang mengharapkan Tuhan segera menyingkirkan setiap kesulitan, dan ketika Ia tidak melakukannya, iman itu diam-diam mulai bertanya-tanya apakah Ia benar-benar mendengarkan. Rasul Paulus sangat memahami ketegangan ini. Ia menceritakan bagaimana ia memohon kepada Tuhan tiga kali agar mengambil dari padanya suatu penderitaan fisik — sesuatu yang menyakitkan dan terus-menerus, yang ia sebut sekadar 'suatu duri di dalam dagingku.' Tiga kali ia memohon. Tiga kali jawabannya bukanlah yang ia harapkan.

Apa yang Tuhan katakan justru mengubah seluruh pemahaman Paulus tentang penderitaan: 'Cukuplah kasih karunia-Ku bagimu, sebab justru dalam kelemahanlah kuasa-Ku menjadi sempurna.' Bukan penyingkiran, melainkan kecukupan. Bukan hilangnya duri itu, melainkan hadirnya kasih karunia yang cukup kuat untuk menghadapinya. Respons Paulus luar biasa — ia berkata bahwa ia akan lebih suka bermegah atas kelemahan-kelemahannya, supaya kuasa Kristus turun menaunginya. Ini bukan sikap pasrah; ini adalah penemuan bahwa kuasa Tuhan paling nyata justru di tempat kekuatan kita sendiri habis.

Ini tidak berarti sakit penyakit itu baik, atau bahwa kita harus berhenti berdoa memohon kesembuhan — bagaimanapun Paulus memohon tiga kali. Ini berarti bahwa bahkan ketika jawaban atas doa kita untuk pemulihan adalah 'belum saatnya' atau 'bukan dengan cara ini,' kasih karunia Tuhan tetap sepenuhnya hadir dan sepenuhnya cukup di tengah duri itu. Kelemahan bukanlah kegagalan iman; itu sering kali justru menjadi tempat di mana kuasa Tuhan paling nyata terlihat, baik bagi kita maupun bagi mereka yang menyaksikan kita bertahan.

Jika kamu masih menantikan kesembuhan yang belum juga datang, atau menjalani sakit penyakit yang terus bertahan meski sudah didoakan, kamu berada dalam kebersamaan yang baik dengan Paulus. Biarlah hari ini menjadi hari kamu bertanya bukan hanya 'mengapa ini belum disingkirkan' tetapi juga 'di mana kasih karunia-Mu menemuiku dalam kelemahan ini sekarang' — dan perhatikanlah jawabannya, karena sering kali itu lebih dekat daripada yang kita duga.","2 Corinthians 12:9 | But he said to me, 'My grace is sufficient for you, for my power is made perfect in weakness.' Therefore I will boast all the more gladly about my weaknesses, so that Christ's power may rest on me.","2 Korintus 12:9 | Tetapi kata-Nya kepadaku: 'Cukuplah kasih karunia-Ku bagimu, sebab justru dalam kelemahanlah kuasa-Ku menjadi sempurna.' Sebab itu terlebih suka aku bermegah atas kelemahanku, supaya kuasa Kristus turun menaungi aku.","Where might God's grace already be meeting you in this weakness, even if the illness itself hasn't lifted?","Di manakah mungkin kasih karunia Tuhan sudah menemuimu dalam kelemahan ini, sekalipun sakit penyakit itu sendiri belum juga hilang?","Lord, I still want to be well, and I will keep asking. But teach me to also see Your grace meeting me right here, today, in this weakness. Let Your power rest on me. Amen.","Tuhan, aku masih ingin sembuh, dan aku akan terus memohon. Namun ajarilah aku juga melihat kasih karunia-Mu menemuiku di sini, hari ini, dalam kelemahan ini. Biarlah kuasa-Mu menaungi aku. Amin."
"Healing","Pemulihan","Healing in Illness","Kesembuhan dalam Sakit Penyakit","When My Body Grows Weak","Ketika Tubuhku Melemah","Facing illness with a steady, honest faith","Menghadapi sakit dengan iman yang teguh dan jujur","7","A seven-day devotional for anyone walking through a season of physical illness — from the first frightening days of diagnosis and uncertainty through the slow work of hoping honestly in God. Each day pairs Scripture with warm, testimony-style reflection that neither rushes past pain nor loses sight of God's nearness, helping the reader bring their fear, fatigue, and questions directly to Him.","Renungan tujuh hari bagi siapa saja yang sedang melewati masa sakit secara fisik — mulai dari hari-hari awal yang menakutkan penuh ketidakpastian, hingga proses perlahan untuk tetap berharap dengan jujur kepada Tuhan. Setiap hari memadukan Firman Tuhan dengan renungan hangat bergaya kesaksian, yang tidak buru-buru melewati rasa sakit namun juga tidak kehilangan pandangan akan kedekatan Tuhan, membantu pembaca membawa rasa takut, kelelahan, dan pertanyaan mereka langsung kepada-Nya.","A gentle watercolor illustration in portrait orientation, aspect ratio 3:4. The composition shows a single figure resting propped up in a simple bed near a sunlit window, soft morning light falling across the blanket in warm gold, while translucent watercolor washes of dove-gray, dusty rose, and pale amber bloom outward from the figure like a quiet aura of peace. A faint, softly rendered pair of open hands or wings of light hover just above the figure, barely visible, suggesting unseen presence rather than a literal angel. The brushwork is loose and translucent with visible paper texture, edges bleeding softly into the cream-white background, evoking calm, tenderness, and quiet trust rather than sorrow. All lettering is grouped together at the very top of the composition for maximum legibility, stacked on a soft solid-color band or gentle scrim so it stays readable against the artwork behind it: the title ""When My Body Grows Weak"" first, largest, in a soft hand-lettered serif script with gentle ink texture; directly beneath it the smaller subtitle ""Facing illness with a steady, honest faith""; and directly beneath the subtitle a compact rounded pill reading ""7 DAYS"" in bold small caps. Nothing else overlaps the illustration below. Mood: Steady courage · anyone facing illness in their own body.","","7","Near to the Brokenhearted","Dekat pada Orang yang Patah Hati","After days of naming fear, asking for help, resting in exhaustion, and wrestling with unanswered prayers for healing, it is worth pausing to simply notice where you now stand. Illness changes a person — not always in the ways we would choose, but often in ways that draw us closer to God than we were before it began. The heart that has been broken open by suffering is, strangely, often the heart most ready to receive comfort.

The psalmist offers a promise that feels tailor-made for this exact place: 'The Lord is close to the brokenhearted and saves those who are crushed in spirit.' Not far off, waiting for us to pull ourselves together first — close. This is one of the quiet gifts hidden inside hard seasons: they can position us, almost against our will, right where God's nearness is promised most specifically. Brokenness is not disqualifying. It is, in God's economy, an invitation to closeness.

Whatever this week of reflection has surfaced in you — new honesty about your fear, a renewed sense that you are not forgotten, the beginning of asking others for help, a fresh understanding of grace in weakness — carry it forward as more than a memory of seven days. Let it become the posture you return to again and again: bringing your real, unedited self to a God who draws near precisely when we are most undone.

Healing may come quickly, slowly, partially, or in ways you did not expect — but the nearness of God to you in this moment is not conditional on any of that. He is close to you now, brokenhearted or not, crushed in spirit or steadying. Whatever tomorrow holds medically, you do not walk into it alone, and you never have.","Setelah beberapa hari menyebut ketakutan, meminta pertolongan, beristirahat dalam keletihan, dan bergumul dengan doa-doa yang belum terjawab untuk kesembuhan, ada baiknya berhenti sejenak dan sekadar memperhatikan di mana kamu sekarang berdiri. Sakit penyakit mengubah seseorang — tidak selalu dengan cara yang kita pilih, tetapi sering kali dengan cara yang membawa kita lebih dekat kepada Tuhan dibanding sebelumnya. Hati yang telah dipecahkan oleh penderitaan, anehnya, sering justru menjadi hati yang paling siap menerima penghiburan.

Pemazmur menawarkan sebuah janji yang terasa dibuat khusus untuk tempat ini: 'TUHAN dekat kepada orang-orang yang patah hati, dan Ia menyelamatkan orang-orang yang remuk jiwanya.' Bukan jauh, menunggu kita mengumpulkan diri terlebih dahulu — melainkan dekat. Inilah salah satu hadiah tersembunyi yang diam-diam ada di dalam musim-musim sukar: musim itu bisa menempatkan kita, hampir di luar kehendak kita sendiri, tepat di tempat yang dijanjikan kedekatan Tuhan dengan cara paling khusus. Kepatahan hati bukanlah penghalang. Itu, dalam ekonomi Tuhan, justru menjadi undangan untuk kedekatan.

Apa pun yang telah dimunculkan oleh minggu perenungan ini di dalam dirimu — kejujuran baru tentang ketakutanmu, kesadaran yang diperbarui bahwa kamu tidak dilupakan, langkah awal meminta pertolongan orang lain, pemahaman baru tentang kasih karunia dalam kelemahan — bawalah itu terus, bukan hanya sebagai kenangan tujuh hari. Biarlah itu menjadi sikap yang kamu kembali padanya berulang kali: membawa dirimu yang nyata, tanpa disunting, kepada Tuhan yang mendekat justru saat kita paling terguncang.

Kesembuhan mungkin datang cepat, perlahan, sebagian, atau dengan cara yang tak kamu duga — tetapi kedekatan Tuhan denganmu pada saat ini tidak bergantung pada semua itu. Ia dekat denganmu sekarang, entah patah hati atau tidak, entah remuk jiwa atau mulai teguh. Apa pun yang dibawa oleh hari esok secara medis, kamu tidak melangkah ke dalamnya sendirian, dan kamu memang tidak pernah sendirian.","Psalm 34:18 | The Lord is close to the brokenhearted and saves those who are crushed in spirit.","Mazmur 34:19 | TUHAN dekat kepada orang-orang yang patah hati, dan Ia menyelamatkan orang-orang yang remuk jiwanya.","Looking back over this week, where have you sensed God's nearness most clearly?","Melihat kembali minggu ini, di manakah kamu paling merasakan kedekatan Tuhan?","Lord, thank You for staying close through every honest fear, every weary night, every unanswered question this week. Whatever comes next, keep me close to You, and You close to me. Amen.","Tuhan, terima kasih karena Engkau tetap dekat melewati setiap ketakutan yang jujur, setiap malam yang letih, setiap pertanyaan yang belum terjawab minggu ini. Apa pun yang terjadi selanjutnya, tetaplah dekatkan aku kepada-Mu, dan Engkau dekat kepadaku. Amin."
"Healing","Pemulihan","Healing in Illness","Kesembuhan dalam Sakit Penyakit","Praying at Their Bedside","Berdoa di Sisi Ranjangnya","Faith and strength for caregivers of the sick","Iman dan kekuatan bagi mereka yang merawat orang sakit","5","A five-day devotional for those caring for a sick spouse, parent, child, or friend — for the ones sitting in waiting rooms, managing medications, and praying quietly at bedsides while trying to stay strong for someone they love. Each day offers Scripture and reflection to nourish the caregiver's own weary heart, so they can keep showing up with faith and tenderness for the one in their care.","Renungan lima hari bagi mereka yang merawat pasangan, orang tua, anak, atau sahabat yang sedang sakit — bagi mereka yang duduk di ruang tunggu, mengatur jadwal obat, dan berdoa diam-diam di sisi ranjang sambil berusaha tetap kuat demi orang yang mereka kasihi. Setiap hari menawarkan Firman Tuhan dan renungan untuk menopang hati sang perawat yang lelah, agar mereka dapat terus hadir dengan iman dan kelembutan bagi orang yang mereka rawat.","A soft gouache illustration in portrait orientation, aspect ratio 3:4. The composition shows two hands clasped gently together beside a bedside table holding a small lamp, a glass of water, and a folded blanket, rendered from a close, intimate angle so the viewer feels seated right beside the bed. Warm lamp light in muted amber and honey-gold spills across the hands and table, fading into a deep dusty-blue and soft charcoal background that suggests night and quiet vigil. The gouache style is matte and slightly textured, with simplified rounded shapes and confident flat color blocks, in the manner of a modern folk-art storybook illustration, evoking devotion, tenderness, and quiet endurance. All lettering is grouped together at the very top of the composition for maximum legibility, stacked on a soft solid-color band or gentle scrim so it stays readable against the artwork behind it: the title ""Praying at Their Bedside"" first, largest, in a warm rounded sans-serif; directly beneath it the smaller subtitle ""Faith and strength for caregivers of the sick""; and directly beneath the subtitle a compact rounded pill reading ""5 DAYS"" in bold small caps. Nothing else overlaps the illustration below. Mood: Tender resilience · caregivers praying for a sick loved one.","","1","Carried to Him by Others","Dibawa Kepada-Nya oleh Sahabat","In the Gospel of Mark, a paralyzed man could not come to Jesus on his own. He needed four friends to carry him, and when the crowd around the house was too thick to get through the door, those friends climbed onto the roof, tore it open, and lowered him down on his mat right in front of Jesus. The paralyzed man is not even described as saying a word. It was the faith of his friends — their persistence, their creativity, their sheer refusal to give up — that Jesus responded to.

If you are caring for someone too sick to advocate fully for themselves, too tired to pray with full strength, too overwhelmed to hold on to hope every single day, this story is for you. You are the friend on the roof. Your prayers, your persistence in seeking help, your willingness to carry the weight when they cannot — this matters to God. Scripture says plainly, 'When Jesus saw their faith,' not the paralyzed man's faith alone, but theirs, the carriers.

Caregiving often feels invisible, unnoticed by anyone except the person you're caring for and the walls of the room you sit in day after day. But this passage reminds us that God sees the ones doing the carrying just as clearly as He sees the one being carried. Your tenacity in bringing your loved one before God — even when they cannot bring themselves — is itself an act of powerful, effective faith.

Today, however tired you are, remember that you don't have to wait for your loved one to have the strength to pray. You can carry them. You can tear open whatever obstacle stands between them and Jesus, and lay them down before Him yourself. That is exactly what faithful friends have always done.","Dalam Injil Markus, seorang lumpuh tidak dapat datang sendiri kepada Yesus. Ia membutuhkan empat sahabat untuk menggotongnya, dan ketika kerumunan orang di sekitar rumah terlalu padat untuk dilalui lewat pintu, sahabat-sahabatnya itu naik ke atap, membongkarnya, lalu menurunkan dia beserta tilamnya tepat di hadapan Yesus. Orang lumpuh itu bahkan tidak digambarkan mengucapkan sepatah kata pun. Justru iman sahabat-sahabatnyalah — ketekunan mereka, kreativitas mereka, keteguhan mereka untuk tidak menyerah — yang direspons oleh Yesus.

Jika kamu sedang merawat seseorang yang terlalu sakit untuk membela dirinya sendiri sepenuhnya, terlalu lelah untuk berdoa dengan sekuat tenaga, terlalu kewalahan untuk terus berpegang pada harapan setiap hari, kisah ini untukmu. Kamulah sahabat yang ada di atap itu. Doamu, ketekunanmu mencari pertolongan, kesediaanmu memikul beban ketika ia tidak sanggup — semuanya berarti bagi Tuhan. Alkitab berkata dengan jelas, 'Ketika Yesus melihat iman mereka,' bukan hanya iman orang lumpuh itu sendiri, melainkan iman mereka, para penggotong itu.

Merawat orang sakit sering terasa tidak terlihat, tidak diperhatikan oleh siapa pun kecuali orang yang kamu rawat dan dinding-dinding ruangan tempat kamu duduk hari demi hari. Namun bagian firman ini mengingatkan kita bahwa Tuhan melihat mereka yang menggotong sama jelasnya seperti Ia melihat mereka yang digotong. Ketekunanmu membawa orang yang kamu kasihi kepada Tuhan — bahkan saat mereka sendiri tak sanggup membawa dirinya — adalah tindakan iman yang berkuasa dan berhasil guna.

Hari ini, sesungguh apa pun kelelahanmu, ingatlah bahwa kamu tidak perlu menunggu orang yang kamu kasihi memiliki kekuatan untuk berdoa. Kamu bisa menggotongnya. Kamu bisa membongkar rintangan apa pun yang berdiri antara dirinya dan Yesus, lalu membaringkannya sendiri di hadapan-Nya. Itulah persis yang selalu dilakukan sahabat-sahabat yang setia.","Mark 2:3-5 | Some men came, bringing to him a paralyzed man, carried by four of them... When Jesus saw their faith, he said to the paralyzed man, 'Son, your sins are forgiven.'","Markus 2:3-5 | Datanglah orang-orang membawa kepada-Nya seorang lumpuh yang ditandu oleh empat orang... Ketika Yesus melihat iman mereka, berkatalah Ia kepada orang lumpuh itu: 'Hai anak-Ku, dosamu sudah diampuni.'","In what ways are you already 'carrying' your loved one to Jesus, even when they cannot get there themselves?","Dengan cara apa kamu sudah 'menggotong' orang yang kamu kasihi kepada Yesus, bahkan ketika ia sendiri tidak sanggup sampai ke sana?","Lord, see my faith today, tired as it is. I carry the one I love before You, and I ask You to meet us both in this need. Amen.","Tuhan, lihatlah imanku hari ini, selelah apa pun rasanya. Aku menggotong orang yang kukasihi ke hadapan-Mu, dan aku memohon Engkau menemui kami berdua dalam kebutuhan ini. Amin."
"Healing","Pemulihan","Healing in Illness","Kesembuhan dalam Sakit Penyakit","Praying at Their Bedside","Berdoa di Sisi Ranjangnya","Faith and strength for caregivers of the sick","Iman dan kekuatan bagi mereka yang merawat orang sakit","5","A five-day devotional for those caring for a sick spouse, parent, child, or friend — for the ones sitting in waiting rooms, managing medications, and praying quietly at bedsides while trying to stay strong for someone they love. Each day offers Scripture and reflection to nourish the caregiver's own weary heart, so they can keep showing up with faith and tenderness for the one in their care.","Renungan lima hari bagi mereka yang merawat pasangan, orang tua, anak, atau sahabat yang sedang sakit — bagi mereka yang duduk di ruang tunggu, mengatur jadwal obat, dan berdoa diam-diam di sisi ranjang sambil berusaha tetap kuat demi orang yang mereka kasihi. Setiap hari menawarkan Firman Tuhan dan renungan untuk menopang hati sang perawat yang lelah, agar mereka dapat terus hadir dengan iman dan kelembutan bagi orang yang mereka rawat.","A soft gouache illustration in portrait orientation, aspect ratio 3:4. The composition shows two hands clasped gently together beside a bedside table holding a small lamp, a glass of water, and a folded blanket, rendered from a close, intimate angle so the viewer feels seated right beside the bed. Warm lamp light in muted amber and honey-gold spills across the hands and table, fading into a deep dusty-blue and soft charcoal background that suggests night and quiet vigil. The gouache style is matte and slightly textured, with simplified rounded shapes and confident flat color blocks, in the manner of a modern folk-art storybook illustration, evoking devotion, tenderness, and quiet endurance. All lettering is grouped together at the very top of the composition for maximum legibility, stacked on a soft solid-color band or gentle scrim so it stays readable against the artwork behind it: the title ""Praying at Their Bedside"" first, largest, in a warm rounded sans-serif; directly beneath it the smaller subtitle ""Faith and strength for caregivers of the sick""; and directly beneath the subtitle a compact rounded pill reading ""5 DAYS"" in bold small caps. Nothing else overlaps the illustration below. Mood: Tender resilience · caregivers praying for a sick loved one.","","2","Reaching Through the Crowd","Menjangkau di Tengah Kerumunan","The woman in Mark's Gospel who had suffered bleeding for twelve years had already spent everything she had on doctors and grown only worse. She was exhausted, likely afraid, and pressed into a crowd so thick that reaching Jesus directly seemed impossible. So she did what she could — she reached out and touched the edge of His cloak, and immediately she was healed. Jesus felt power go out from Him and turned to ask who had touched Him, and she came forward, told Him the whole truth, and He said, 'Daughter, your faith has healed you. Go in peace and be freed from your suffering.'

When you are caring for someone who has been sick for a long time — through many doctors, many treatments, many disappointments — it is easy to feel like this woman before her healing: worn down, running out of resources, wondering if there is any point in reaching out one more time. But her story tells us that even a small, desperate reach toward Jesus, made in the middle of exhaustion, is enough. She didn't need a perfect prayer or a full explanation. She just needed to reach.

As a caregiver, you may not always have the words for a polished prayer over your loved one. Some days all you can manage is a hand reaching toward the hem of His garment — a whispered 'help us,' a silent tear during a hospital hallway, a habit of simply staying near Jesus even when you don't feel anything happening. That reaching matters. It is often the quiet, desperate reaches, not the eloquent prayers, that Jesus turns toward with the most tenderness.

Today, if you find yourself worn thin by the long road of caregiving, remember this woman. You do not need strength to reach — you only need to reach. Jesus notices, He turns, and He calls those who reach for Him beloved, even in their exhaustion.","Perempuan dalam Injil Markus yang telah menderita pendarahan selama dua belas tahun telah menghabiskan seluruh hartanya untuk berobat kepada tabib, namun malah semakin parah. Ia lelah, mungkin ketakutan, dan terhimpit di antara kerumunan orang yang begitu padat sehingga menjangkau Yesus secara langsung terasa mustahil. Maka ia melakukan apa yang bisa ia lakukan — ia mengulurkan tangan dan menjamah jumbai jubah-Nya, dan seketika itu juga ia sembuh. Yesus merasakan kuasa keluar dari diri-Nya dan berbalik bertanya siapa yang telah menjamah-Nya, lalu perempuan itu maju, memberitahukan seluruh kebenarannya, dan Yesus berkata, 'Hai anak-Ku, imanmu telah menyelamatkan engkau. Pergilah dengan selamat dan sembuhlah dari penyakitmu.'

Ketika kamu merawat seseorang yang telah lama sakit — melalui banyak dokter, banyak pengobatan, banyak kekecewaan — mudah sekali merasa seperti perempuan itu sebelum kesembuhannya: letih, kehabisan sumber daya, bertanya-tanya apakah ada gunanya mencoba menjangkau sekali lagi. Namun kisahnya memberi tahu kita bahwa bahkan uluran tangan yang kecil dan putus asa kepada Yesus, di tengah keletihan, sudah cukup. Ia tidak membutuhkan doa yang sempurna atau penjelasan lengkap. Ia hanya perlu mengulurkan tangan.

Sebagai perawat, kamu mungkin tidak selalu memiliki kata-kata untuk doa yang tersusun rapi bagi orang yang kamu kasihi. Ada hari-hari di mana yang bisa kamu lakukan hanyalah mengulurkan tangan menjangkau jumbai jubah-Nya — sebuah bisikan 'tolong kami,' air mata diam di lorong rumah sakit, kebiasaan sekadar tetap dekat dengan Yesus meski kamu tidak merasakan apa pun sedang terjadi. Uluran itu berarti. Sering kali justru uluran tangan yang diam-diam dan putus asa, bukan doa yang fasih, yang membuat Yesus berpaling dengan penuh kelembutan.

Hari ini, jika kamu merasa lelah karena panjangnya jalan merawat orang sakit, ingatlah perempuan ini. Kamu tidak membutuhkan kekuatan untuk menjangkau — kamu hanya perlu menjangkau. Yesus memperhatikan, Ia berbalik, dan Ia menyebut mereka yang menjangkau-Nya sebagai orang yang dikasihi, bahkan dalam keletihan mereka.","Mark 5:34 | He said to her, 'Daughter, your faith has healed you. Go in peace and be freed from your suffering.'","Markus 5:34 | Maka kata-Nya kepada perempuan itu: 'Hai anak-Ku, imanmu telah menyelamatkan engkau. Pergilah dengan selamat dan sembuhlah dari penyakitmu.'","What is the small, desperate 'reach' you can make toward Jesus today, even if you have no energy left for more?","Apa uluran tangan kecil dan putus asa yang bisa kamu lakukan kepada Yesus hari ini, sekalipun tidak ada lagi tenaga untuk melakukan lebih?","Jesus, I reach for the hem of Your garment today, worn out as I am. Notice me. Notice us. Let Your power meet our need. Amen.","Yesus, hari ini aku mengulurkan tangan menjangkau jumbai jubah-Mu, selelah apa pun diriku. Perhatikanlah aku. Perhatikanlah kami. Biarlah kuasa-Mu menjawab kebutuhan kami. Amin."
"Healing","Pemulihan","Healing in Illness","Kesembuhan dalam Sakit Penyakit","Praying at Their Bedside","Berdoa di Sisi Ranjangnya","Faith and strength for caregivers of the sick","Iman dan kekuatan bagi mereka yang merawat orang sakit","5","A five-day devotional for those caring for a sick spouse, parent, child, or friend — for the ones sitting in waiting rooms, managing medications, and praying quietly at bedsides while trying to stay strong for someone they love. Each day offers Scripture and reflection to nourish the caregiver's own weary heart, so they can keep showing up with faith and tenderness for the one in their care.","Renungan lima hari bagi mereka yang merawat pasangan, orang tua, anak, atau sahabat yang sedang sakit — bagi mereka yang duduk di ruang tunggu, mengatur jadwal obat, dan berdoa diam-diam di sisi ranjang sambil berusaha tetap kuat demi orang yang mereka kasihi. Setiap hari menawarkan Firman Tuhan dan renungan untuk menopang hati sang perawat yang lelah, agar mereka dapat terus hadir dengan iman dan kelembutan bagi orang yang mereka rawat.","A soft gouache illustration in portrait orientation, aspect ratio 3:4. The composition shows two hands clasped gently together beside a bedside table holding a small lamp, a glass of water, and a folded blanket, rendered from a close, intimate angle so the viewer feels seated right beside the bed. Warm lamp light in muted amber and honey-gold spills across the hands and table, fading into a deep dusty-blue and soft charcoal background that suggests night and quiet vigil. The gouache style is matte and slightly textured, with simplified rounded shapes and confident flat color blocks, in the manner of a modern folk-art storybook illustration, evoking devotion, tenderness, and quiet endurance. All lettering is grouped together at the very top of the composition for maximum legibility, stacked on a soft solid-color band or gentle scrim so it stays readable against the artwork behind it: the title ""Praying at Their Bedside"" first, largest, in a warm rounded sans-serif; directly beneath it the smaller subtitle ""Faith and strength for caregivers of the sick""; and directly beneath the subtitle a compact rounded pill reading ""5 DAYS"" in bold small caps. Nothing else overlaps the illustration below. Mood: Tender resilience · caregivers praying for a sick loved one.","","3","Praying When You Have No Words","Berdoa Ketika Tak Ada Kata","There are moments in caregiving when prayer feels impossible — not because faith has failed, but because the mind is too tired, too frightened, or too numb to form full sentences. You sit beside a hospital bed and want to pray for your loved one, and all that comes out is silence, or a sigh, or the same three words repeated over and over. If this has been you, you are not failing at prayer. You are simply human, worn down by love and worry in equal measure.

Paul's instruction to the Philippians was never meant only for calm, well-worded seasons: 'Do not be anxious about anything, but in every situation, by prayer and petition, with thanksgiving, present your requests to God. And the peace of God, which transcends all understanding, will guard your hearts and your minds in Christ Jesus.' Notice that it does not say your prayer must be eloquent or lengthy — it simply says to present your requests. That can be one sentence. It can be a groan. It can be tears with no words at all, and God still receives it.

The peace promised here is not conditional on how well you pray; it is a gift God gives in response to the act of turning toward Him at all. Even a fragmented, exhausted prayer whispered over a sleeping loved one's hand counts as presenting your request to God. He is not grading your grammar. He is meeting your heart.

Today, if you cannot manage more than a whisper or a sigh toward heaven, let that be enough. Bring whatever you have — however small, however broken — and trust that God's peace does not require your polish. It only requires your turning toward Him.","Ada saat-saat dalam merawat orang sakit ketika berdoa terasa mustahil — bukan karena iman telah gagal, melainkan karena pikiran terlalu lelah, terlalu takut, atau terlalu mati rasa untuk membentuk kalimat yang utuh. Kamu duduk di samping ranjang rumah sakit dan ingin mendoakan orang yang kamu kasihi, namun yang keluar hanyalah keheningan, atau helaan napas, atau tiga kata yang sama diulang-ulang. Jika ini pernah terjadi padamu, kamu tidak sedang gagal berdoa. Kamu hanya manusia biasa, yang letih oleh kasih dan kekhawatiran dalam kadar yang sama.

Nasihat Paulus kepada jemaat di Filipi tidak pernah dimaksudkan hanya untuk musim yang tenang dan kata-kata yang tersusun rapi: 'Janganlah hendaknya kamu kuatir tentang apa pun juga, tetapi nyatakanlah dalam segala hal keinginanmu kepada Allah dalam doa dan permohonan dengan ucapan syukur. Damai sejahtera Allah, yang melampaui segala akal, akan memelihara hati dan pikiranmu dalam Kristus Yesus.' Perhatikan bahwa ayat ini tidak berkata doamu harus fasih atau panjang — ayat ini hanya berkata untuk menyatakan keinginanmu. Itu bisa berupa satu kalimat. Bisa berupa keluh kesah. Bisa berupa air mata tanpa kata sama sekali, dan Tuhan tetap menerimanya.

Damai sejahtera yang dijanjikan ini tidak bergantung pada seberapa baik kamu berdoa; itu adalah pemberian yang Tuhan berikan sebagai respons atas tindakan berpaling kepada-Nya, sekecil apa pun. Bahkan doa yang terpatah-patah dan letih yang dibisikkan di atas tangan orang yang tertidur karena sakit tetap terhitung sebagai menyatakan permohonanmu kepada Tuhan. Ia tidak sedang menilai tata bahasamu. Ia sedang menjumpai hatimu.

Hari ini, jika kamu tidak sanggup melakukan lebih dari sekadar bisikan atau helaan napas ke arah surga, biarlah itu cukup. Bawalah apa pun yang kamu punya — sekecil apa pun, seterpatah apa pun — dan percayalah bahwa damai sejahtera Tuhan tidak menuntut kesempurnaanmu. Ia hanya menuntut kamu berpaling kepada-Nya.","Philippians 4:6-7 | Do not be anxious about anything, but in every situation, by prayer and petition, with thanksgiving, present your requests to God. And the peace of God, which transcends all understanding, will guard your hearts and your minds in Christ Jesus.","Filipi 4:6-7 | Janganlah hendaknya kamu kuatir tentang apa pun juga, tetapi nyatakanlah dalam segala hal keinginanmu kepada Allah dalam doa dan permohonan dengan ucapan syukur. Damai sejahtera Allah, yang melampaui segala akal, akan memelihara hati dan pikiranmu dalam Kristus Yesus.","What would it look like to bring God an unpolished, fragmented prayer today instead of waiting until you feel ready to pray 'properly'?","Seperti apa rasanya membawa kepada Tuhan doa yang tidak sempurna dan terpatah-patah hari ini, alih-alih menunggu sampai kamu merasa siap berdoa 'dengan benar'?","Father, I have no eloquent words today, only my tired heart. Receive this small, unfinished prayer, and give me the peace only You can give. Amen.","Bapa, aku tidak punya kata-kata yang indah hari ini, hanya hatiku yang letih. Terimalah doa kecil dan belum sempurna ini, dan berikanlah kepadaku damai sejahtera yang hanya Engkau bisa berikan. Amin."
"Healing","Pemulihan","Healing in Illness","Kesembuhan dalam Sakit Penyakit","Praying at Their Bedside","Berdoa di Sisi Ranjangnya","Faith and strength for caregivers of the sick","Iman dan kekuatan bagi mereka yang merawat orang sakit","5","A five-day devotional for those caring for a sick spouse, parent, child, or friend — for the ones sitting in waiting rooms, managing medications, and praying quietly at bedsides while trying to stay strong for someone they love. Each day offers Scripture and reflection to nourish the caregiver's own weary heart, so they can keep showing up with faith and tenderness for the one in their care.","Renungan lima hari bagi mereka yang merawat pasangan, orang tua, anak, atau sahabat yang sedang sakit — bagi mereka yang duduk di ruang tunggu, mengatur jadwal obat, dan berdoa diam-diam di sisi ranjang sambil berusaha tetap kuat demi orang yang mereka kasihi. Setiap hari menawarkan Firman Tuhan dan renungan untuk menopang hati sang perawat yang lelah, agar mereka dapat terus hadir dengan iman dan kelembutan bagi orang yang mereka rawat.","A soft gouache illustration in portrait orientation, aspect ratio 3:4. The composition shows two hands clasped gently together beside a bedside table holding a small lamp, a glass of water, and a folded blanket, rendered from a close, intimate angle so the viewer feels seated right beside the bed. Warm lamp light in muted amber and honey-gold spills across the hands and table, fading into a deep dusty-blue and soft charcoal background that suggests night and quiet vigil. The gouache style is matte and slightly textured, with simplified rounded shapes and confident flat color blocks, in the manner of a modern folk-art storybook illustration, evoking devotion, tenderness, and quiet endurance. All lettering is grouped together at the very top of the composition for maximum legibility, stacked on a soft solid-color band or gentle scrim so it stays readable against the artwork behind it: the title ""Praying at Their Bedside"" first, largest, in a warm rounded sans-serif; directly beneath it the smaller subtitle ""Faith and strength for caregivers of the sick""; and directly beneath the subtitle a compact rounded pill reading ""5 DAYS"" in bold small caps. Nothing else overlaps the illustration below. Mood: Tender resilience · caregivers praying for a sick loved one.","","4","When Lord, If You Had Been Here","Tuhan, Sekiranya Engkau Ada di Sini","When Lazarus fell ill and died, his sister Martha went out to meet Jesus with words that many caregivers have echoed in their own hearts: 'Lord, if you had been here, my brother would not have died.' There is no rebuke in her voice from Jesus, no correction for her honesty. She says exactly what she feels — a mixture of grief, confusion, and a trace of the question so many of us carry: where were You when this was happening?

What is remarkable is what Martha says next, almost in the same breath: 'But I know that even now God will give you whatever you ask.' She holds both truths at once — raw disappointment and unwavering trust — without seeing them as contradictions. This is permission for every caregiver who has quietly wondered why God allowed their loved one's illness to progress the way it has, even while continuing to pray and trust Him for what comes next.

Caring for someone sick often means living inside unanswered questions: why this illness, why now, why does healing seem so slow or so uncertain. Martha models a faith that does not require those questions to be resolved before trust can continue. She brings her disappointment directly to Jesus's face, and in the very same conversation, she affirms her hope in Him. Both are allowed. Both, together, are what real faith often looks like in hard seasons.

If you have quietly thought, 'Lord, if You had acted sooner, this could have been different,' you are in good company with Martha. Bring that honest disappointment to Him today, and in the same breath, remember what you still know to be true: that He is able, that He is good, and that this story is not yet finished.","Ketika Lazarus jatuh sakit dan meninggal, saudarinya Marta pergi menemui Yesus dengan kata-kata yang telah bergema di hati banyak orang yang merawat orang sakit: 'Tuhan, sekiranya Engkau ada di sini, saudaraku pasti tidak mati.' Tidak ada teguran dari Yesus atas kata-katanya, tidak ada koreksi atas kejujurannya. Ia mengatakan persis apa yang ia rasakan — perpaduan antara duka, kebingungan, dan sedikit pertanyaan yang begitu banyak dari kita pikul: di manakah Engkau ketika semua ini terjadi?

Yang luar biasa adalah apa yang Marta katakan selanjutnya, hampir dalam napas yang sama: 'Tetapi sekarang pun aku tahu, bahwa Allah akan memberikan kepada-Mu segala apa yang Engkau minta kepada-Nya.' Ia memegang kedua kebenaran itu sekaligus — kekecewaan yang mentah dan kepercayaan yang tak tergoyahkan — tanpa melihat keduanya sebagai kontradiksi. Ini adalah izin bagi setiap perawat yang diam-diam pernah bertanya-tanya mengapa Tuhan mengizinkan sakit penyakit orang yang mereka kasihi berkembang sedemikian rupa, sekalipun mereka tetap berdoa dan mempercayai-Nya untuk apa yang akan terjadi selanjutnya.

Merawat orang sakit sering berarti hidup di dalam pertanyaan yang belum terjawab: mengapa penyakit ini, mengapa sekarang, mengapa kesembuhan terasa begitu lambat atau begitu tidak pasti. Marta memberi teladan iman yang tidak menuntut pertanyaan-pertanyaan itu terselesaikan lebih dahulu sebelum kepercayaan bisa berlanjut. Ia membawa kekecewaannya langsung ke hadapan Yesus, dan dalam percakapan yang sama, ia menegaskan harapannya kepada-Nya. Keduanya diizinkan. Keduanya, bersama-sama, sering kali menjadi wajah iman yang sesungguhnya di musim-musim yang sukar.

Jika kamu pernah diam-diam berpikir, 'Tuhan, sekiranya Engkau bertindak lebih cepat, semuanya bisa berbeda,' kamu berada dalam kebersamaan yang baik dengan Marta. Bawalah kekecewaan yang jujur itu kepada-Nya hari ini, dan dalam napas yang sama, ingatlah apa yang tetap kamu ketahui benar: bahwa Ia sanggup, bahwa Ia baik, dan bahwa kisah ini belum selesai.","John 11:21-22 | 'Lord,' Martha said to Jesus, 'if you had been here, my brother would not have died. But I know that even now God will give you whatever you ask.'","Yohanes 11:21-22 | Maka kata Marta kepada Yesus: 'Tuhan, sekiranya Engkau ada di sini, saudaraku pasti tidak mati. Tetapi sekarang pun aku tahu, bahwa Allah akan memberikan kepada-Mu segala apa yang Engkau minta kepada-Nya.'","Can you bring both your honest disappointment and your ongoing trust to God at the same time, the way Martha did?","Dapatkah kamu membawa kekecewaan yang jujur dan kepercayaanmu yang tetap berlanjut kepada Tuhan pada saat yang sama, seperti yang dilakukan Marta?","Lord, sometimes I wonder where You were. And still, even now, I know You are able to act. Hold both my honesty and my hope today. Amen.","Tuhan, kadang aku bertanya-tanya di manakah Engkau berada. Namun tetap, bahkan sekarang, aku tahu Engkau sanggup bertindak. Peganglah kejujuranku dan harapanku hari ini sekaligus. Amin."
"Healing","Pemulihan","Healing in Illness","Kesembuhan dalam Sakit Penyakit","Praying at Their Bedside","Berdoa di Sisi Ranjangnya","Faith and strength for caregivers of the sick","Iman dan kekuatan bagi mereka yang merawat orang sakit","5","A five-day devotional for those caring for a sick spouse, parent, child, or friend — for the ones sitting in waiting rooms, managing medications, and praying quietly at bedsides while trying to stay strong for someone they love. Each day offers Scripture and reflection to nourish the caregiver's own weary heart, so they can keep showing up with faith and tenderness for the one in their care.","Renungan lima hari bagi mereka yang merawat pasangan, orang tua, anak, atau sahabat yang sedang sakit — bagi mereka yang duduk di ruang tunggu, mengatur jadwal obat, dan berdoa diam-diam di sisi ranjang sambil berusaha tetap kuat demi orang yang mereka kasihi. Setiap hari menawarkan Firman Tuhan dan renungan untuk menopang hati sang perawat yang lelah, agar mereka dapat terus hadir dengan iman dan kelembutan bagi orang yang mereka rawat.","A soft gouache illustration in portrait orientation, aspect ratio 3:4. The composition shows two hands clasped gently together beside a bedside table holding a small lamp, a glass of water, and a folded blanket, rendered from a close, intimate angle so the viewer feels seated right beside the bed. Warm lamp light in muted amber and honey-gold spills across the hands and table, fading into a deep dusty-blue and soft charcoal background that suggests night and quiet vigil. The gouache style is matte and slightly textured, with simplified rounded shapes and confident flat color blocks, in the manner of a modern folk-art storybook illustration, evoking devotion, tenderness, and quiet endurance. All lettering is grouped together at the very top of the composition for maximum legibility, stacked on a soft solid-color band or gentle scrim so it stays readable against the artwork behind it: the title ""Praying at Their Bedside"" first, largest, in a warm rounded sans-serif; directly beneath it the smaller subtitle ""Faith and strength for caregivers of the sick""; and directly beneath the subtitle a compact rounded pill reading ""5 DAYS"" in bold small caps. Nothing else overlaps the illustration below. Mood: Tender resilience · caregivers praying for a sick loved one.","","5","Faithful in the Waiting","Setia dalam Penantian","Caregiving rarely resolves quickly. It often stretches across weeks, months, or longer, filled with small routines — medication schedules, quiet meals, drives to appointments, nights spent listening for a call from another room. Paul's words to the Romans read almost like a caregiver's daily rhythm: 'Be joyful in hope, patient in affliction, faithful in prayer.' Not one burst of heroic faith, but a steady, ongoing posture, day after day.

Patient in affliction does not mean feeling nothing, or never growing tired of the waiting. It means choosing, again and again, not to abandon hope even when circumstances give little reason for it. Faithful in prayer does not mean prayers filled with perfect words; it means simply returning to God again tomorrow, and the day after, even when yesterday's prayer didn't seem to change anything visible.

Over these five days, you've walked through the persistence of friends carrying a paralyzed man, the desperate reach of a suffering woman, the wordless honesty of unspoken prayer, and Martha's blend of grief and trust. Today's word ties them together: this is not a sprint. Caregiving faith is built one faithful day at a time, one small act of hope repeated until it becomes who you are.

Whatever tomorrow holds for the one you love — improvement, plateau, or a harder road — you are not required to have it all figured out today. You are only asked to be joyful where you can, patient where you must, and faithful in prayer, one more day. That quiet faithfulness, sustained over time, is itself a form of love that does not go unnoticed by God.","Merawat orang sakit jarang selesai dengan cepat. Sering kali itu membentang selama minggu, bulan, atau lebih lama, dipenuhi rutinitas kecil — jadwal obat, makan dalam diam, perjalanan ke janji temu, malam-malam yang dihabiskan mendengarkan panggilan dari ruangan sebelah. Kata-kata Paulus kepada jemaat di Roma terbaca hampir seperti ritme harian seorang perawat: 'Bersukacitalah dalam pengharapan, sabarlah dalam kesesakan, dan bertekunlah dalam doa!' Bukan satu ledakan iman yang heroik, melainkan sikap yang tetap dan terus-menerus, hari demi hari.

Sabar dalam kesesakan bukan berarti tidak merasakan apa-apa, atau tidak pernah lelah menunggu. Itu berarti memilih, berulang kali, untuk tidak meninggalkan harapan bahkan ketika keadaan memberi sedikit alasan untuknya. Bertekun dalam doa bukan berarti doa-doa yang penuh kata-kata sempurna; itu berarti sekadar kembali lagi kepada Tuhan besok, dan lusa, bahkan ketika doa kemarin tampaknya belum mengubah apa pun yang terlihat.

Selama lima hari ini, kamu telah melewati ketekunan sahabat-sahabat yang menggotong orang lumpuh, uluran tangan putus asa dari seorang perempuan yang menderita, kejujuran tanpa kata dari doa yang tak terucap, dan perpaduan Marta antara duka dan kepercayaan. Firman hari ini menyatukan semuanya: ini bukan lari cepat. Iman seorang perawat dibangun satu hari demi satu hari yang setia, satu tindakan kecil harapan yang diulang hingga menjadi jati dirimu.

Apa pun yang akan dibawa hari esok bagi orang yang kamu kasihi — perbaikan, keadaan yang tetap, atau jalan yang lebih berat — kamu tidak dituntut untuk memahami semuanya hari ini. Kamu hanya diminta bersukacita di mana kamu bisa, bersabar di mana kamu harus, dan bertekun dalam doa, sekali lagi hari ini. Kesetiaan yang diam-diam itu, yang dijaga sepanjang waktu, adalah bentuk kasih yang tidak luput dari perhatian Tuhan.","Romans 12:12 | Be joyful in hope, patient in affliction, faithful in prayer.","Roma 12:12 | Bersukacitalah dalam pengharapan, sabarlah dalam kesesakan, dan bertekunlah dalam doa!","What would it look like to be faithful just for today, without needing to know how the whole road ahead will go?","Seperti apa rasanya setia hanya untuk hari ini, tanpa perlu tahu bagaimana seluruh jalan ke depan akan berlangsung?","Lord, I don't know how long this road will be. Help me stay joyful in hope, patient in the hard days, and faithful in prayer, one day at a time. Amen.","Tuhan, aku tidak tahu berapa panjang jalan ini akan berlangsung. Tolonglah aku tetap bersukacita dalam pengharapan, sabar di hari-hari yang berat, dan bertekun dalam doa, satu hari pada satu waktu. Amin."
"Healing","Pemulihan","Healing in Illness","Kesembuhan dalam Sakit Penyakit","Held Through the Long Recovery","Dipegang Sepanjang Masa Pemulihan","Trusting God when healing takes time","Mempercayai Tuhan ketika kesembuhan butuh waktu","3","A short three-day devotional for those in a slow, uncertain recovery — when healing is happening, but not as fast or as fully as hoped. These reflections speak to the particular weariness of the in-between: still unwell, still waiting, still trusting God one day at a time, with fresh strength promised for however long the road ahead turns out to be.","Renungan singkat tiga hari bagi mereka yang sedang menjalani masa pemulihan yang lambat dan tidak pasti — ketika kesembuhan sedang terjadi, namun tidak secepat atau selengkap yang diharapkan. Renungan ini berbicara kepada kelelahan khas masa peralihan itu: masih belum pulih sepenuhnya, masih menanti, masih mempercayai Tuhan satu hari demi satu hari, dengan kekuatan baru yang dijanjikan untuk sepanjang apa pun jalan ke depan nantinya.","A bold linocut-style illustration in portrait orientation, aspect ratio 3:4. The composition shows a lone figure walking slowly along a winding path that leads uphill toward a rising sun, one hand resting on a simple wooden walking stick, rendered in the thick confident lines and flat carved-texture shading characteristic of linocut printmaking. The palette is limited and graphic: deep indigo-blue for the path and figure, warm terracotta-orange for the rising sun and sky, and a soft cream-white background paper tone, with visible carved grain texture throughout. The mood is quiet determination rather than urgency — the figure's posture is calm, unhurried, steady. All lettering is grouped together at the very top of the composition for maximum legibility, stacked on a soft solid-color band or gentle scrim so it stays readable against the artwork behind it: the title ""Held Through the Long Recovery"" first, largest, in a bold carved woodblock-style display letterform; directly beneath it the smaller subtitle ""Trusting God when healing takes time""; and directly beneath the subtitle a compact rounded pill reading ""3 DAYS"" in bold small caps. Nothing else overlaps the illustration below. Mood: Quiet endurance · anyone in a slow or uncertain recovery.","","1","New Strength for the Long Road","Kekuatan Baru untuk Jalan yang Panjang","There is a particular exhaustion that comes not from the crisis of illness itself, but from the long tail that follows it — the months of physical therapy, the slow return of strength, the days when progress seems to stall or even slip backward. Recovery is rarely a straight line, and the waiting inside it can feel heavier than the original illness, precisely because there is no clear finish line in sight.

Isaiah's words to a weary, waiting people speak directly into this stretch of road: 'Those who hope in the Lord will renew their strength. They will soar on wings like eagles; they will run and not grow weary, they will walk and not be faint.' Notice the progression — soaring, running, and finally simply walking without fainting. Not every day of recovery will feel like soaring. Some days, just walking without collapsing is the strength being renewed. That, too, counts.

Hoping in the Lord here does not mean pretending recovery is faster than it is, or forcing positivity you don't feel. It means continually turning your expectation toward Him rather than toward the calendar, the scans, or the slow pace of your own healing body. His strength is renewed, not once, but again and again, exactly matched to the long road, however long it turns out to be.

If today is a soaring day, receive it with gratitude. If it is only a walking day — one foot after another, tired but upright — that is not failure. That is the very strength Isaiah promised, renewed enough for exactly this much road, and He will renew it again tomorrow.","Ada kelelahan khusus yang datang bukan dari krisis sakit penyakit itu sendiri, melainkan dari ekor panjang yang mengikutinya — bulan-bulan terapi fisik, kembalinya kekuatan secara perlahan, hari-hari ketika kemajuan tampak terhenti atau bahkan mundur. Pemulihan jarang berupa garis lurus, dan penantian di dalamnya bisa terasa lebih berat daripada sakit penyakit itu sendiri, justru karena tidak ada garis akhir yang jelas terlihat.

Kata-kata Yesaya kepada umat yang letih dan menanti berbicara langsung ke dalam bentangan jalan ini: 'Tetapi orang-orang yang menanti-nantikan TUHAN mendapat kekuatan baru: mereka seumpama rajawali yang naik terbang dengan kekuatan sayapnya; mereka berlari dan tidak menjadi lesu, mereka berjalan dan tidak menjadi lelah.' Perhatikan urutannya — terbang tinggi, berlari, dan akhirnya sekadar berjalan tanpa menjadi lelah. Tidak setiap hari pemulihan akan terasa seperti terbang tinggi. Ada hari-hari ketika sekadar berjalan tanpa terjatuh sudah merupakan kekuatan yang diperbarui. Itu pun terhitung.

Menanti-nantikan Tuhan di sini tidak berarti berpura-pura pemulihan berlangsung lebih cepat dari kenyataannya, atau memaksakan sikap positif yang tidak kamu rasakan. Ini berarti terus-menerus mengarahkan pengharapanmu kepada-Nya, bukan kepada kalender, hasil pemindaian, atau lambatnya laju kesembuhan tubuhmu sendiri. Kekuatan-Nya diperbarui, bukan sekali saja, melainkan berulang kali, tepat sesuai dengan panjangnya jalan itu, sepanjang apa pun jalan itu nantinya.

Jika hari ini adalah hari kamu merasa terbang tinggi, terimalah dengan syukur. Jika ini hanyalah hari berjalan — satu langkah demi satu langkah, lelah namun tetap tegak — itu bukanlah kegagalan. Itulah persis kekuatan yang dijanjikan Yesaya, diperbarui secukupnya untuk sejauh ini, dan Ia akan memperbaruinya lagi besok.","Isaiah 40:31 | But those who hope in the Lord will renew their strength. They will soar on wings like eagles; they will run and not grow weary, they will walk and not be faint.","Yesaya 40:31 | Tetapi orang-orang yang menanti-nantikan TUHAN mendapat kekuatan baru: mereka seumpama rajawali yang naik terbang dengan kekuatan sayapnya; mereka berlari dan tidak menjadi lesu, mereka berjalan dan tidak menjadi lelah.","Is today a soaring day, a running day, or simply a walking day for you — and can you accept that all three count as strength renewed?","Apakah hari ini bagimu hari terbang tinggi, hari berlari, atau sekadar hari berjalan — dan dapatkah kamu menerima bahwa ketiganya terhitung sebagai kekuatan yang diperbarui?","Lord, this road is longer than I hoped. Renew my strength today for exactly what today requires, and meet me again tomorrow with fresh strength for that day too. Amen.","Tuhan, jalan ini lebih panjang daripada yang kuharapkan. Perbaruilah kekuatanku hari ini secukupnya untuk apa yang dibutuhkan hari ini, dan temuilah aku lagi besok dengan kekuatan baru untuk hari itu juga. Amin."
"Healing","Pemulihan","Healing in Illness","Kesembuhan dalam Sakit Penyakit","Held Through the Long Recovery","Dipegang Sepanjang Masa Pemulihan","Trusting God when healing takes time","Mempercayai Tuhan ketika kesembuhan butuh waktu","3","A short three-day devotional for those in a slow, uncertain recovery — when healing is happening, but not as fast or as fully as hoped. These reflections speak to the particular weariness of the in-between: still unwell, still waiting, still trusting God one day at a time, with fresh strength promised for however long the road ahead turns out to be.","Renungan singkat tiga hari bagi mereka yang sedang menjalani masa pemulihan yang lambat dan tidak pasti — ketika kesembuhan sedang terjadi, namun tidak secepat atau selengkap yang diharapkan. Renungan ini berbicara kepada kelelahan khas masa peralihan itu: masih belum pulih sepenuhnya, masih menanti, masih mempercayai Tuhan satu hari demi satu hari, dengan kekuatan baru yang dijanjikan untuk sepanjang apa pun jalan ke depan nantinya.","A bold linocut-style illustration in portrait orientation, aspect ratio 3:4. The composition shows a lone figure walking slowly along a winding path that leads uphill toward a rising sun, one hand resting on a simple wooden walking stick, rendered in the thick confident lines and flat carved-texture shading characteristic of linocut printmaking. The palette is limited and graphic: deep indigo-blue for the path and figure, warm terracotta-orange for the rising sun and sky, and a soft cream-white background paper tone, with visible carved grain texture throughout. The mood is quiet determination rather than urgency — the figure's posture is calm, unhurried, steady. All lettering is grouped together at the very top of the composition for maximum legibility, stacked on a soft solid-color band or gentle scrim so it stays readable against the artwork behind it: the title ""Held Through the Long Recovery"" first, largest, in a bold carved woodblock-style display letterform; directly beneath it the smaller subtitle ""Trusting God when healing takes time""; and directly beneath the subtitle a compact rounded pill reading ""3 DAYS"" in bold small caps. Nothing else overlaps the illustration below. Mood: Quiet endurance · anyone in a slow or uncertain recovery.","","2","New Every Morning","Baru Setiap Pagi","The book of Lamentations was written in the aftermath of devastating loss, in a season that offered little visible reason for hope. Yet it is in this very book, in the middle of grief, that we find one of Scripture's most tender declarations: 'Because of the Lord's great love we are not consumed, for his compassions never fail. They are new every morning; great is your faithfulness.' This was not written by someone in an easy season pretending everything was fine. It was written from inside real hardship, and it still speaks of mercy renewed daily.

In a long recovery, it can be tempting to measure each day against all the days before it — comparing how tired you feel today to how tired you were last week, wondering if you're actually making progress or simply enduring. But this verse invites a different rhythm: mercy that is new every morning does not require yesterday's healing to have gone perfectly. Each day arrives with its own fresh portion of God's compassion, uncontaminated by how hard yesterday was.

This means you are permitted to start today without carrying the full weight of the entire recovery on your shoulders. You do not have to have the strength for the whole journey today — only for today. God's faithfulness is not a single deposit made at the beginning of your illness that you're now slowly spending down; it is renewed, fresh, every single morning, for as long as the road requires.

If yesterday was hard, today is not required to inherit its weight. Wake up, however slowly and however tired, into mercy that has been made new specifically for this morning, and trust that tomorrow's portion will be waiting when tomorrow comes.","Kitab Ratapan ditulis setelah kehancuran dan kehilangan yang dahsyat, dalam masa yang menawarkan sedikit sekali alasan yang terlihat untuk berharap. Namun justru dalam kitab inilah, di tengah duka, kita menemukan salah satu pernyataan paling lembut dalam Alkitab: 'Tak berkesudahan kasih setia TUHAN, tak habis-habisnya rahmat-Nya, selalu baru tiap pagi; besar kesetiaan-Mu!' Ini tidak ditulis oleh seseorang di masa yang mudah yang berpura-pura semuanya baik-baik saja. Ini ditulis dari dalam kesukaran yang nyata, dan tetap berbicara tentang belas kasihan yang diperbarui setiap hari.

Dalam masa pemulihan yang panjang, ada godaan untuk mengukur setiap hari dibandingkan dengan semua hari sebelumnya — membandingkan seberapa lelah dirimu hari ini dengan seberapa lelah dirimu minggu lalu, bertanya-tanya apakah kamu benar-benar maju atau sekadar bertahan. Namun ayat ini mengundang ritme yang berbeda: belas kasihan yang baru setiap pagi tidak menuntut kesembuhan kemarin berjalan sempurna. Setiap hari datang membawa porsi belas kasihan Tuhan yang segar tersendiri, tidak tercemar oleh betapa beratnya kemarin.

Ini berarti kamu diizinkan untuk memulai hari ini tanpa memikul seluruh beban pemulihan di pundakmu. Kamu tidak perlu memiliki kekuatan untuk seluruh perjalanan hari ini — hanya untuk hari ini. Kesetiaan Tuhan bukanlah satu simpanan yang diberikan pada awal sakitmu yang kini perlahan kamu habiskan; itu diperbarui, segar, setiap pagi, selama jalan itu masih dibutuhkan.

Jika kemarin berat, hari ini tidak dituntut untuk mewarisi bebannya. Bangunlah, seperlahan dan seletih apa pun, ke dalam belas kasihan yang telah dibuat baru khusus untuk pagi ini, dan percayalah bahwa porsi besok akan menanti ketika besok tiba.","Lamentations 3:22-23 | Because of the Lord's great love we are not consumed, for his compassions never fail. They are new every morning; great is your faithfulness.","Ratapan 3:22-23 | Tak berkesudahan kasih setia TUHAN, tak habis-habisnya rahmat-Nya, selalu baru tiap pagi; besar kesetiaan-Mu!","What would it feel like to face today's recovery without carrying the weight of yesterday's setbacks into it?","Bagaimana rasanya menghadapi pemulihan hari ini tanpa membawa beban kemunduran kemarin ke dalamnya?","Lord, thank You that Your mercy is new this morning. I release yesterday's weariness and receive what You have for me today alone. Amen.","Tuhan, terima kasih karena belas kasihan-Mu baru pagi ini. Aku melepaskan keletihan kemarin dan menerima apa yang Kausediakan bagiku hanya untuk hari ini. Amin."
"Healing","Pemulihan","Healing in Illness","Kesembuhan dalam Sakit Penyakit","Held Through the Long Recovery","Dipegang Sepanjang Masa Pemulihan","Trusting God when healing takes time","Mempercayai Tuhan ketika kesembuhan butuh waktu","3","A short three-day devotional for those in a slow, uncertain recovery — when healing is happening, but not as fast or as fully as hoped. These reflections speak to the particular weariness of the in-between: still unwell, still waiting, still trusting God one day at a time, with fresh strength promised for however long the road ahead turns out to be.","Renungan singkat tiga hari bagi mereka yang sedang menjalani masa pemulihan yang lambat dan tidak pasti — ketika kesembuhan sedang terjadi, namun tidak secepat atau selengkap yang diharapkan. Renungan ini berbicara kepada kelelahan khas masa peralihan itu: masih belum pulih sepenuhnya, masih menanti, masih mempercayai Tuhan satu hari demi satu hari, dengan kekuatan baru yang dijanjikan untuk sepanjang apa pun jalan ke depan nantinya.","A bold linocut-style illustration in portrait orientation, aspect ratio 3:4. The composition shows a lone figure walking slowly along a winding path that leads uphill toward a rising sun, one hand resting on a simple wooden walking stick, rendered in the thick confident lines and flat carved-texture shading characteristic of linocut printmaking. The palette is limited and graphic: deep indigo-blue for the path and figure, warm terracotta-orange for the rising sun and sky, and a soft cream-white background paper tone, with visible carved grain texture throughout. The mood is quiet determination rather than urgency — the figure's posture is calm, unhurried, steady. All lettering is grouped together at the very top of the composition for maximum legibility, stacked on a soft solid-color band or gentle scrim so it stays readable against the artwork behind it: the title ""Held Through the Long Recovery"" first, largest, in a bold carved woodblock-style display letterform; directly beneath it the smaller subtitle ""Trusting God when healing takes time""; and directly beneath the subtitle a compact rounded pill reading ""3 DAYS"" in bold small caps. Nothing else overlaps the illustration below. Mood: Quiet endurance · anyone in a slow or uncertain recovery.","","3","Good, Even When It's Slow","Baik, Sekalipun Berjalan Lambat","One of the hardest questions in a slow recovery is whether any of it means something — whether the physical therapy sessions, the plateaus, the setbacks, and the small hard-won gains are somehow being woven into something purposeful, or whether they are simply time passing without meaning. Paul's words to the Romans offer one of Scripture's boldest claims in response: 'And we know that in all things God works for the good of those who love him, who have been called according to his purpose.'

This verse does not claim that illness or a slow recovery is good in itself — it claims something more specific and more durable: that God is actively working, in all things, including this long and uneven road, toward good. Not necessarily the good we would have chosen, or on the timeline we would have picked, but a good shaped by a purpose bigger than what we can currently see from inside the recovery itself.

This is not a promise to be handed to someone else glibly in the middle of their pain, but it is a promise you are invited to hold quietly for yourself as you keep walking this road. The slowness is not proof that God has stopped working. The plateaus are not evidence that your recovery has been abandoned. He is present in the waiting itself, weaving purpose into places you may not be able to see clearly until much later, if ever fully in this life.

As you close this short devotional, carry this forward: your recovery, however long it takes, is not happening outside of God's care or purpose. He is working in it — in the frustrating plateaus, in the small victories, in the long middle of the story — for a good that is being formed even now, one slow day at a time.","Salah satu pertanyaan tersulit dalam pemulihan yang lambat adalah apakah semuanya itu berarti sesuatu — apakah sesi-sesi terapi fisik, masa-masa terhenti, kemunduran, dan kemajuan-kemajuan kecil yang diperjuangkan itu entah bagaimana sedang dirajut menjadi sesuatu yang bertujuan, atau apakah itu hanyalah waktu yang berlalu tanpa makna. Kata-kata Paulus kepada jemaat di Roma menawarkan salah satu pernyataan paling berani dalam Alkitab sebagai jawabannya: 'Kita tahu sekarang, bahwa Allah turut bekerja dalam segala sesuatu untuk mendatangkan kebaikan bagi mereka yang mengasihi Dia, yaitu bagi mereka yang terpanggil sesuai dengan rencana Allah.'

Ayat ini tidak mengklaim bahwa sakit penyakit atau pemulihan yang lambat itu baik dengan sendirinya — ayat ini mengklaim sesuatu yang lebih khusus dan lebih tahan lama: bahwa Tuhan sedang aktif bekerja, dalam segala sesuatu, termasuk jalan yang panjang dan tidak rata ini, menuju kebaikan. Bukan tentu saja kebaikan yang akan kita pilih sendiri, atau pada jadwal yang akan kita tentukan sendiri, melainkan kebaikan yang dibentuk oleh rencana yang lebih besar daripada apa yang bisa kita lihat sekarang dari dalam masa pemulihan itu sendiri.

Ini bukan janji yang bisa disampaikan begitu saja kepada orang lain di tengah rasa sakit mereka, tetapi ini adalah janji yang kamu diundang untuk pegang diam-diam bagi dirimu sendiri saat kamu terus menjalani jalan ini. Kelambatan itu bukan bukti bahwa Tuhan telah berhenti bekerja. Masa-masa terhenti itu bukan bukti bahwa pemulihanmu telah ditinggalkan. Ia hadir di dalam penantian itu sendiri, merajut rencana ke dalam tempat-tempat yang mungkin belum bisa kamu lihat dengan jelas hingga jauh kemudian, atau bahkan mungkin belum sepenuhnya dalam kehidupan ini.

Saat kamu menutup renungan singkat ini, bawalah ini terus: pemulihanmu, sepanjang apa pun waktu yang dibutuhkan, tidak sedang terjadi di luar perhatian dan rencana Tuhan. Ia sedang bekerja di dalamnya — dalam masa-masa terhenti yang membuat frustrasi, dalam kemenangan-kemenangan kecil, dalam bagian tengah kisah yang panjang ini — demi kebaikan yang sedang dibentuk bahkan sekarang, satu hari yang lambat pada satu waktu.","Romans 8:28 | And we know that in all things God works for the good of those who love him, who have been called according to his purpose.","Roma 8:28 | Kita tahu sekarang, bahwa Allah turut bekerja dalam segala sesuatu untuk mendatangkan kebaikan bagi mereka yang mengasihi Dia, yaitu bagi mereka yang terpanggil sesuai dengan rencana Allah.","Can you trust, even without seeing the full picture, that God is working good into this slow season of recovery?","Dapatkah kamu percaya, bahkan tanpa melihat gambaran penuhnya, bahwa Tuhan sedang mendatangkan kebaikan dalam masa pemulihan yang lambat ini?","Lord, I don't fully understand why this recovery is so slow, but I trust that You are at work in it. Shape something good out of this long road, and give me patience to keep walking it with You. Amen.","Tuhan, aku tidak sepenuhnya mengerti mengapa pemulihan ini begitu lambat, namun aku percaya Engkau sedang bekerja di dalamnya. Bentuklah sesuatu yang baik dari jalan panjang ini, dan berikanlah aku kesabaran untuk terus menjalaninya bersama-Mu. Amin."
"Healing","Pemulihan","Restoring a Weary Spirit","Memulihkan Jiwa yang Lelah","Come Away and Rest","Datanglah dan Beristirahatlah","A 5-day path out of burnout for the overworked and overcommitted","5 hari keluar dari kelelahan bagi yang terlalu banyak bekerja","5","For anyone running on empty from too many commitments and too little rest, this five-day plan walks slowly through Jesus's invitation to the weary, God's design of rest into creation itself, and the quiet permission we so often need to simply stop, breathe, and be filled again before we pour out any more.","Bagi siapa pun yang berjalan dengan tangki kosong karena terlalu banyak tanggung jawab dan terlalu sedikit istirahat, rencana lima hari ini menelusuri perlahan undangan Yesus bagi yang lelah, rancangan istirahat yang Allah tanamkan sejak penciptaan, dan izin yang sering kita butuhkan untuk berhenti sejenak, bernapas, dan diisi kembali sebelum terus mencurahkan diri.","A gentle gouache illustration in a soft painterly style: a single wooden chair sits empty in a sunlit meadow beside a slow-flowing stream, a worn pair of work gloves and a closed notebook resting on its seat, tall grass bending gently in a breeze, warm late-afternoon light filtering through loose brushstrokes of wheat-gold, sage-green, and dusty rose, with a pale cream sky softened by faint clouds. The mood is unhurried and tender, like exhaling after a long day. Palette: wheat gold, sage green, dusty rose, cream white, soft brown. All lettering is grouped together at the very top of the composition for maximum legibility, stacked on a soft solid-color band or gentle scrim so it stays readable against the artwork behind it: the title ""Come Away and Rest"" first, largest, in a warm hand-lettered serif script; directly beneath it the smaller subtitle ""A 5-day path out of burnout for the overworked and overcommitted""; and directly beneath the subtitle a compact rounded pill reading ""5 DAYS"" in bold small caps. Nothing else overlaps the illustration below. Mood: unhurried, tender, quietly restorative.","","1","The Weight We Carry Alone","Beban yang Kita Pikul Sendiri","There is a particular kind of tired that sleep does not fix. It is the tiredness that settles into the shoulders after months of saying yes, of showing up early and leaving late, of carrying other people's needs alongside our own until we can no longer tell where their weight ends and ours begins. Many of us wear this exhaustion quietly, almost proudly, as though it were proof of our worth. We tell ourselves that rest is for later, for when the project is finished, for when the season calms down. But the season rarely calms down on its own.

Jesus spoke directly into this kind of weariness. He did not say, come to me once you have finished everything, or come to me when you deserve a break. He said, come to me, all who are weary and burdened, and I will give you rest. The invitation is not a reward for the strong; it is a gift for the tired. It assumes we will arrive depleted, carrying loads that were never meant to be carried alone, and it meets us exactly there, without a checklist to complete first.

It is worth noticing what Jesus offers instead of simply removing the work: a yoke, but an easy one, carried alongside him. He does not promise a life with nothing to do. He promises companionship in the doing, a pace that is sustainable rather than crushing, a burden shared rather than shouldered alone. Burnout so often grows in isolation, in the quiet conviction that everything depends on us. The first step toward healing is remembering that it never did.

Today, before anything else gets added to the list, pause and notice how tired you actually are. Not the tiredness you have learned to perform for others, but the real weight underneath it. Bring that honestly to Jesus. He is not surprised by it, and he is not waiting for you to earn the right to set it down.","Ada jenis lelah tertentu yang tidak bisa disembuhkan oleh tidur. Itulah lelah yang mengendap di bahu setelah berbulan-bulan selalu berkata ya, datang lebih awal dan pulang lebih larut, memikul kebutuhan orang lain bersama kebutuhan diri sendiri sampai kita tidak lagi bisa membedakan mana beban mereka dan mana beban kita. Banyak dari kita memakai kelelahan ini secara diam-diam, bahkan hampir dengan bangga, seolah itu bukti bahwa kita berharga. Kita berkata pada diri sendiri bahwa istirahat bisa menunggu, nanti, saat proyek selesai, saat musim ini mereda. Namun musim itu jarang mereda dengan sendirinya.

Yesus berbicara langsung kepada kelelahan semacam ini. Ia tidak berkata, datanglah kepada-Ku setelah kamu menyelesaikan semuanya, atau datanglah kepada-Ku saat kamu layak beristirahat. Ia berkata, marilah kepada-Ku, semua yang letih lesu dan berbeban berat, dan Aku akan memberi kelegaan kepadamu. Undangan ini bukan hadiah bagi yang kuat; ini pemberian bagi yang lelah. Undangan ini justru mengandaikan kita akan datang dalam keadaan terkuras, memikul beban yang sejak awal tidak pernah dirancang untuk dipikul sendirian, dan Ia menjumpai kita tepat di titik itu, tanpa daftar syarat yang harus dipenuhi lebih dulu.

Perlu diperhatikan apa yang Yesus tawarkan, bukan sekadar menghapus pekerjaan itu: sebuah kuk, tetapi yang enak, dipikul bersama Dia. Ia tidak menjanjikan hidup tanpa apa pun untuk dikerjakan. Ia menjanjikan kebersamaan dalam mengerjakannya, langkah yang bisa dijalani terus-menerus dan bukan yang meremukkan, beban yang dibagi dan bukan dipikul sendiri. Kelelahan yang mendalam sering tumbuh dalam kesendirian, dalam keyakinan diam-diam bahwa segalanya bergantung pada kita. Langkah pertama menuju pemulihan adalah mengingat bahwa itu tidak pernah benar.

Hari ini, sebelum hal lain ditambahkan ke daftar, berhentilah sejenak dan sadari sebenarnya seberapa lelah dirimu. Bukan kelelahan yang selama ini kamu tunjukkan bagi orang lain, tetapi beban sesungguhnya di baliknya. Bawalah itu dengan jujur kepada Yesus. Ia tidak terkejut dengan beban itu, dan Ia tidak menunggu kamu layak lebih dulu untuk meletakkannya.","Matthew 11:28-30 | Come to me, all you who are weary and burdened, and I will give you rest. Take my yoke upon you and learn from me, for I am gentle and humble in heart, and you will find rest for your souls. For my yoke is easy and my burden is light.","Matius 11:28-30 | Marilah kepada-Ku, semua yang letih lesu dan berbeban berat, Aku akan memberi kelegaan kepadamu. Pikullah kuk yang Kupasang dan belajarlah pada-Ku, karena Aku lemah lembut dan rendah hati, dan jiwamu akan mendapat ketenangan. Sebab kuk yang Kupasang itu enak dan beban-Ku pun ringan.","Where in your life have you been carrying a load Jesus never asked you to carry alone?","Di bagian hidupmu yang mana kamu memikul beban yang sebenarnya tidak pernah Yesus minta untuk kamu pikul sendirian?","Lord Jesus, I am tired in ways I have not fully admitted, even to myself. Thank you for inviting the weary, not the perfect. Teach me to walk at your pace and to let you carry what was always too heavy for me alone. Amen.","Tuhan Yesus, aku lelah dengan cara yang belum sepenuhnya kuakui, bahkan kepada diriku sendiri. Terima kasih karena Engkau mengundang yang letih lesu, bukan yang sempurna. Ajar aku berjalan seirama dengan-Mu dan membiarkan-Mu memikul apa yang sejak awal terlalu berat bagiku sendiri. Amin."
"Healing","Pemulihan","Restoring a Weary Spirit","Memulihkan Jiwa yang Lelah","Come Away and Rest","Datanglah dan Beristirahatlah","A 5-day path out of burnout for the overworked and overcommitted","5 hari keluar dari kelelahan bagi yang terlalu banyak bekerja","5","For anyone running on empty from too many commitments and too little rest, this five-day plan walks slowly through Jesus's invitation to the weary, God's design of rest into creation itself, and the quiet permission we so often need to simply stop, breathe, and be filled again before we pour out any more.","Bagi siapa pun yang berjalan dengan tangki kosong karena terlalu banyak tanggung jawab dan terlalu sedikit istirahat, rencana lima hari ini menelusuri perlahan undangan Yesus bagi yang lelah, rancangan istirahat yang Allah tanamkan sejak penciptaan, dan izin yang sering kita butuhkan untuk berhenti sejenak, bernapas, dan diisi kembali sebelum terus mencurahkan diri.","A gentle gouache illustration in a soft painterly style: a single wooden chair sits empty in a sunlit meadow beside a slow-flowing stream, a worn pair of work gloves and a closed notebook resting on its seat, tall grass bending gently in a breeze, warm late-afternoon light filtering through loose brushstrokes of wheat-gold, sage-green, and dusty rose, with a pale cream sky softened by faint clouds. The mood is unhurried and tender, like exhaling after a long day. Palette: wheat gold, sage green, dusty rose, cream white, soft brown. All lettering is grouped together at the very top of the composition for maximum legibility, stacked on a soft solid-color band or gentle scrim so it stays readable against the artwork behind it: the title ""Come Away and Rest"" first, largest, in a warm hand-lettered serif script; directly beneath it the smaller subtitle ""A 5-day path out of burnout for the overworked and overcommitted""; and directly beneath the subtitle a compact rounded pill reading ""5 DAYS"" in bold small caps. Nothing else overlaps the illustration below. Mood: unhurried, tender, quietly restorative.","","2","Rest Was Never the Reward","Istirahat Bukanlah Hadiah","Somewhere along the way, many of us absorbed the idea that rest must be earned. We finish the task, then we rest. We meet the deadline, then we rest. We prove our usefulness, then, maybe, we allow ourselves to slow down. But this is not how rest was designed into the world. Before there was a single task to complete, before humanity had done anything at all to deserve it, God rested on the seventh day and called it holy. Rest was written into the rhythm of creation before productivity ever entered the picture.

This matters because burnout often grows out of a quiet, mistaken theology: the belief that our value is tied to our output, and that stopping is a kind of failure. If we believe that, we will never find a natural place to stop, because there is always more that could be done. But if rest is not a reward for finishing, it is simply part of how we were made, then permission to rest does not depend on our productivity at all. It depends only on the fact that God built rest into the pattern of every week.

Consider too the manna in the wilderness. God provided exactly enough for each day, and on the sixth day, enough for two, so that the people would not have to gather on the Sabbath. God was not indifferent to their need to work; he built provision around their need to rest. He trusted that the world would not collapse if his people stopped for a day. That same trust is offered to us. The emails will still be there tomorrow. The tasks will wait. God is not asking us to abandon our responsibilities, only to trust that he can hold things while we rest.

If part of your burnout comes from believing you must earn the right to stop, let today loosen that grip a little. Rest is not the prize at the end of exhaustion. It is the gift woven into every week, offered freely, whether or not you feel you have done enough to deserve it.","Entah bagaimana, banyak dari kita menyerap gagasan bahwa istirahat harus diperjuangkan lebih dulu. Kita selesaikan tugas, baru kita boleh istirahat. Kita penuhi tenggat waktu, baru kita boleh istirahat. Kita buktikan dulu kegunaan kita, baru, mungkin, kita mengizinkan diri melambat. Namun bukan begitu cara istirahat dirancang di dalam dunia ini. Sebelum ada satu pun tugas untuk diselesaikan, sebelum manusia berbuat apa pun untuk layak menerimanya, Allah beristirahat pada hari ketujuh dan menyebutnya kudus. Istirahat sudah tertanam dalam irama penciptaan jauh sebelum produktivitas masuk ke dalam gambaran itu.

Ini penting karena kelelahan yang mendalam sering tumbuh dari sebuah teologi keliru yang diam-diam kita percayai: keyakinan bahwa nilai diri kita terikat pada hasil kerja kita, dan bahwa berhenti adalah semacam kegagalan. Jika kita percaya itu, kita tidak akan pernah menemukan titik alami untuk berhenti, karena selalu ada lagi yang bisa dikerjakan. Tetapi jika istirahat bukan hadiah karena telah menyelesaikan sesuatu, melainkan sekadar bagian dari cara kita diciptakan, maka izin untuk beristirahat sama sekali tidak bergantung pada produktivitas kita. Izin itu bergantung hanya pada fakta bahwa Allah menanamkan istirahat ke dalam pola setiap minggu.

Perhatikan juga manna di padang gurun. Allah menyediakan tepat cukup untuk setiap hari, dan pada hari keenam, cukup untuk dua hari, agar umat-Nya tidak perlu mengumpulkan manna pada hari Sabat. Allah tidak acuh terhadap kebutuhan mereka untuk bekerja; Ia merancang penyediaan itu di sekitar kebutuhan mereka untuk beristirahat. Ia memercayakan bahwa dunia tidak akan runtuh jika umat-Nya berhenti selama sehari. Kepercayaan yang sama ditawarkan kepada kita. Surel-surel itu masih akan ada besok. Tugas-tugas itu bisa menunggu. Allah tidak meminta kita meninggalkan tanggung jawab kita, hanya memercayakan bahwa Ia sanggup menjaga segalanya selagi kita beristirahat.

Jika sebagian dari kelelahanmu berasal dari keyakinan bahwa kamu harus memperjuangkan hak untuk berhenti, biarlah hari ini melonggarkan cengkeraman itu sedikit. Istirahat bukanlah hadiah di ujung keletihan. Istirahat adalah pemberian yang dijalin ke dalam setiap minggu, diberikan dengan cuma-cuma, entah kamu merasa sudah cukup layak menerimanya atau belum.","Exodus 33:14 | The Lord replied, ""My Presence will go with you, and I will give you rest.""","Keluaran 33:14 | Lalu firman-Nya: ""Aku sendiri hendak membimbing engkau dan memberikan ketenteraman kepadamu.""","What would change if you believed rest was already yours to receive, rather than something you must first deserve?","Apa yang akan berubah jika kamu percaya bahwa istirahat sudah menjadi milikmu untuk diterima, bukan sesuatu yang harus kamu layak dapatkan lebih dulu?","Father, forgive me for treating rest as a reward instead of a gift. Help me trust that you can hold what I set down. Give me the courage to stop today, not because I have earned it, but because you have offered it. Amen.","Bapa, ampuni aku karena memperlakukan istirahat sebagai hadiah dan bukan pemberian cuma-cuma. Tolong aku memercayai bahwa Engkau sanggup menjaga apa yang kuletakkan. Berikan aku keberanian untuk berhenti hari ini, bukan karena aku telah pantas mendapatkannya, melainkan karena Engkau telah menawarkannya. Amin."
"Healing","Pemulihan","Restoring a Weary Spirit","Memulihkan Jiwa yang Lelah","Come Away and Rest","Datanglah dan Beristirahatlah","A 5-day path out of burnout for the overworked and overcommitted","5 hari keluar dari kelelahan bagi yang terlalu banyak bekerja","5","For anyone running on empty from too many commitments and too little rest, this five-day plan walks slowly through Jesus's invitation to the weary, God's design of rest into creation itself, and the quiet permission we so often need to simply stop, breathe, and be filled again before we pour out any more.","Bagi siapa pun yang berjalan dengan tangki kosong karena terlalu banyak tanggung jawab dan terlalu sedikit istirahat, rencana lima hari ini menelusuri perlahan undangan Yesus bagi yang lelah, rancangan istirahat yang Allah tanamkan sejak penciptaan, dan izin yang sering kita butuhkan untuk berhenti sejenak, bernapas, dan diisi kembali sebelum terus mencurahkan diri.","A gentle gouache illustration in a soft painterly style: a single wooden chair sits empty in a sunlit meadow beside a slow-flowing stream, a worn pair of work gloves and a closed notebook resting on its seat, tall grass bending gently in a breeze, warm late-afternoon light filtering through loose brushstrokes of wheat-gold, sage-green, and dusty rose, with a pale cream sky softened by faint clouds. The mood is unhurried and tender, like exhaling after a long day. Palette: wheat gold, sage green, dusty rose, cream white, soft brown. All lettering is grouped together at the very top of the composition for maximum legibility, stacked on a soft solid-color band or gentle scrim so it stays readable against the artwork behind it: the title ""Come Away and Rest"" first, largest, in a warm hand-lettered serif script; directly beneath it the smaller subtitle ""A 5-day path out of burnout for the overworked and overcommitted""; and directly beneath the subtitle a compact rounded pill reading ""5 DAYS"" in bold small caps. Nothing else overlaps the illustration below. Mood: unhurried, tender, quietly restorative.","","3","The Cost of Sleeping Too Little","Harga dari Terlalu Sedikit Tidur","There is a verse in the Psalms that sounds almost like a rebuke to our modern hustle: in vain you rise early and stay up late, toiling for food to eat, for he grants sleep to those he loves. It is easy to read this as a criticism of hard work itself, but that misses the point. The psalm is not condemning labor; it is naming the futility of labor that has become anxious, frantic, and self-reliant, as if our own effort alone secures our future. Sleep, in this verse, is not laziness. It is trust made visible in the body.

Overcommitment often has fear underneath it. Fear that if we say no, we will disappoint someone. Fear that if we stop, things will fall apart without us. Fear that our worth is measured by how much we produce. That fear keeps us rising early and staying up late long after our bodies have asked us to stop. We treat sleep as optional, almost as an inconvenience, when in truth it is one of the most basic ways we practice dependence on God rather than on ourselves.

Think about what it means to actually sleep well. It requires letting go of control for several hours. It requires believing the world will keep turning without our supervision. Every night of good sleep is, in a small way, an act of faith. This is perhaps why scripture ties sleep so closely to God's love for us here. He grants sleep to those he loves, not because sleep is earned through righteousness, but because rest itself is a form of care he wants to give.

If your calendar has been squeezing out sleep in the name of getting more done, consider what that pattern is really saying about where you have placed your trust. Tonight, let going to bed at a reasonable hour be a small prayer in itself, an acknowledgment that you are not the one holding the world together.","Ada sebuah ayat dalam Mazmur yang terdengar hampir seperti teguran bagi gaya hidup sibuk kita masa kini: sia-sialah kamu bangun pagi-pagi dan duduk hingga larut malam, dan makan roti hasil jerih lelahmu, karena Ia memberikannya kepada yang dikasihi-Nya pada waktu tidur. Mudah membaca ini sebagai kritik terhadap kerja keras itu sendiri, tetapi itu keliru menangkap maksudnya. Mazmur ini tidak mengutuk kerja; ia menyebut kesia-siaan kerja yang telah berubah menjadi cemas, tergesa-gesa, dan mengandalkan diri sendiri, seolah usaha kita sendiri saja yang menjamin masa depan kita. Tidur, dalam ayat ini, bukanlah kemalasan. Tidur adalah kepercayaan yang menjadi nyata dalam tubuh.

Terlalu banyak tanggung jawab sering berakar pada ketakutan di baliknya. Takut bahwa jika kita menolak, kita akan mengecewakan seseorang. Takut bahwa jika kita berhenti, segalanya akan runtuh tanpa kita. Takut bahwa nilai diri kita diukur dari seberapa banyak yang kita hasilkan. Ketakutan itu membuat kita terus bangun pagi-pagi dan duduk hingga larut malam jauh setelah tubuh kita memohon untuk berhenti. Kita memperlakukan tidur sebagai pilihan, hampir seperti gangguan, padahal sebenarnya tidur adalah salah satu cara paling mendasar kita berlatih bergantung kepada Allah, bukan kepada diri sendiri.

Pikirkan apa artinya benar-benar tidur dengan baik. Itu membutuhkan pelepasan kendali selama beberapa jam. Itu membutuhkan keyakinan bahwa dunia akan terus berputar tanpa pengawasan kita. Setiap malam tidur yang baik adalah, dalam cara kecil, sebuah tindakan iman. Mungkin karena itulah Kitab Suci mengaitkan tidur begitu erat dengan kasih Allah bagi kita di sini. Ia memberikan tidur kepada yang dikasihi-Nya, bukan karena tidur diperoleh lewat kebenaran diri, melainkan karena istirahat itu sendiri adalah bentuk perhatian yang ingin Ia berikan.

Jika jadwalmu selama ini menggerus waktu tidur demi menyelesaikan lebih banyak, pertimbangkan apa sebenarnya yang dikatakan pola itu tentang di mana kamu menaruh kepercayaanmu. Malam ini, biarlah tidur pada jam yang wajar menjadi doa kecil tersendiri, sebuah pengakuan bahwa bukan kamu yang menopang dunia ini.","Psalm 127:2 | In vain you rise early and stay up late, toiling for food to eat—for he grants sleep to those he loves.","Mazmur 127:2 | Sia-sialah kamu bangun pagi-pagi dan duduk-duduk sampai jauh malam, dan makan roti yang diperoleh dengan susah payah, karena Ia memberikannya kepada yang dicintai-Nya pada waktu tidur.","What fear might be keeping you from the rest your body is asking for?","Ketakutan apa yang mungkin membuatmu enggan memberi tubuhmu istirahat yang sedang dimintanya?","Lord, I confess how often I have treated sleep and rest as optional, as if everything depended on my staying awake and in control. Teach me to trust you enough to close my eyes and let go tonight. Amen.","Tuhan, aku mengakui betapa sering aku memperlakukan tidur dan istirahat sebagai hal yang bisa ditunda, seolah segalanya bergantung pada aku yang terus terjaga dan mengendalikan. Ajar aku memercayai-Mu cukup untuk memejamkan mata dan melepaskan malam ini. Amin."
"Healing","Pemulihan","Restoring a Weary Spirit","Memulihkan Jiwa yang Lelah","Come Away and Rest","Datanglah dan Beristirahatlah","A 5-day path out of burnout for the overworked and overcommitted","5 hari keluar dari kelelahan bagi yang terlalu banyak bekerja","5","For anyone running on empty from too many commitments and too little rest, this five-day plan walks slowly through Jesus's invitation to the weary, God's design of rest into creation itself, and the quiet permission we so often need to simply stop, breathe, and be filled again before we pour out any more.","Bagi siapa pun yang berjalan dengan tangki kosong karena terlalu banyak tanggung jawab dan terlalu sedikit istirahat, rencana lima hari ini menelusuri perlahan undangan Yesus bagi yang lelah, rancangan istirahat yang Allah tanamkan sejak penciptaan, dan izin yang sering kita butuhkan untuk berhenti sejenak, bernapas, dan diisi kembali sebelum terus mencurahkan diri.","A gentle gouache illustration in a soft painterly style: a single wooden chair sits empty in a sunlit meadow beside a slow-flowing stream, a worn pair of work gloves and a closed notebook resting on its seat, tall grass bending gently in a breeze, warm late-afternoon light filtering through loose brushstrokes of wheat-gold, sage-green, and dusty rose, with a pale cream sky softened by faint clouds. The mood is unhurried and tender, like exhaling after a long day. Palette: wheat gold, sage green, dusty rose, cream white, soft brown. All lettering is grouped together at the very top of the composition for maximum legibility, stacked on a soft solid-color band or gentle scrim so it stays readable against the artwork behind it: the title ""Come Away and Rest"" first, largest, in a warm hand-lettered serif script; directly beneath it the smaller subtitle ""A 5-day path out of burnout for the overworked and overcommitted""; and directly beneath the subtitle a compact rounded pill reading ""5 DAYS"" in bold small caps. Nothing else overlaps the illustration below. Mood: unhurried, tender, quietly restorative.","","4","Even the Disciples Needed a Boat","Bahkan Para Murid Membutuhkan Perahu","There is a small, easily missed moment in the Gospel of Mark where the apostles return from a demanding season of ministry, full of stories about all they had done and taught, and Jesus's response is not to hand them more work. It is to say, come with me by yourselves to a quiet place and get some rest. The text even adds a detail that feels familiar to anyone who has worked in ministry, in caregiving, or in any calling that involves people: so many were coming and going that they did not even have a chance to eat.

If anyone had a reason to keep pushing through exhaustion, it was the apostles in that moment. The needs around them were real and urgent. People were hungry for teaching, for healing, for attention. And yet Jesus, who had every authority to say the work matters more than your rest, said the opposite. He pulled them away. He protected their capacity to keep serving by insisting, first, that they stop.

This is instructive for anyone who feels that stepping back from responsibility is somehow a betrayal of the people who depend on them. The apostles' ministry did not end because they rested; it continued, sustainably, because they did. Jesus modeled a rhythm of engagement and withdrawal, of pouring out and then being filled again, because he understood something we often forget: a person who never refills eventually has nothing left to give.

You may not have a literal boat to escape in today, but you likely have a version of it: a closed door, a walk without your phone, an hour set aside where nothing is required of you. Consider that choosing this is not selfish or lazy. It is what Jesus himself directed his most devoted followers to do, precisely because the work mattered enough to protect the people doing it.","Ada momen kecil yang mudah terlewat dalam Injil Markus, ketika para rasul kembali dari masa pelayanan yang berat, penuh cerita tentang segala yang telah mereka lakukan dan ajarkan, dan tanggapan Yesus bukanlah memberi mereka lebih banyak pekerjaan. Ia berkata, marilah ke tempat yang sunyi, supaya kita sendirian, dan beristirahatlah seketika. Teks itu bahkan menambahkan detail yang terasa akrab bagi siapa pun yang pernah bekerja dalam pelayanan, dalam merawat orang lain, atau dalam panggilan apa pun yang melibatkan banyak orang: begitu banyak orang yang datang dan pergi sehingga makan pun mereka tidak sempat.

Jika ada yang punya alasan untuk terus memaksakan diri melewati kelelahan, itu adalah para rasul pada momen itu. Kebutuhan di sekeliling mereka nyata dan mendesak. Orang-orang haus akan pengajaran, kesembuhan, perhatian. Namun Yesus, yang punya otoritas penuh untuk berkata bahwa pekerjaan lebih penting daripada istirahatmu, justru berkata sebaliknya. Ia menarik mereka menjauh. Ia menjaga kapasitas mereka untuk terus melayani dengan lebih dahulu mendesak mereka untuk berhenti.

Ini menjadi pelajaran bagi siapa pun yang merasa bahwa mundur sejenak dari tanggung jawab entah bagaimana adalah pengkhianatan terhadap orang-orang yang bergantung padanya. Pelayanan para rasul tidak berakhir karena mereka beristirahat; pelayanan itu berlanjut, secara berkelanjutan, justru karena mereka beristirahat. Yesus memberi teladan sebuah irama keterlibatan dan penarikan diri, mencurahkan diri lalu diisi kembali, karena Ia memahami sesuatu yang sering kita lupakan: seseorang yang tidak pernah diisi ulang pada akhirnya tidak punya apa-apa lagi untuk diberikan.

Kamu mungkin tidak punya perahu sungguhan untuk melarikan diri hari ini, tetapi kamu mungkin punya versinya: pintu yang tertutup, jalan kaki tanpa ponsel, satu jam yang disisihkan di mana tidak ada tuntutan apa pun. Pertimbangkan bahwa memilih ini bukanlah egois atau malas. Ini adalah apa yang Yesus sendiri arahkan kepada para pengikut-Nya yang paling setia untuk lakukan, justru karena pekerjaan itu cukup penting untuk melindungi orang-orang yang mengerjakannya.","Mark 6:31 | Then, because so many people were coming and going that they did not even have a chance to eat, he said to them, ""Come with me by yourselves to a quiet place and get some rest.""","Markus 6:31 | Lalu Ia berkata kepada mereka: ""Marilah ke tempat yang sunyi, supaya kita sendirian, dan beristirahatlah seketika!"" Sebab memang begitu banyaknya orang yang datang dan yang pergi, sehingga makanpun mereka tidak sempat.","What would it look like this week to protect an hour of genuine rest the way Jesus protected it for his exhausted disciples?","Seperti apa rupanya jika minggu ini kamu melindungi satu jam istirahat yang sungguh, sebagaimana Yesus melindunginya bagi murid-murid-Nya yang letih?","Jesus, thank you for pulling your tired friends away to rest, even when the crowds still needed them. Give me the same permission today. Show me the quiet place you are calling me to, and help me actually go there. Amen.","Yesus, terima kasih karena Engkau menarik sahabat-sahabat-Mu yang lelah untuk beristirahat, bahkan ketika orang banyak masih membutuhkan mereka. Berikan aku izin yang sama hari ini. Tunjukkan tempat sunyi yang Engkau panggil aku untuk pergi, dan tolong aku benar-benar pergi ke sana. Amin."
"Healing","Pemulihan","Restoring a Weary Spirit","Memulihkan Jiwa yang Lelah","Come Away and Rest","Datanglah dan Beristirahatlah","A 5-day path out of burnout for the overworked and overcommitted","5 hari keluar dari kelelahan bagi yang terlalu banyak bekerja","5","For anyone running on empty from too many commitments and too little rest, this five-day plan walks slowly through Jesus's invitation to the weary, God's design of rest into creation itself, and the quiet permission we so often need to simply stop, breathe, and be filled again before we pour out any more.","Bagi siapa pun yang berjalan dengan tangki kosong karena terlalu banyak tanggung jawab dan terlalu sedikit istirahat, rencana lima hari ini menelusuri perlahan undangan Yesus bagi yang lelah, rancangan istirahat yang Allah tanamkan sejak penciptaan, dan izin yang sering kita butuhkan untuk berhenti sejenak, bernapas, dan diisi kembali sebelum terus mencurahkan diri.","A gentle gouache illustration in a soft painterly style: a single wooden chair sits empty in a sunlit meadow beside a slow-flowing stream, a worn pair of work gloves and a closed notebook resting on its seat, tall grass bending gently in a breeze, warm late-afternoon light filtering through loose brushstrokes of wheat-gold, sage-green, and dusty rose, with a pale cream sky softened by faint clouds. The mood is unhurried and tender, like exhaling after a long day. Palette: wheat gold, sage green, dusty rose, cream white, soft brown. All lettering is grouped together at the very top of the composition for maximum legibility, stacked on a soft solid-color band or gentle scrim so it stays readable against the artwork behind it: the title ""Come Away and Rest"" first, largest, in a warm hand-lettered serif script; directly beneath it the smaller subtitle ""A 5-day path out of burnout for the overworked and overcommitted""; and directly beneath the subtitle a compact rounded pill reading ""5 DAYS"" in bold small caps. Nothing else overlaps the illustration below. Mood: unhurried, tender, quietly restorative.","","5","Strength That Is Renewed","Kekuatan yang Diperbarui","By the end of a burnout season, it can feel as though our strength has simply run out, like a well gone dry that no amount of effort can refill. Isaiah speaks to exactly this condition. Even the young grow tired and weary, even the strong stumble and fall, he writes, naming plainly that human strength has a limit no one escapes, no matter how capable or driven they are. And then comes the turn: but those who hope in the Lord will renew their strength.

The word renew is worth sitting with. It does not mean simply enduring on fumes, gritting our teeth until we somehow make it through. It means an actual replenishing, a strength that comes from outside ourselves because our own has been spent. The image that follows is of soaring on wings like eagles, running without growing weary, walking without fainting, a whole range of paces because renewal is not only for the dramatic moments. It is for the long, ordinary walk too.

This promise is tied directly to hope, to waiting on the Lord rather than white-knuckling through on willpower alone. That is a hard thing to practice in a culture that prizes self-sufficiency, but it is precisely the posture burnout requires. We cannot manufacture renewed strength by trying harder. We receive it by turning toward the one who does not grow tired, and letting our own striving quiet down enough to notice him.

As this five-day plan closes, take stock honestly. You may still be tired. That is all right. The promise is not that exhaustion disappears overnight, but that as you keep turning toward God, your strength will be renewed, not once, but again and again, for as many seasons as you need it.","Menjelang akhir masa kelelahan yang berat, rasanya seolah kekuatan kita sudah benar-benar habis, seperti sumur yang kering dan tak bisa diisi lagi seberapa pun usaha dicurahkan. Yesaya berbicara tepat pada kondisi ini. Orang-orang muda menjadi lelah dan lesu, teruna-teruna jatuh tersandung, tulisnya, menyebut dengan jelas bahwa kekuatan manusia punya batas yang tak bisa dihindari siapa pun, sekuat atau segigih apa pun orang itu. Lalu datanglah baliknya: tetapi orang-orang yang menanti-nantikan TUHAN mendapat kekuatan baru.

Kata diperbarui layak direnungkan. Itu bukan sekadar bertahan dengan sisa-sisa tenaga, menggeretakkan gigi sampai entah bagaimana berhasil melewatinya. Itu berarti pengisian yang sesungguhnya, kekuatan yang datang dari luar diri kita karena kekuatan kita sendiri sudah habis terpakai. Gambaran yang menyusul adalah naik terbang dengan kekuatan seperti burung rajawali, berlari dan tidak menjadi lesu, berjalan dan tidak menjadi lelah, berbagai kecepatan karena pembaruan bukan hanya untuk momen-momen dramatis. Pembaruan itu juga untuk perjalanan yang panjang dan biasa-biasa saja.

Janji ini terkait langsung dengan pengharapan, dengan menanti-nantikan TUHAN dan bukan memaksakan diri hanya dengan kemauan sendiri. Itu sulit dipraktikkan dalam budaya yang menjunjung kemandirian, tetapi justru itulah sikap yang dibutuhkan kelelahan yang mendalam. Kita tidak bisa menciptakan kekuatan baru dengan berusaha lebih keras. Kita menerimanya dengan berpaling kepada Dia yang tidak pernah lesu, dan membiarkan upaya kita sendiri melunak cukup untuk menyadari kehadiran-Nya.

Saat rencana lima hari ini berakhir, periksalah dirimu dengan jujur. Kamu mungkin masih lelah. Tidak apa-apa. Janjinya bukan bahwa kelelahan lenyap dalam semalam, melainkan bahwa selagi kamu terus berpaling kepada Allah, kekuatanmu akan diperbarui, bukan hanya sekali, tetapi berulang kali, untuk sebanyak apa pun musim yang kamu butuhkan.","Isaiah 40:29-31 | He gives strength to the weary and increases the power of the weak. Even youths grow tired and weary, and young men stumble and fall; but those who hope in the Lord will renew their strength. They will soar on wings like eagles; they will run and not grow weary, they will walk and not be faint.","Yesaya 40:29-31 | Dia memberi kekuatan kepada yang lelah dan menambah semangat kepada yang tiada berdaya. Orang-orang muda menjadi lelah dan lesu, dan teruna-teruna jatuh tersandung, tetapi orang-orang yang menanti-nantikan TUHAN mendapat kekuatan baru: mereka seumpama rajawali yang naik terbang dengan kekuatan sayapnya; mereka berlari dan tidak menjadi lesu, mereka berjalan dan tidak menjadi lelah.","In what area of your life do you most need to trade self-reliance for hope in the Lord's renewing strength?","Di area hidupmu yang mana kamu paling membutuhkan untuk menukar kemandirian dengan pengharapan akan kekuatan baru dari TUHAN?","Lord, my own strength has run out more times than I can count. Thank you that you do not grow tired, and that you offer to renew what I cannot manufacture myself. I set my hope in you today, for however long this season lasts. Amen.","Tuhan, kekuatanku sendiri telah habis lebih banyak kali daripada yang bisa kuhitung. Terima kasih karena Engkau tidak pernah lesu, dan karena Engkau menawarkan untuk memperbarui apa yang tak bisa kuciptakan sendiri. Aku menaruh pengharapanku pada-Mu hari ini, selama apa pun musim ini berlangsung. Amin."
"Healing","Pemulihan","Restoring a Weary Spirit","Memulihkan Jiwa yang Lelah","When Hope Feels Thin","Ketika Pengharapan Terasa Tipis","A 3-day companion for the discouraged after repeated setbacks","3 hari menemani hati yang patah semangat setelah berulang kali gagal","3","For the moments when disappointment has piled on disappointment and hope feels almost too fragile to hold, this short three-day plan sits with the honest ache of discouragement, drawing on the prophet Elijah's collapse under the broom tree and the psalmist's own downcast soul, to remind us that God meets us in the low place before he ever asks us to climb out of it.","Untuk saat-saat ketika kekecewaan menumpuk di atas kekecewaan dan pengharapan terasa hampir terlalu rapuh untuk dipegang, rencana singkat tiga hari ini duduk bersama rasa sakit patah semangat yang jujur, mengambil pelajaran dari keruntuhan nabi Elia di bawah pohon arar dan jiwa pemazmur sendiri yang tertekan, untuk mengingatkan kita bahwa Allah menjumpai kita di tempat yang rendah sebelum Ia meminta kita mendaki keluar darinya.","A muted linocut-style print illustration with visible carved texture and bold flat color blocks: a solitary broom tree with sparse, wind-bent branches on a dry hillside at dusk, a small figure seated beneath it with knees drawn up, one hand resting on the ground, and in the far distance a faint sliver of dawn light breaking on the horizon suggesting hope not yet arrived but coming. Palette: charcoal black, burnt umber, dusty terracotta, and a single thin strip of pale gold at the horizon. The mood is heavy, honest, and quietly hopeful. All lettering is grouped together at the very top of the composition for maximum legibility, stacked on a soft solid-color band or gentle scrim so it stays readable against the artwork behind it: the title ""When Hope Feels Thin"" first, largest, in a bold woodcut-style block letterform; directly beneath it the smaller subtitle ""A 3-day companion for the discouraged after repeated setbacks""; and directly beneath the subtitle a compact rounded pill reading ""3 DAYS"" in bold small caps. Nothing else overlaps the illustration below. Mood: honest, heavy-hearted, quietly hopeful.","","1","It Is Enough, Lord","Cukuplah Itu, Tuhan","After one of the greatest victories of his life, the prophet Elijah collapsed. He fled into the wilderness, sat down under a broom tree, and asked God to let him die, saying, I have had enough, Lord. Take my life. It is a startling prayer from a man who had just called down fire from heaven, and it is one of the most honest moments in all of scripture. Elijah was not weak in faith. He was simply, completely spent, worn down by threat after threat, disappointment after disappointment, until he could not see any way forward.

Many of us know this particular exhaustion, the kind that follows not one setback but a string of them. A door closes, and then another. An effort fails, and then the next one does too. At some point, the weight is not any single disappointment but the accumulation of them, and we arrive at our own version of the broom tree, wanting only to stop, to be done, to not have to keep hoping only to be let down again.

What is striking about this story is how God responds to Elijah's collapse. He does not rebuke him for giving up. He does not deliver a pep talk about faith and perseverance. He sends an angel to touch him gently and simply says, get up and eat. Twice. God met Elijah's despair with food and sleep before a single word of correction or instruction. The physical need was tended to first, because God knew that a body this depleted could not receive anything else yet.

If you are in your own version of the wilderness today, notice that God's first response to discouragement is rarely a lecture. It is tenderness. Before he asks anything more of you, he simply wants you fed, rested, and cared for. Let that be permission to receive care today, without shame, exactly as you are.","Setelah salah satu kemenangan terbesar dalam hidupnya, nabi Elia justru runtuh. Ia melarikan diri ke padang gurun, duduk di bawah pohon arar, dan meminta Allah mencabut nyawanya, katanya, cukuplah itu, TUHAN, ambillah nyawaku. Ini doa yang mengejutkan dari seseorang yang baru saja menurunkan api dari langit, dan ini salah satu momen paling jujur dalam seluruh Kitab Suci. Elia bukan lemah imannya. Ia hanya benar-benar habis, terkikis oleh ancaman demi ancaman, kekecewaan demi kekecewaan, sampai ia tidak bisa lagi melihat jalan ke depan.

Banyak dari kita mengenal kelelahan semacam ini, jenis yang muncul bukan dari satu kegagalan tetapi dari serangkaian kegagalan. Satu pintu tertutup, lalu pintu lain juga. Satu usaha gagal, lalu usaha berikutnya juga gagal. Pada suatu titik, beban itu bukan lagi satu kekecewaan tunggal melainkan tumpukan dari semuanya, dan kita sampai pada versi kita sendiri dari pohon arar, hanya ingin berhenti, ingin selesai, tidak ingin terus berharap hanya untuk dikecewakan lagi.

Yang mencolok dari kisah ini adalah bagaimana Allah menanggapi keruntuhan Elia. Ia tidak menegur Elia karena menyerah. Ia tidak memberikan ceramah tentang iman dan ketekunan. Ia mengirim malaikat untuk menyentuhnya dengan lembut dan hanya berkata, bangunlah, makanlah. Dua kali. Allah menjumpai keputusasaan Elia dengan makanan dan tidur sebelum satu kata pun teguran atau instruksi. Kebutuhan fisiknya diperhatikan lebih dulu, karena Allah tahu tubuh yang begitu terkuras belum bisa menerima apa pun yang lain.

Jika hari ini kamu berada dalam versimu sendiri dari padang gurun itu, perhatikan bahwa tanggapan pertama Allah terhadap patah semangat jarang berupa nasihat panjang. Itu adalah kelembutan. Sebelum Ia meminta lebih banyak darimu, Ia hanya ingin kamu diberi makan, diistirahatkan, dan dirawat. Biarlah itu menjadi izin untuk menerima perhatian hari ini, tanpa rasa malu, persis seperti dirimu apa adanya.","1 Kings 19:4-5 | He himself went a day's journey into the wilderness. He came to a broom bush, sat down under it and prayed that he might die. ""I have had enough, Lord,"" he said. ""Take my life..."" Then he lay down under the bush and fell asleep. All at once an angel touched him and said, ""Get up and eat.""","1 Raja-raja 19:4-5 | Ia sendiri masuk ke padang gurun sehari perjalanan jauhnya, lalu duduk di bawah sebuah pohon arar dan meminta supaya ia mati, katanya: ""Cukuplah itu! Sekarang, ya TUHAN, ambillah nyawaku, sebab aku ini tidak lebih baik dari pada nenek moyangku."" Kemudian ia berbaring dan tidur di bawah pohon arar itu. Tiba-tiba seorang malaikat menyentuh dia serta berkata kepadanya: ""Bangunlah, makanlah!""","What would it look like to let God tend your basic needs today before you try to fix your discouragement?","Seperti apa rupanya jika kamu membiarkan Allah merawat kebutuhan dasarmu hari ini sebelum kamu berusaha memperbaiki rasa patah semangatmu?","Lord, some days I feel like Elijah under the tree, out of strength and out of hope. Thank you for meeting despair with tenderness rather than blame. Feed me, rest me, and stay near while I recover. Amen.","Tuhan, ada hari-hari aku merasa seperti Elia di bawah pohon itu, kehabisan kekuatan dan kehabisan harapan. Terima kasih karena Engkau menjumpai keputusasaan dengan kelembutan, bukan celaan. Beri aku makan, istirahatkan aku, dan tetaplah dekat selagi aku pulih. Amin."
"Healing","Pemulihan","Restoring a Weary Spirit","Memulihkan Jiwa yang Lelah","When Hope Feels Thin","Ketika Pengharapan Terasa Tipis","A 3-day companion for the discouraged after repeated setbacks","3 hari menemani hati yang patah semangat setelah berulang kali gagal","3","For the moments when disappointment has piled on disappointment and hope feels almost too fragile to hold, this short three-day plan sits with the honest ache of discouragement, drawing on the prophet Elijah's collapse under the broom tree and the psalmist's own downcast soul, to remind us that God meets us in the low place before he ever asks us to climb out of it.","Untuk saat-saat ketika kekecewaan menumpuk di atas kekecewaan dan pengharapan terasa hampir terlalu rapuh untuk dipegang, rencana singkat tiga hari ini duduk bersama rasa sakit patah semangat yang jujur, mengambil pelajaran dari keruntuhan nabi Elia di bawah pohon arar dan jiwa pemazmur sendiri yang tertekan, untuk mengingatkan kita bahwa Allah menjumpai kita di tempat yang rendah sebelum Ia meminta kita mendaki keluar darinya.","A muted linocut-style print illustration with visible carved texture and bold flat color blocks: a solitary broom tree with sparse, wind-bent branches on a dry hillside at dusk, a small figure seated beneath it with knees drawn up, one hand resting on the ground, and in the far distance a faint sliver of dawn light breaking on the horizon suggesting hope not yet arrived but coming. Palette: charcoal black, burnt umber, dusty terracotta, and a single thin strip of pale gold at the horizon. The mood is heavy, honest, and quietly hopeful. All lettering is grouped together at the very top of the composition for maximum legibility, stacked on a soft solid-color band or gentle scrim so it stays readable against the artwork behind it: the title ""When Hope Feels Thin"" first, largest, in a bold woodcut-style block letterform; directly beneath it the smaller subtitle ""A 3-day companion for the discouraged after repeated setbacks""; and directly beneath the subtitle a compact rounded pill reading ""3 DAYS"" in bold small caps. Nothing else overlaps the illustration below. Mood: honest, heavy-hearted, quietly hopeful.","","2","Talking Honestly to Your Own Soul","Berbicara Jujur kepada Jiwamu Sendiri","The psalmist knew what it was to feel discouraged for reasons that would not fully resolve with a single prayer. Why, my soul, are you downcast? Why so disturbed within me? he asks, twice, in Psalm 42, and there is something remarkable in the question itself. He does not pretend the sadness is not there. He does not perform confidence he does not feel. He turns and speaks directly to his own inner state, naming it, questioning it, taking it seriously enough to address.

After repeated setbacks, discouragement can start to feel like simply who we are now, a permanent condition rather than a passing weather. We stop noticing it as something separate from ourselves and start assuming it is just reality. The psalmist models something different: a willingness to step back and examine the discouragement rather than be fully absorbed by it. Why are you downcast, my soul. That small distance, between the self and the sadness, is where hope gets room to breathe again.

And notice what follows the question. He does not answer it with a solution to his circumstances, which had not changed. He answers it with a decision: put your hope in God, for I will yet praise him, my Savior and my God. This is not denial. It is a redirection of attention, a choice to keep speaking hope to himself even while circumstances remain unresolved, even while the setbacks have not yet turned around.

You are allowed to ask your own soul the same question today. Why are you downcast? Say it out loud if it helps. Then, whether or not the answer changes anything external, practice the same redirection: put your hope in God. Not because the setbacks have stopped, but because he has not.","Pemazmur tahu rasanya patah semangat karena alasan-alasan yang tidak akan sepenuhnya selesai hanya dengan satu doa. Mengapa engkau tertekan, hai jiwaku, dan mengapa engkau gelisah dalam diriku? tanyanya, dua kali, dalam Mazmur 42, dan ada sesuatu yang luar biasa dalam pertanyaan itu sendiri. Ia tidak berpura-pura kesedihan itu tidak ada. Ia tidak menampilkan keyakinan yang tidak ia rasakan. Ia berpaling dan berbicara langsung kepada keadaan batinnya sendiri, menamainya, mempertanyakannya, menganggapnya cukup serius untuk ditangani.

Setelah kegagalan berulang kali, patah semangat bisa mulai terasa seperti sekadar jati diri kita sekarang, kondisi permanen dan bukan cuaca yang berlalu. Kita berhenti menyadarinya sebagai sesuatu yang terpisah dari diri kita dan mulai menganggapnya sekadar kenyataan. Pemazmur memberi teladan yang berbeda: kesediaan untuk mundur selangkah dan memeriksa patah semangat itu, bukan sepenuhnya diserap olehnya. Mengapa engkau tertekan, hai jiwaku. Jarak kecil itu, antara diri dan kesedihan, adalah tempat pengharapan mendapat ruang untuk bernapas lagi.

Dan perhatikan apa yang menyusul pertanyaan itu. Ia tidak menjawabnya dengan solusi atas keadaannya, yang belum berubah. Ia menjawabnya dengan sebuah keputusan: berharaplah kepada Allah, sebab aku akan bersyukur lagi kepada-Nya, penolongku dan Allahku. Ini bukan penyangkalan. Ini pengalihan perhatian, sebuah pilihan untuk terus berbicara harapan kepada dirinya sendiri bahkan ketika keadaan masih belum terselesaikan, bahkan ketika kegagalan-kegagalan itu belum juga berbalik.

Kamu diizinkan mengajukan pertanyaan yang sama kepada jiwamu sendiri hari ini. Mengapa engkau tertekan? Ucapkan dengan lantang jika itu membantu. Lalu, entah jawabannya mengubah sesuatu di luar dirimu atau tidak, praktikkan pengalihan yang sama: berharaplah kepada Allah. Bukan karena kegagalan-kegagalan itu telah berhenti, melainkan karena Allah tidak pernah berhenti.","Psalm 42:11 | Why, my soul, are you downcast? Why so disturbed within me? Put your hope in God, for I will yet praise him, my Savior and my God.","Mazmur 42:11 | Mengapa engkau tertekan, hai jiwaku, dan mengapa engkau gelisah dalam diriku? Berharaplah kepada Allah! Sebab aku akan bersyukur lagi kepada-Nya, penolongku dan Allahku!","What would it sound like if you spoke honestly to your own discouraged soul today, the way the psalmist did?","Seperti apa bunyinya jika hari ini kamu berbicara dengan jujur kepada jiwamu yang patah semangat, seperti yang dilakukan pemazmur?","God, my soul is downcast more often than I want to admit. Teach me to name it honestly instead of pretending, and then to choose hope in you again, not because my circumstances have changed, but because you have not. Amen.","Allah, jiwaku tertekan lebih sering daripada yang ingin kuakui. Ajar aku menamainya dengan jujur alih-alih berpura-pura, lalu memilih berharap kembali kepada-Mu, bukan karena keadaanku telah berubah, melainkan karena Engkau tidak pernah berubah. Amin."
"Healing","Pemulihan","Restoring a Weary Spirit","Memulihkan Jiwa yang Lelah","When Hope Feels Thin","Ketika Pengharapan Terasa Tipis","A 3-day companion for the discouraged after repeated setbacks","3 hari menemani hati yang patah semangat setelah berulang kali gagal","3","For the moments when disappointment has piled on disappointment and hope feels almost too fragile to hold, this short three-day plan sits with the honest ache of discouragement, drawing on the prophet Elijah's collapse under the broom tree and the psalmist's own downcast soul, to remind us that God meets us in the low place before he ever asks us to climb out of it.","Untuk saat-saat ketika kekecewaan menumpuk di atas kekecewaan dan pengharapan terasa hampir terlalu rapuh untuk dipegang, rencana singkat tiga hari ini duduk bersama rasa sakit patah semangat yang jujur, mengambil pelajaran dari keruntuhan nabi Elia di bawah pohon arar dan jiwa pemazmur sendiri yang tertekan, untuk mengingatkan kita bahwa Allah menjumpai kita di tempat yang rendah sebelum Ia meminta kita mendaki keluar darinya.","A muted linocut-style print illustration with visible carved texture and bold flat color blocks: a solitary broom tree with sparse, wind-bent branches on a dry hillside at dusk, a small figure seated beneath it with knees drawn up, one hand resting on the ground, and in the far distance a faint sliver of dawn light breaking on the horizon suggesting hope not yet arrived but coming. Palette: charcoal black, burnt umber, dusty terracotta, and a single thin strip of pale gold at the horizon. The mood is heavy, honest, and quietly hopeful. All lettering is grouped together at the very top of the composition for maximum legibility, stacked on a soft solid-color band or gentle scrim so it stays readable against the artwork behind it: the title ""When Hope Feels Thin"" first, largest, in a bold woodcut-style block letterform; directly beneath it the smaller subtitle ""A 3-day companion for the discouraged after repeated setbacks""; and directly beneath the subtitle a compact rounded pill reading ""3 DAYS"" in bold small caps. Nothing else overlaps the illustration below. Mood: honest, heavy-hearted, quietly hopeful.","","3","New Every Morning","Baru Setiap Pagi","It is easy to assume that hope, once it runs out, is simply gone, that we have used up our allotted supply and there is nothing left to draw on. But the book of Lamentations, written in the middle of genuine devastation, offers a different picture: because of the Lord's great love we are not consumed, for his compassions never fail. They are new every morning; great is your faithfulness. This is not a book written from comfort. It is a book written from ruins, and it still finds its way to hope.

There is something important in the phrase new every morning. It suggests that God's compassion does not run on the same supply we do. Ours gets depleted; his does not. Ours has to be rationed after enough disappointment; his is renewed daily, without fail, whether or not we feel we have anything left to bring to it. This means that even after a string of setbacks has left our own hope threadbare, we are not relying on our own reserve. We are meeting a mercy that resets every single day, regardless of how yesterday went.

This is good news for anyone who feels they have run out of the capacity to keep hoping. You do not need to manufacture more resilience from nothing. You are not required to keep faith alive purely on willpower. Each morning is, quite literally, a fresh offering of God's compassion, unrelated to how depleted you were the night before. The invitation is simply to receive it again, one day at a time, rather than trying to hope for the whole future all at once.

As this short plan ends, let today be one of those new mornings. Whatever setbacks brought you here, they do not get the final say over whether God's compassion is available to you now. It is. It was renewed for you before you even woke up.","Mudah menganggap bahwa pengharapan, begitu habis, memang sudah hilang, bahwa kita telah menghabiskan jatah kita dan tidak ada lagi yang tersisa untuk diambil. Namun kitab Ratapan, yang ditulis di tengah kehancuran yang sungguh nyata, menawarkan gambaran yang berbeda: tak berkesudahan kasih setia TUHAN, tak habis-habisnya rahmat-Nya, selalu baru tiap pagi; besar kesetiaan-Mu! Ini bukan kitab yang ditulis dari kenyamanan. Ini kitab yang ditulis dari reruntuhan, dan tetap saja menemukan jalannya menuju harapan.

Ada sesuatu yang penting dalam frasa selalu baru tiap pagi. Itu menyiratkan bahwa belas kasihan Allah tidak berjalan dari persediaan yang sama seperti milik kita. Milik kita bisa terkuras; milik-Nya tidak. Milik kita harus dijatah setelah cukup banyak kekecewaan; milik-Nya diperbarui setiap hari, tanpa gagal, entah kita merasa masih punya sesuatu untuk dibawa kepadanya atau tidak. Ini berarti bahkan setelah serangkaian kegagalan membuat pengharapan kita sendiri menipis, kita tidak bergantung pada cadangan kita sendiri. Kita menjumpai belas kasihan yang diperbarui setiap hari, tanpa peduli bagaimana kemarin berjalan.

Ini kabar baik bagi siapa pun yang merasa telah kehabisan kemampuan untuk terus berharap. Kamu tidak perlu menciptakan lebih banyak ketahanan dari kekosongan. Kamu tidak dituntut untuk menjaga iman tetap hidup semata-mata dengan kemauan sendiri. Setiap pagi, secara harfiah, adalah tawaran segar dari belas kasihan Allah, tidak terkait dengan seberapa terkuras dirimu malam sebelumnya. Undangannya sederhana: menerimanya lagi, satu hari pada satu waktu, alih-alih mencoba berharap untuk seluruh masa depan sekaligus.

Saat rencana singkat ini berakhir, biarlah hari ini menjadi salah satu pagi yang baru itu. Apa pun kegagalan yang membawamu sampai di sini, semua itu tidak punya kata akhir atas apakah belas kasihan Allah tersedia bagimu sekarang. Itu tersedia. Itu telah diperbarui bagimu bahkan sebelum kamu terbangun.","Lamentations 3:22-23 | Because of the Lord's great love we are not consumed, for his compassions never fail. They are new every morning; great is your faithfulness.","Ratapan 3:22-23 | Tak berkesudahan kasih setia TUHAN, tak habis-habisnya rahmat-Nya, selalu baru tiap pagi; besar kesetiaan-Mu!","What might it look like to receive today's mercy fresh, instead of trying to hope for your whole future all at once?","Seperti apa rupanya jika kamu menerima belas kasihan hari ini dengan segar, alih-alih berusaha berharap untuk seluruh masa depanmu sekaligus?","Lord, thank you that your compassion does not run out the way mine does. I bring you today, just today, and I trust that your mercy for it is already new. Renew my hope, one morning at a time. Amen.","Tuhan, terima kasih karena belas kasihan-Mu tidak habis seperti milikku. Aku membawa hari ini kepada-Mu, hanya hari ini, dan aku percaya bahwa rahmat-Mu untuknya sudah baru. Perbaruilah pengharapanku, satu pagi pada satu waktu. Amin."
"Healing","Pemulihan","Restoring a Weary Spirit","Memulihkan Jiwa yang Lelah","Green Pastures Again","Padang Rumput yang Hijau Sekali Lagi","A 7-day journey of renewal after a long, depleting season","Perjalanan 7 hari menuju pemulihan setelah musim panjang yang menguras","7","For those emerging from a long season that has drained them slowly, quietly, and thoroughly, this seven-day journey walks through the Good Shepherd's care, the vine that keeps us alive, and the watered garden God promises to the weary soul, tracing a gradual path from depletion back toward genuine, unhurried renewal.","Bagi mereka yang keluar dari musim panjang yang menguras perlahan, diam-diam, dan menyeluruh, perjalanan tujuh hari ini menelusuri perhatian Gembala yang Baik, pokok anggur yang menopang kehidupan kita, dan taman yang berair yang Allah janjikan bagi jiwa yang lelah, menapaki jalan bertahap dari keterkurasan menuju pemulihan sejati yang tidak tergesa-gesa.","A soft ink-wash and watercolor illustration in a Japanese-influenced style with visible brush texture and generous white space: a winding shepherd's path descends gently toward a still blue-green pond fed by a quiet spring, surrounded by tall reeds and a few grazing sheep resting in dappled shade beneath a solitary tree, the whole scene rendered in loose, breathing brushstrokes that leave open air around the subject. Palette: deep jade green, misty blue-grey, soft ivory, and a touch of warm ochre light. The mood is spacious, slow, and deeply peaceful, like the first calm breath after a long season of strain. All lettering is grouped together at the very top of the composition for maximum legibility, stacked on a soft solid-color band or gentle scrim so it stays readable against the artwork behind it: the title ""Green Pastures Again"" first, largest, in an elegant flowing brush-script lettering; directly beneath it the smaller subtitle ""A 7-day journey of renewal after a long, depleting season""; and directly beneath the subtitle a compact rounded pill reading ""7 DAYS"" in bold small caps. Nothing else overlaps the illustration below. Mood: spacious, slow, deeply peaceful.","","1","Led, Not Driven","Dituntun, Bukan Digiring","Psalm 23 opens with a claim that can feel almost unbelievable to someone coming out of a long, depleting season: the Lord is my shepherd, I lack nothing. He makes me lie down in green pastures, he leads me beside quiet waters, he refreshes my soul. Notice the verbs. The shepherd makes the sheep lie down. He leads beside water that is quiet, not rushing. This is not a portrait of a God who drives us relentlessly toward the next task. It is a portrait of one who insists, even against our own instinct to keep moving, that we stop and be restored.

After a long season of running on empty, many of us have forgotten what it feels like to be led rather than driven. We have grown used to pushing ourselves forward through sheer will, through deadlines and obligations and the fear of falling behind. The rhythm of the shepherd is entirely different. He does not ask the sheep to find their own pasture and figure out their own recovery. He leads them there himself, deliberately, because sheep left to themselves will graze anxiously and never actually rest.

This image is worth sitting in for today rather than rushing past. Picture green pasture, not a barren field. Picture water that is still, not a current pulling you along. This is what God intends for the depleted soul, not more striving, but a place he himself leads you to, where the work is simply to lie down and let your soul catch up with your body.

As you begin this seven-day journey toward renewal, resist the urge to make even rest into another task to accomplish well. You are not being asked to perform recovery. You are being led, gently, by a shepherd who already knows exactly what your soul needs and is not in a hurry to rush you past it.","Mazmur 23 dibuka dengan pernyataan yang bisa terasa hampir tak masuk akal bagi seseorang yang baru keluar dari musim panjang yang menguras: TUHAN adalah gembalaku, takkan kekurangan aku. Ia membaringkan aku di padang yang berumput hijau, Ia membimbing aku ke air yang tenang, Ia menyegarkan jiwaku. Perhatikan kata kerjanya. Sang gembala membaringkan domba-domba-Nya. Ia membimbing mereka ke air yang tenang, bukan yang deras. Ini bukan gambaran Allah yang terus-menerus menggiring kita tanpa henti menuju tugas berikutnya. Ini gambaran Dia yang bersikeras, bahkan melawan naluri kita sendiri untuk terus bergerak, agar kita berhenti dan dipulihkan.

Setelah musim panjang berjalan dengan tangki kosong, banyak dari kita lupa rasanya dituntun, bukan digiring. Kita telah terbiasa mendorong diri sendiri maju hanya dengan kemauan, lewat tenggat waktu, kewajiban, dan ketakutan tertinggal. Irama sang gembala sama sekali berbeda. Ia tidak meminta domba-domba mencari sendiri padang rumput mereka dan mencari sendiri cara pemulihan mereka. Ia sendiri yang membimbing mereka ke sana, dengan sengaja, karena domba yang dibiarkan sendiri akan merumput dengan cemas dan tidak pernah benar-benar beristirahat.

Gambaran ini layak direnungkan hari ini, bukan dilewati begitu saja. Bayangkan padang rumput yang hijau, bukan ladang yang tandus. Bayangkan air yang tenang, bukan arus yang menyeretmu. Inilah yang Allah maksudkan bagi jiwa yang terkuras, bukan lebih banyak usaha, melainkan sebuah tempat yang Ia sendiri tuntun kamu ke sana, di mana pekerjaanmu hanyalah berbaring dan membiarkan jiwamu menyusul tubuhmu.

Saat kamu memulai perjalanan tujuh hari menuju pemulihan ini, tahanlah dorongan untuk menjadikan bahkan istirahat sebagai tugas lain yang harus dilakukan dengan baik. Kamu tidak diminta untuk menampilkan pemulihan. Kamu sedang dituntun, dengan lembut, oleh seorang gembala yang sudah tahu persis apa yang jiwamu butuhkan dan tidak terburu-buru melewatkannya.","Psalm 23:1-3 | The Lord is my shepherd, I lack nothing. He makes me lie down in green pastures, he leads me beside quiet waters, he refreshes my soul.","Mazmur 23:1-3 | TUHAN adalah gembalaku, takkan kekurangan aku. Ia membaringkan aku di padang yang berumput hijau, Ia membimbing aku ke air yang tenang; Ia menyegarkan jiwaku.","Where have you been trying to drive yourself toward rest instead of letting God lead you there?","Di mana selama ini kamu berusaha menggiring dirimu sendiri menuju istirahat, alih-alih membiarkan Allah menuntunmu ke sana?","Good Shepherd, I have forgotten how to be led rather than driven. Bring me to your green pasture and your quiet water today, and give me the grace to simply lie down and let you refresh what has run dry. Amen.","Gembala yang Baik, aku telah lupa bagaimana rasanya dituntun, bukan digiring. Bawalah aku ke padang rumput-Mu yang hijau dan air-Mu yang tenang hari ini, dan berikan aku anugerah untuk sekadar berbaring dan membiarkan-Mu menyegarkan apa yang telah kering. Amin."
"Healing","Pemulihan","Restoring a Weary Spirit","Memulihkan Jiwa yang Lelah","Green Pastures Again","Padang Rumput yang Hijau Sekali Lagi","A 7-day journey of renewal after a long, depleting season","Perjalanan 7 hari menuju pemulihan setelah musim panjang yang menguras","7","For those emerging from a long season that has drained them slowly, quietly, and thoroughly, this seven-day journey walks through the Good Shepherd's care, the vine that keeps us alive, and the watered garden God promises to the weary soul, tracing a gradual path from depletion back toward genuine, unhurried renewal.","Bagi mereka yang keluar dari musim panjang yang menguras perlahan, diam-diam, dan menyeluruh, perjalanan tujuh hari ini menelusuri perhatian Gembala yang Baik, pokok anggur yang menopang kehidupan kita, dan taman yang berair yang Allah janjikan bagi jiwa yang lelah, menapaki jalan bertahap dari keterkurasan menuju pemulihan sejati yang tidak tergesa-gesa.","A soft ink-wash and watercolor illustration in a Japanese-influenced style with visible brush texture and generous white space: a winding shepherd's path descends gently toward a still blue-green pond fed by a quiet spring, surrounded by tall reeds and a few grazing sheep resting in dappled shade beneath a solitary tree, the whole scene rendered in loose, breathing brushstrokes that leave open air around the subject. Palette: deep jade green, misty blue-grey, soft ivory, and a touch of warm ochre light. The mood is spacious, slow, and deeply peaceful, like the first calm breath after a long season of strain. All lettering is grouped together at the very top of the composition for maximum legibility, stacked on a soft solid-color band or gentle scrim so it stays readable against the artwork behind it: the title ""Green Pastures Again"" first, largest, in an elegant flowing brush-script lettering; directly beneath it the smaller subtitle ""A 7-day journey of renewal after a long, depleting season""; and directly beneath the subtitle a compact rounded pill reading ""7 DAYS"" in bold small caps. Nothing else overlaps the illustration below. Mood: spacious, slow, deeply peaceful.","","2","Apart From Him We Can Do Nothing","Tanpa Dia Kita Tidak Dapat Berbuat Apa-apa","Jesus describes himself as the vine and us as the branches, adding a line that sounds almost harsh until we sit with it: apart from me you can do nothing. After a long depleting season, this line can actually come as relief rather than rebuke. So much of our exhaustion comes from believing, deep down, that everything depends on our own effort, that if we do not personally hold everything together, it will fall apart. Jesus's image quietly dismantles that belief. A branch does not produce fruit by trying harder. It produces fruit by remaining attached to the vine.

Think about what a branch actually does. It does not manufacture its own nutrients. It does not strain to grow fruit through sheer determination. Its entire task is to stay connected, to remain, and the vine does the rest, supplying everything the branch needs to bear what it could never produce on its own. This is a strange kind of restfulness at the center of fruitfulness. Remaining is not passive in the sense of doing nothing; it is active in the sense of staying close, but it is entirely different from the striving that leads to burnout.

Many long, depleting seasons are marked by a subtle disconnection from this remaining, even while we stay busy doing good and important things. We can serve, produce, and accomplish for a long time on our own reserves before we notice how disconnected we have become from the source that was meant to sustain it all. The remedy is not necessarily doing less, though that may be part of it. The remedy is returning attention to the vine, to abiding, to letting our activity flow out of connection rather than substituting for it.

Today, consider where your fruitfulness has quietly become disconnected from its source. What would it look like to remain, to simply stay close to Jesus today, and trust him with the fruit rather than trying to grow it yourself?","Yesus menggambarkan diri-Nya sebagai pokok anggur dan kita sebagai ranting-rantingnya, menambahkan sebuah kalimat yang terdengar hampir keras sampai kita merenungkannya: di luar Aku kamu tidak dapat berbuat apa-apa. Setelah musim panjang yang menguras, kalimat ini justru bisa terasa sebagai kelegaan, bukan teguran. Begitu banyak kelelahan kita berasal dari keyakinan yang dalam bahwa segalanya bergantung pada usaha kita sendiri, bahwa jika kita tidak secara pribadi menjaga semuanya tetap utuh, semuanya akan runtuh. Gambaran Yesus dengan tenang membongkar keyakinan itu. Ranting tidak menghasilkan buah dengan berusaha lebih keras. Ranting menghasilkan buah dengan tetap melekat pada pokok anggur.

Pikirkan apa yang sebenarnya dilakukan sebuah ranting. Ranting tidak membuat nutrisinya sendiri. Ranting tidak memaksakan diri menumbuhkan buah lewat tekad semata. Seluruh tugasnya adalah tetap terhubung, tinggal di dalam, dan pokok anggurlah yang melakukan sisanya, memasok semua yang dibutuhkan ranting untuk menghasilkan apa yang tidak pernah bisa dihasilkannya sendiri. Ada semacam ketenangan aneh di pusat kesuburan ini. Tinggal di dalam bukanlah pasif dalam arti tidak berbuat apa-apa; itu aktif dalam arti tetap dekat, tetapi sama sekali berbeda dari perjuangan yang berujung pada kelelahan mendalam.

Banyak musim panjang yang menguras ditandai dengan keterputusan halus dari sikap tinggal di dalam ini, bahkan ketika kita tetap sibuk melakukan hal-hal yang baik dan penting. Kita bisa melayani, menghasilkan, dan mencapai banyak hal untuk waktu yang lama dari cadangan kita sendiri sebelum kita menyadari betapa terputusnya kita dari sumber yang seharusnya menopang semuanya itu. Solusinya bukan selalu melakukan lebih sedikit, meski itu mungkin sebagian darinya. Solusinya adalah mengembalikan perhatian kepada pokok anggur, kepada tinggal di dalam-Nya, membiarkan aktivitas kita mengalir dari hubungan itu, bukan menggantikannya.

Hari ini, pertimbangkan di mana kesuburanmu telah diam-diam terputus dari sumbernya. Seperti apa rupanya jika kamu tinggal di dalam, sekadar tetap dekat dengan Yesus hari ini, dan mempercayakan buahnya kepada-Nya alih-alih berusaha menumbuhkannya sendiri?","John 15:4-5 | Remain in me, as I also remain in you. No branch can bear fruit by itself; it must remain in the vine. Neither can you bear fruit unless you remain in me... apart from me you can do nothing.","Yohanes 15:4-5 | Tinggallah di dalam Aku dan Aku di dalam kamu. Sama seperti ranting tidak dapat berbuah dari dirinya sendiri, kalau tidak tinggal pada pokok anggur, demikian juga kamu tidak berbuah, jikalau kamu tidak tinggal di dalam Aku... sebab di luar Aku kamu tidak dapat berbuat apa-apa.","What would change today if you focused on remaining close to Jesus rather than producing more fruit through your own effort?","Apa yang akan berubah hari ini jika kamu fokus tinggal dekat dengan Yesus, bukan menghasilkan lebih banyak buah lewat usahamu sendiri?","Jesus, I have been trying to bear fruit on my own strength for far too long. Teach me to simply remain in you today, trusting that you will supply what I could never produce alone. Amen.","Yesus, aku sudah terlalu lama berusaha menghasilkan buah dengan kekuatanku sendiri. Ajar aku untuk sekadar tinggal di dalam-Mu hari ini, memercayai bahwa Engkau akan memasok apa yang tak pernah bisa kuhasilkan sendirian. Amin."
"Healing","Pemulihan","Restoring a Weary Spirit","Memulihkan Jiwa yang Lelah","Green Pastures Again","Padang Rumput yang Hijau Sekali Lagi","A 7-day journey of renewal after a long, depleting season","Perjalanan 7 hari menuju pemulihan setelah musim panjang yang menguras","7","For those emerging from a long season that has drained them slowly, quietly, and thoroughly, this seven-day journey walks through the Good Shepherd's care, the vine that keeps us alive, and the watered garden God promises to the weary soul, tracing a gradual path from depletion back toward genuine, unhurried renewal.","Bagi mereka yang keluar dari musim panjang yang menguras perlahan, diam-diam, dan menyeluruh, perjalanan tujuh hari ini menelusuri perhatian Gembala yang Baik, pokok anggur yang menopang kehidupan kita, dan taman yang berair yang Allah janjikan bagi jiwa yang lelah, menapaki jalan bertahap dari keterkurasan menuju pemulihan sejati yang tidak tergesa-gesa.","A soft ink-wash and watercolor illustration in a Japanese-influenced style with visible brush texture and generous white space: a winding shepherd's path descends gently toward a still blue-green pond fed by a quiet spring, surrounded by tall reeds and a few grazing sheep resting in dappled shade beneath a solitary tree, the whole scene rendered in loose, breathing brushstrokes that leave open air around the subject. Palette: deep jade green, misty blue-grey, soft ivory, and a touch of warm ochre light. The mood is spacious, slow, and deeply peaceful, like the first calm breath after a long season of strain. All lettering is grouped together at the very top of the composition for maximum legibility, stacked on a soft solid-color band or gentle scrim so it stays readable against the artwork behind it: the title ""Green Pastures Again"" first, largest, in an elegant flowing brush-script lettering; directly beneath it the smaller subtitle ""A 7-day journey of renewal after a long, depleting season""; and directly beneath the subtitle a compact rounded pill reading ""7 DAYS"" in bold small caps. Nothing else overlaps the illustration below. Mood: spacious, slow, deeply peaceful.","","3","A Well-Watered Garden","Taman yang Berair","Isaiah paints a picture of what happens when a weary people turn their attention toward caring for others even in the midst of their own need: the Lord will guide you always, he will satisfy your needs in a sun-scorched land, and will strengthen your frame. You will be like a well-watered garden, like a spring whose waters never fail. It is a striking image for anyone who has felt, after a long season, more like a cracked and dusty field than a garden. Dry, brittle, uncertain whether anything could grow there again.

What stands out is the specificity of the promise. Not just watered, but well-watered. Not a spring that occasionally trickles, but one whose waters never fail. This is not a modest, partial restoration. It is a full, sustained renewal, the kind that changes the actual condition of the soil rather than offering a single rainfall before the drought resumes. God is not interested in patching us up temporarily. He is interested in making us the kind of ground where life can take root again, steadily, for the long term.

It is worth noticing, too, that this promise in Isaiah comes attached to a life poured out in compassion, not withheld out of self-protection. That can sound counterintuitive to someone depleted, as though the answer to exhaustion were somehow more giving. But read carefully, the sequence is different: the Lord guides and satisfies and strengthens first, and it is out of that satisfied, watered place that a person becomes able to pour out again without running dry, because they are no longer drawing from their own limited reserve.

If you have felt like cracked ground after a long season, receive this today as a promise, not a task. God intends to make you a well-watered garden. Not because you have proven yourself useful, but because this is simply what he does with weary, depleted people who turn toward him.","Yesaya melukiskan apa yang terjadi ketika umat yang lelah mengarahkan perhatian mereka untuk merawat orang lain bahkan di tengah kebutuhan mereka sendiri: TUHAN akan menuntun engkau senantiasa dan akan memuaskan hatimu di tanah yang kering, dan akan membaharui kekuatanmu. Maka engkau akan seperti taman yang berair, seperti mata air yang tidak pernah mengecewakan. Ini gambaran yang mencolok bagi siapa pun yang merasa, setelah musim panjang, lebih seperti ladang retak dan berdebu daripada taman. Kering, rapuh, tidak yakin apakah sesuatu bisa tumbuh lagi di sana.

Yang menonjol adalah kekhususan janji ini. Bukan sekadar berair, tetapi taman yang berair. Bukan mata air yang sesekali menetes, tetapi yang tidak pernah mengecewakan. Ini bukan pemulihan sederhana yang sebagian. Ini pemulihan penuh dan berkelanjutan, jenis yang mengubah kondisi tanah itu sendiri, bukan menawarkan satu kali hujan sebelum kekeringan berlanjut lagi. Allah tidak sekadar tertarik menambal kita sementara. Ia tertarik menjadikan kita tanah semacam itu, tempat kehidupan bisa berakar lagi, secara stabil, untuk jangka panjang.

Perlu dicatat juga, janji dalam Yesaya ini melekat pada kehidupan yang dicurahkan dalam belas kasihan, bukan ditahan karena melindungi diri sendiri. Itu bisa terdengar berlawanan dengan intuisi bagi seseorang yang terkuras, seolah jawaban atas kelelahan justru memberi lebih banyak lagi. Tetapi dibaca dengan saksama, urutannya berbeda: TUHAN menuntun, memuaskan, dan membaharui kekuatan lebih dulu, dan justru dari tempat yang terpuaskan dan berair itulah seseorang mampu mencurahkan diri lagi tanpa menjadi kering, karena ia tidak lagi menimba dari cadangannya sendiri yang terbatas.

Jika kamu merasa seperti tanah yang retak setelah musim panjang, terimalah ini hari ini sebagai janji, bukan tugas. Allah bermaksud menjadikanmu taman yang berair. Bukan karena kamu telah membuktikan kegunaanmu, melainkan karena inilah yang biasa Ia lakukan bagi orang-orang yang lelah dan terkuras yang berpaling kepada-Nya.","Isaiah 58:11 | The Lord will guide you always; he will satisfy your needs in a sun-scorched land and will strengthen your frame. You will be like a well-watered garden, like a spring whose waters never fail.","Yesaya 58:11 | TUHAN akan menuntun engkau senantiasa dan akan memuaskan hatimu di tanah yang kering, dan akan membaharui kekuatanmu. Maka engkau akan seperti taman yang berair, seperti mata air yang tidak pernah mengecewakan.","Can you imagine your own life as a well-watered garden rather than cracked, dry ground? What would need to change in how you see yourself?","Bisakah kamu membayangkan hidupmu sendiri sebagai taman yang berair, bukan tanah yang retak dan kering? Apa yang perlu berubah dalam caramu memandang dirimu sendiri?","Lord, I feel more like cracked ground than a garden right now. Thank you for promising not just a passing rain but a spring that never fails. Guide me, satisfy me, and strengthen what has grown weak. Amen.","Tuhan, saat ini aku merasa lebih seperti tanah retak daripada taman. Terima kasih karena Engkau menjanjikan bukan sekadar hujan sesaat, melainkan mata air yang tidak pernah mengecewakan. Tuntunlah aku, puaskanlah aku, dan baharuilah apa yang telah menjadi lemah. Amin."
"Healing","Pemulihan","Restoring a Weary Spirit","Memulihkan Jiwa yang Lelah","Green Pastures Again","Padang Rumput yang Hijau Sekali Lagi","A 7-day journey of renewal after a long, depleting season","Perjalanan 7 hari menuju pemulihan setelah musim panjang yang menguras","7","For those emerging from a long season that has drained them slowly, quietly, and thoroughly, this seven-day journey walks through the Good Shepherd's care, the vine that keeps us alive, and the watered garden God promises to the weary soul, tracing a gradual path from depletion back toward genuine, unhurried renewal.","Bagi mereka yang keluar dari musim panjang yang menguras perlahan, diam-diam, dan menyeluruh, perjalanan tujuh hari ini menelusuri perhatian Gembala yang Baik, pokok anggur yang menopang kehidupan kita, dan taman yang berair yang Allah janjikan bagi jiwa yang lelah, menapaki jalan bertahap dari keterkurasan menuju pemulihan sejati yang tidak tergesa-gesa.","A soft ink-wash and watercolor illustration in a Japanese-influenced style with visible brush texture and generous white space: a winding shepherd's path descends gently toward a still blue-green pond fed by a quiet spring, surrounded by tall reeds and a few grazing sheep resting in dappled shade beneath a solitary tree, the whole scene rendered in loose, breathing brushstrokes that leave open air around the subject. Palette: deep jade green, misty blue-grey, soft ivory, and a touch of warm ochre light. The mood is spacious, slow, and deeply peaceful, like the first calm breath after a long season of strain. All lettering is grouped together at the very top of the composition for maximum legibility, stacked on a soft solid-color band or gentle scrim so it stays readable against the artwork behind it: the title ""Green Pastures Again"" first, largest, in an elegant flowing brush-script lettering; directly beneath it the smaller subtitle ""A 7-day journey of renewal after a long, depleting season""; and directly beneath the subtitle a compact rounded pill reading ""7 DAYS"" in bold small caps. Nothing else overlaps the illustration below. Mood: spacious, slow, deeply peaceful.","","4","Weary Souls Filled","Jiwa yang Lesu Dipuaskan","Jeremiah delivers a short but striking promise in the middle of a longer message about restoration: I will refresh the weary and satisfy the faint. It is easy to skim past a line like this, but sit with the two verbs a little longer. Refresh is not the same as merely surviving. Satisfy is not the same as barely getting by. God is not offering the weary a slightly less exhausting version of the same depletion. He is offering an actual filling, a genuine end to the fainting.

One of the quiet dangers of a long depleting season is that we begin to define ourselves by the depletion. We start to expect to feel tired indefinitely, to assume that faintness is simply our new normal, and we stop imagining that satisfaction is actually possible for someone like us. Jeremiah's promise pushes back against that resignation. It names weariness and faintness plainly, without minimizing them, and then declares that God's intention is not to leave us there but to refresh and satisfy exactly what has run dry.

It helps to remember the context in which this promise appears. Jeremiah is speaking to a people in exile, a people who had every reason to believe their depleted, displaced condition was permanent. If God's refreshing reaches people in that circumstance, it is not reserved only for those whose weariness has a tidy, quickly resolved cause. It reaches people in genuinely long, hard seasons, people whose exhaustion has gone on far longer than they expected it would.

Wherever you are in your own long season, let this promise settle in today: I will refresh the weary and satisfy the faint. Not eventually, in some vague future. This is who God is, actively, toward tired people, right now.","Yeremia menyampaikan sebuah janji singkat namun mencolok di tengah pesan yang lebih panjang tentang pemulihan: Aku akan menyegarkan jiwa yang lelah lesu, dan setiap jiwa yang merana akan Kupuaskan. Mudah untuk melewati kalimat semacam ini begitu saja, tetapi renungkan sejenak kedua kata kerjanya. Menyegarkan bukan sekadar bertahan hidup. Memuaskan bukan sekadar cukup-cukup saja. Allah tidak menawarkan kepada yang lelah versi keterkurasan yang sedikit lebih ringan. Ia menawarkan pengisian yang sesungguhnya, akhir yang nyata dari kelesuan itu.

Salah satu bahaya diam-diam dari musim panjang yang menguras adalah kita mulai mendefinisikan diri kita berdasarkan keterkurasan itu. Kita mulai berharap merasa lelah tanpa batas waktu, menganggap kelesuan sekadar kenormalan baru kita, dan berhenti membayangkan bahwa kepuasan sesungguhnya mungkin bagi orang seperti kita. Janji Yeremia menentang keputusasaan itu. Ia menyebut kelelahan dan kelesuan dengan jelas, tanpa meremehkannya, lalu menyatakan bahwa maksud Allah bukan meninggalkan kita di sana, melainkan menyegarkan dan memuaskan tepat apa yang telah kering.

Ada baiknya mengingat konteks di mana janji ini muncul. Yeremia berbicara kepada umat yang terbuang, umat yang punya segala alasan untuk percaya bahwa kondisi mereka yang terkuras dan terusir itu permanen. Jika penyegaran Allah menjangkau orang-orang dalam keadaan itu, itu tidak hanya disediakan bagi mereka yang kelelahannya punya sebab yang rapi dan cepat selesai. Itu menjangkau orang-orang dalam musim yang benar-benar panjang dan berat, orang-orang yang kelelahannya sudah berlangsung jauh lebih lama daripada yang mereka duga.

Di mana pun kamu berada dalam musim panjangmu sendiri, biarlah janji ini mengendap hari ini: Aku akan menyegarkan jiwa yang lelah lesu, dan setiap jiwa yang merana akan Kupuaskan. Bukan nanti, pada suatu masa depan yang samar. Inilah siapa Allah, secara aktif, bagi orang-orang yang lelah, sekarang juga.","Jeremiah 31:25 | I will refresh the weary and satisfy the faint.","Yeremia 31:25 | Sebab Aku akan memberi minum kepada jiwa yang lelah lesu, dan setiap jiwa yang merana akan Kupuaskan.","Have you started to believe weariness is simply your permanent state? What would it mean to expect actual refreshment instead?","Sudahkah kamu mulai percaya bahwa kelelahan adalah kondisi permanenmu? Apa artinya jika kamu mengharapkan penyegaran yang sesungguhnya sebagai gantinya?","Lord, I have started to expect exhaustion as my normal. Thank you for promising to refresh the weary and satisfy the faint, not someday, but now. Meet me in my tiredness today and fill what has emptied out. Amen.","Tuhan, aku mulai berharap kelelahan sebagai keadaan normalku. Terima kasih karena Engkau berjanji menyegarkan yang lelah lesu dan memuaskan yang merana, bukan suatu hari nanti, tetapi sekarang. Jumpailah aku dalam kelelahanku hari ini dan penuhilah apa yang telah kosong. Amin."
"Healing","Pemulihan","Restoring a Weary Spirit","Memulihkan Jiwa yang Lelah","Green Pastures Again","Padang Rumput yang Hijau Sekali Lagi","A 7-day journey of renewal after a long, depleting season","Perjalanan 7 hari menuju pemulihan setelah musim panjang yang menguras","7","For those emerging from a long season that has drained them slowly, quietly, and thoroughly, this seven-day journey walks through the Good Shepherd's care, the vine that keeps us alive, and the watered garden God promises to the weary soul, tracing a gradual path from depletion back toward genuine, unhurried renewal.","Bagi mereka yang keluar dari musim panjang yang menguras perlahan, diam-diam, dan menyeluruh, perjalanan tujuh hari ini menelusuri perhatian Gembala yang Baik, pokok anggur yang menopang kehidupan kita, dan taman yang berair yang Allah janjikan bagi jiwa yang lelah, menapaki jalan bertahap dari keterkurasan menuju pemulihan sejati yang tidak tergesa-gesa.","A soft ink-wash and watercolor illustration in a Japanese-influenced style with visible brush texture and generous white space: a winding shepherd's path descends gently toward a still blue-green pond fed by a quiet spring, surrounded by tall reeds and a few grazing sheep resting in dappled shade beneath a solitary tree, the whole scene rendered in loose, breathing brushstrokes that leave open air around the subject. Palette: deep jade green, misty blue-grey, soft ivory, and a touch of warm ochre light. The mood is spacious, slow, and deeply peaceful, like the first calm breath after a long season of strain. All lettering is grouped together at the very top of the composition for maximum legibility, stacked on a soft solid-color band or gentle scrim so it stays readable against the artwork behind it: the title ""Green Pastures Again"" first, largest, in an elegant flowing brush-script lettering; directly beneath it the smaller subtitle ""A 7-day journey of renewal after a long, depleting season""; and directly beneath the subtitle a compact rounded pill reading ""7 DAYS"" in bold small caps. Nothing else overlaps the illustration below. Mood: spacious, slow, deeply peaceful.","","5","Silence Before God","Berdiam Diri di Hadapan Allah","After enough striving, silence can feel unfamiliar, even uncomfortable. We are used to filling space with plans, with problem-solving, with the next useful thing to say or do. The psalmist offers a different posture: truly my soul finds rest in God; my salvation comes from him. The word truly suggests a correction, as though the psalmist had been looking elsewhere for rest first and was now returning to the only place it could actually be found.

A long depleting season often trains us to keep talking, keep planning, keep managing, because stillness can feel like losing ground. But the rest described here is not passive helplessness. It flows directly from trust: he alone is my rock and my salvation; he is my fortress, I will never be shaken. The stillness is possible precisely because the psalmist has somewhere secure to rest, not because nothing needs attention anymore.

This kind of soul-rest is different from simply being unoccupied. You can be sitting quietly and still be spiritually restless, mentally rehearsing every unresolved problem. True rest in God involves actually setting those things down in his presence, trusting that he holds them, rather than merely pausing the activity while the anxious grip stays tight. It is a rest of the grip, not just the hands.

Take a portion of today, even five or ten quiet minutes, and practice this literally. Sit without an agenda. Let your soul settle toward God rather than toward the next task. Say, if it helps, truly my soul finds rest in God, and let the silence itself be part of the prayer.","Setelah cukup lama berjuang, keheningan bisa terasa asing, bahkan tidak nyaman. Kita terbiasa mengisi ruang dengan rencana, dengan memecahkan masalah, dengan hal berguna berikutnya untuk dikatakan atau dilakukan. Pemazmur menawarkan sikap yang berbeda: hanya dekat Allah saja aku tenang, dari pada-Nyalah keselamatanku. Kata hanya menyiratkan sebuah koreksi, seolah pemazmur sebelumnya mencari ketenangan di tempat lain dan sekarang kembali ke satu-satunya tempat yang bisa benar-benar ditemukannya.

Musim panjang yang menguras sering melatih kita untuk terus berbicara, terus merencanakan, terus mengelola, karena keheningan bisa terasa seperti kehilangan kendali. Namun ketenangan yang digambarkan di sini bukan ketidakberdayaan yang pasif. Ketenangan itu mengalir langsung dari kepercayaan: hanya Dialah gunung batuku dan keselamatanku, kota bentengku, aku tidak akan goyah. Ketenangan itu mungkin justru karena pemazmur punya tempat aman untuk beristirahat, bukan karena tidak ada lagi yang perlu diperhatikan.

Jenis ketenangan jiwa ini berbeda dari sekadar tidak sibuk. Kamu bisa duduk dengan tenang dan tetap gelisah secara rohani, terus memutar ulang setiap masalah yang belum terselesaikan dalam pikiran. Ketenangan sejati dalam Allah melibatkan benar-benar meletakkan hal-hal itu di hadirat-Nya, memercayakan bahwa Ia memegangnya, bukan sekadar menghentikan aktivitas sementara genggaman cemas tetap erat. Ini ketenangan dari genggaman itu, bukan hanya dari tangan.

Ambil sebagian dari hari ini, bahkan lima atau sepuluh menit yang tenang, dan praktikkan ini secara harfiah. Duduklah tanpa agenda. Biarkan jiwamu mengendap ke arah Allah, bukan ke arah tugas berikutnya. Ucapkan, jika itu membantu, hanya dekat Allah saja aku tenang, dan biarkan keheningan itu sendiri menjadi bagian dari doa.","Psalm 62:1-2 | Truly my soul finds rest in God; my salvation comes from him. Truly he is my rock and my salvation; he is my fortress, I will never be shaken.","Mazmur 62:1-2 | Hanya dekat Allah saja aku tenang, dari pada-Nyalah keselamatanku. Hanya Dialah gunung batuku dan keselamatanku, kota bentengku, aku tidak akan goyah.","Where have you been seeking rest for your soul that was never able to give it, instead of resting in God alone?","Di mana selama ini kamu mencari ketenangan bagi jiwamu yang sebenarnya tidak pernah bisa memberikannya, alih-alih beristirahat hanya dalam Allah?","Lord, my soul has been busy searching everywhere except with you. Truly, let my soul find rest in you today. Be my rock while I set down what I have been carrying, and let me sit still in your presence a while. Amen.","Tuhan, jiwaku telah sibuk mencari ke mana-mana kecuali kepada-Mu. Sungguh, biarlah jiwaku menemukan ketenangan di dalam-Mu hari ini. Jadilah gunung batuku selagi aku meletakkan apa yang selama ini kupikul, dan biarkan aku duduk diam di hadirat-Mu sejenak. Amin."
"Healing","Pemulihan","Restoring a Weary Spirit","Memulihkan Jiwa yang Lelah","Green Pastures Again","Padang Rumput yang Hijau Sekali Lagi","A 7-day journey of renewal after a long, depleting season","Perjalanan 7 hari menuju pemulihan setelah musim panjang yang menguras","7","For those emerging from a long season that has drained them slowly, quietly, and thoroughly, this seven-day journey walks through the Good Shepherd's care, the vine that keeps us alive, and the watered garden God promises to the weary soul, tracing a gradual path from depletion back toward genuine, unhurried renewal.","Bagi mereka yang keluar dari musim panjang yang menguras perlahan, diam-diam, dan menyeluruh, perjalanan tujuh hari ini menelusuri perhatian Gembala yang Baik, pokok anggur yang menopang kehidupan kita, dan taman yang berair yang Allah janjikan bagi jiwa yang lelah, menapaki jalan bertahap dari keterkurasan menuju pemulihan sejati yang tidak tergesa-gesa.","A soft ink-wash and watercolor illustration in a Japanese-influenced style with visible brush texture and generous white space: a winding shepherd's path descends gently toward a still blue-green pond fed by a quiet spring, surrounded by tall reeds and a few grazing sheep resting in dappled shade beneath a solitary tree, the whole scene rendered in loose, breathing brushstrokes that leave open air around the subject. Palette: deep jade green, misty blue-grey, soft ivory, and a touch of warm ochre light. The mood is spacious, slow, and deeply peaceful, like the first calm breath after a long season of strain. All lettering is grouped together at the very top of the composition for maximum legibility, stacked on a soft solid-color band or gentle scrim so it stays readable against the artwork behind it: the title ""Green Pastures Again"" first, largest, in an elegant flowing brush-script lettering; directly beneath it the smaller subtitle ""A 7-day journey of renewal after a long, depleting season""; and directly beneath the subtitle a compact rounded pill reading ""7 DAYS"" in bold small caps. Nothing else overlaps the illustration below. Mood: spacious, slow, deeply peaceful.","","6","Renewed From the Inside","Diperbarui dari Dalam","Paul, writing from circumstances far harder than most seasons of ordinary burnout, offers a striking distinction: outwardly we are wasting away, yet inwardly we are being renewed day by day. He does not deny the wasting away. Anyone coming out of a long depleting season knows exactly what he means; something visible and tangible has been worn down, whether it is energy, enthusiasm, or a sense of who we used to be before the exhaustion set in. Paul does not ask us to pretend that part away.

But he names a second, quieter process happening underneath the visible wear: an inward renewal, occurring day by day rather than all at once. This is important for anyone waiting for a single dramatic turnaround. Renewal, in Paul's language, is not usually one decisive moment where everything suddenly feels restored. It is incremental, daily, often imperceptible from the outside, closer to how a plant grows than how a light switches on.

This matters because after a long depleting season, we can grow discouraged that the recovery feels slow, that we still have hard days even after doing all the right things, resting, praying, seeking help. Paul's language gives permission for that slowness. The outward wasting and the inward renewing can be happening at the same time, in the same person, in the same week. Recovery is not proof that renewal has failed to happen; it is often simply what renewal looks like while it is still underway.

Wherever you are today, even if outwardly you still feel worn, trust that something quieter and deeper may be happening beneath the surface, renewed day by day, in a timeline that is God's rather than your own.","Paulus, menulis dari keadaan yang jauh lebih berat daripada kebanyakan musim kelelahan biasa, menawarkan sebuah perbedaan yang mencolok: manusia lahiriah kami semakin merosot, tetapi manusia batiniah kami diperbaharui dari sehari ke sehari. Ia tidak menyangkal kemerosotan itu. Siapa pun yang baru keluar dari musim panjang yang menguras tahu persis apa yang ia maksud; sesuatu yang tampak dan nyata telah aus, entah itu energi, semangat, atau rasa akan siapa diri kita dulu sebelum kelelahan itu mulai. Paulus tidak meminta kita berpura-pura bagian itu tidak ada.

Namun ia menyebut sebuah proses kedua yang lebih tenang yang terjadi di bawah keausan yang terlihat: pembaruan batiniah, yang terjadi dari sehari ke sehari, bukan sekaligus. Ini penting bagi siapa pun yang menunggu satu momen dramatis yang mengubah segalanya. Pembaruan, dalam bahasa Paulus, biasanya bukan satu momen tegas di mana segalanya tiba-tiba terasa pulih. Pembaruan itu bertahap, harian, sering tidak kelihatan dari luar, lebih mirip cara tanaman tumbuh daripada cara saklar lampu dinyalakan.

Ini penting karena setelah musim panjang yang menguras, kita bisa menjadi patah semangat karena pemulihan terasa lambat, karena kita masih mengalami hari-hari sulit bahkan setelah melakukan semua hal yang benar, beristirahat, berdoa, mencari pertolongan. Bahasa Paulus memberi izin untuk kelambatan itu. Kemerosotan lahiriah dan pembaruan batiniah bisa terjadi pada saat yang sama, pada orang yang sama, pada minggu yang sama. Pemulihan yang belum tuntas bukan bukti bahwa pembaruan gagal terjadi; itu sering kali sekadar rupa pembaruan selagi masih berlangsung.

Di mana pun kamu berada hari ini, bahkan jika secara lahiriah kamu masih merasa aus, percayalah bahwa sesuatu yang lebih tenang dan lebih dalam mungkin sedang terjadi di bawah permukaan, diperbaharui dari sehari ke sehari, dalam garis waktu milik Allah, bukan milikmu sendiri.","2 Corinthians 4:16 | Therefore we do not lose heart. Though outwardly we are wasting away, yet inwardly we are being renewed day by day.","2 Korintus 4:16 | Sebab itu kami tidak tawar hati, tetapi meskipun manusia lahiriah kami semakin merosot, namun manusia batiniah kami diperbaharui dari sehari ke sehari.","Can you trust that a quiet inward renewal might be happening even on the days when you still feel worn down outwardly?","Bisakah kamu percaya bahwa pembaruan batiniah yang tenang mungkin sedang terjadi bahkan pada hari-hari kamu masih merasa aus secara lahiriah?","Lord, some days the wasting away is all I can feel. Thank you that you are renewing me inwardly day by day, even when I cannot see it yet. Help me not to lose heart while I wait for that renewal to surface. Amen.","Tuhan, ada hari-hari yang bisa kurasakan hanyalah kemerosotan itu. Terima kasih karena Engkau memperbaharui aku secara batiniah dari sehari ke sehari, bahkan ketika aku belum bisa melihatnya. Tolong aku untuk tidak tawar hati selagi menunggu pembaruan itu tampak. Amin."
"Healing","Pemulihan","Restoring a Weary Spirit","Memulihkan Jiwa yang Lelah","Green Pastures Again","Padang Rumput yang Hijau Sekali Lagi","A 7-day journey of renewal after a long, depleting season","Perjalanan 7 hari menuju pemulihan setelah musim panjang yang menguras","7","For those emerging from a long season that has drained them slowly, quietly, and thoroughly, this seven-day journey walks through the Good Shepherd's care, the vine that keeps us alive, and the watered garden God promises to the weary soul, tracing a gradual path from depletion back toward genuine, unhurried renewal.","Bagi mereka yang keluar dari musim panjang yang menguras perlahan, diam-diam, dan menyeluruh, perjalanan tujuh hari ini menelusuri perhatian Gembala yang Baik, pokok anggur yang menopang kehidupan kita, dan taman yang berair yang Allah janjikan bagi jiwa yang lelah, menapaki jalan bertahap dari keterkurasan menuju pemulihan sejati yang tidak tergesa-gesa.","A soft ink-wash and watercolor illustration in a Japanese-influenced style with visible brush texture and generous white space: a winding shepherd's path descends gently toward a still blue-green pond fed by a quiet spring, surrounded by tall reeds and a few grazing sheep resting in dappled shade beneath a solitary tree, the whole scene rendered in loose, breathing brushstrokes that leave open air around the subject. Palette: deep jade green, misty blue-grey, soft ivory, and a touch of warm ochre light. The mood is spacious, slow, and deeply peaceful, like the first calm breath after a long season of strain. All lettering is grouped together at the very top of the composition for maximum legibility, stacked on a soft solid-color band or gentle scrim so it stays readable against the artwork behind it: the title ""Green Pastures Again"" first, largest, in an elegant flowing brush-script lettering; directly beneath it the smaller subtitle ""A 7-day journey of renewal after a long, depleting season""; and directly beneath the subtitle a compact rounded pill reading ""7 DAYS"" in bold small caps. Nothing else overlaps the illustration below. Mood: spacious, slow, deeply peaceful.","","7","Overflowing With Hope","Berlimpah-limpah dalam Pengharapan","This journey closes on a benediction rather than an instruction, and that feels fitting. Paul prays that the God of hope may fill you with all joy and peace as you trust in him, so that you may overflow with hope by the power of the Holy Spirit. Notice the source of what he prays for: not joy and peace that we manufacture through effort, but joy and peace that come from being filled, from a power that is not our own. After a long season, this is exactly what is needed, not another strategy, but a filling.

There is something significant in the word overflow. Paul does not pray for a bare minimum of hope, just enough to get by. He prays for abundance, for more than the person can contain, spilling out beyond their own capacity. This matters for anyone who has spent a season rationing hope carefully, doling it out in small amounts because there did not seem to be enough to spare. God's intention, according to this prayer, is not scarcity but overflow.

It is also worth noticing that this fullness is tied to trust, not to circumstances resolving first. Paul is not praying that hardship ends and joy follows. He is praying that joy and peace fill a person as they trust, in the middle of whatever is still true about their situation. This means the overflow this prayer describes is available now, in this season, not only after restoration is complete and visible.

As you finish these seven days, receive this as a blessing over your own weary spirit: may the God of hope fill you with all joy and peace as you trust in him, so that you overflow with hope by the power of the Holy Spirit. Not because the season is over, but because he is faithful in the middle of it, and he intends far more for you than merely getting by.","Perjalanan ini ditutup dengan berkat, bukan instruksi, dan itu terasa tepat. Paulus berdoa semoga Allah, sumber pengharapan, memenuhi kamu dengan segala sukacita dan damai sejahtera dalam iman kamu, supaya oleh kekuatan Roh Kudus kamu berlimpah-limpah dalam pengharapan. Perhatikan sumber dari apa yang ia doakan: bukan sukacita dan damai yang kita ciptakan lewat usaha, tetapi sukacita dan damai yang datang dari dipenuhi, dari kuasa yang bukan milik kita sendiri. Setelah musim panjang, inilah yang sesungguhnya dibutuhkan, bukan strategi lain, melainkan pengisian.

Ada sesuatu yang penting dalam kata berlimpah-limpah. Paulus tidak berdoa untuk pengharapan seadanya, hanya cukup untuk bertahan. Ia berdoa untuk kelimpahan, lebih dari yang bisa ditampung seseorang, tumpah melampaui kapasitasnya sendiri. Ini penting bagi siapa pun yang telah menghabiskan satu musim menjatah pengharapan dengan hati-hati, membaginya sedikit demi sedikit karena rasanya tidak cukup untuk dibagikan. Maksud Allah, menurut doa ini, bukanlah kekurangan melainkan kelimpahan.

Perlu diperhatikan juga bahwa kepenuhan ini terkait dengan iman, bukan dengan keadaan yang harus selesai lebih dulu. Paulus tidak berdoa agar kesulitan berakhir baru sukacita menyusul. Ia berdoa agar sukacita dan damai memenuhi seseorang selagi ia percaya, di tengah apa pun yang masih berlaku atas keadaannya. Ini berarti kelimpahan yang digambarkan doa ini tersedia sekarang, dalam musim ini, bukan hanya setelah pemulihan selesai dan terlihat.

Saat kamu menyelesaikan tujuh hari ini, terimalah ini sebagai berkat atas jiwamu yang lelah: semoga Allah, sumber pengharapan, memenuhi kamu dengan segala sukacita dan damai sejahtera dalam iman kamu, supaya oleh kekuatan Roh Kudus kamu berlimpah-limpah dalam pengharapan. Bukan karena musim ini telah berakhir, melainkan karena Ia setia di tengah-tengahnya, dan Ia bermaksud jauh lebih banyak bagimu daripada sekadar bertahan.","Romans 15:13 | May the God of hope fill you with all joy and peace as you trust in him, so that you may overflow with hope by the power of the Holy Spirit.","Roma 15:13 | Semoga Allah, sumber pengharapan, memenuhi kamu dengan segala sukacita dan damai sejahtera dalam iman kamu, supaya oleh kekuatan Roh Kudus kamu berlimpah-limpah dalam pengharapan.","What would it mean to receive an overflow of hope today, rather than rationing just enough to get by?","Apa artinya menerima kelimpahan pengharapan hari ini, bukan menjatah hanya secukupnya untuk bertahan?","God of hope, fill me with joy and peace as I trust in you today. I do not ask for just enough to get by. I ask for overflow, by the power of your Spirit, so that my weary spirit might finally be restored. Amen.","Allah, sumber pengharapan, penuhilah aku dengan sukacita dan damai sejahtera selagi aku percaya kepada-Mu hari ini. Aku tidak meminta sekadar cukup untuk bertahan. Aku meminta kelimpahan, oleh kekuatan Roh-Mu, supaya jiwaku yang lelah akhirnya benar-benar dipulihkan. Amin."