"category","category_id","sub_category","sub_category_id","plan_title_en","plan_title_id","subtitle_en","subtitle_id","total_days","summary_en","summary_id","cover_prompt","cover_url","day","section_title_en","section_title_id","devotion_en","devotion_id","verses_en","verses_id","reflection_en","reflection_id","prayer_en","prayer_id"
"Peace","Damai","Peace with God","Damai dengan Allah","Made Right With Him","Dibenarkan Bersama-Nya","Resting in a peace you didn't earn","Beristirahat dalam damai yang bukan hasil usahamu","5","A five-day journey through Paul's teaching on justification, for anyone who has spent years trying to feel good enough for God. Each day rests on one truth: peace with God is not a prize we win by performing better, but a gift secured once for all through the cross of Jesus Christ.","Perjalanan lima hari menyusuri pengajaran Paulus tentang pembenaran, bagi siapa saja yang bertahun-tahun berusaha merasa cukup layak di hadapan Allah. Setiap hari berpijak pada satu kebenaran: damai dengan Allah bukan hadiah yang kita menangkan lewat perbuatan baik, melainkan pemberian yang sudah dijamin sekali untuk selamanya melalui salib Yesus Kristus.","A portrait-orientation 3:4 gouache painting of a single wooden door standing open in the middle of a sunlit field, warm golden light pouring out from the doorway and spilling across the grass toward the viewer, a worn dirt path leading up to the threshold. The style is soft, textured gouache with visible brushstrokes, in a palette of warm ochre, dusty rose, muted olive green, and cream, evoking quiet relief rather than drama. All lettering is grouped together at the very top of the composition for maximum legibility, stacked on a soft solid-color band or gentle scrim so it stays readable against the artwork behind it: the title ""Made Right With Him"" first, largest, in a warm hand-lettered serif; directly beneath it the smaller subtitle ""Resting in a peace you didn't earn""; and directly beneath the subtitle a compact rounded pill reading ""5 DAYS"" in bold small caps. Nothing else overlaps the illustration below. Mood: settled, grateful rest after long striving.","","1","The Verdict Has Changed","Vonis Itu Telah Berubah","Many of us carry around a quiet, low-grade dread that if God really saw everything inside us, He would be disappointed. We imagine Him the way we imagine a strict judge, tallying up our failures, waiting for us to slip so the case against us grows heavier. That picture is exhausting to live under, and it is not the picture Scripture actually gives us once we belong to Christ.

Paul writes to the church in Rome with a courtroom word: justified. It means declared righteous, the case closed in our favor, not because we argued our way to innocence but because someone else's righteousness was credited to our account. The moment we trust in Jesus, the verdict changes. We stop being defendants hoping for leniency and become people who have already been acquitted.

What follows that verdict is peace. Not a feeling we manufacture by trying harder, but a settled reality that flows directly from the verdict itself. Romans 5:1 does not say we have peace with God because we behaved well enough that week. It says we have peace with God through our Lord Jesus Christ, full stop. The ground of our peace is entirely outside ourselves.

If you have been living as though God's opinion of you rises and falls with your performance, this is an invitation to rest in a verdict that has already been handed down. You are not waiting for the trial. The trial is over, and because of Christ, you were found righteous. Peace is not something you are still working toward; it is something you now stand in.","Banyak dari kita menyimpan kekhawatiran diam-diam bahwa jika Allah benar-benar melihat seluruh isi hati kita, Dia pasti kecewa. Kita membayangkan-Nya seperti hakim yang keras, mencatat setiap kegagalan, menunggu kita jatuh supaya tuduhan terhadap kita semakin berat. Gambaran itu melelahkan untuk dijalani, dan itu bukan gambaran yang sesungguhnya diberikan Alkitab kepada kita setelah kita menjadi milik Kristus.

Paulus menulis kepada jemaat di Roma dengan istilah pengadilan: dibenarkan. Artinya dinyatakan benar, perkara ditutup demi keuntungan kita, bukan karena kita berhasil membuktikan diri tidak bersalah, melainkan karena kebenaran orang lain diperhitungkan atas nama kita. Saat kita percaya kepada Yesus, vonis itu berubah. Kita berhenti menjadi terdakwa yang berharap keringanan hukuman, dan menjadi orang yang sudah dibebaskan.

Yang mengikuti vonis itu adalah damai sejahtera. Bukan perasaan yang kita ciptakan dengan berusaha lebih keras, melainkan kenyataan yang kokoh, yang mengalir langsung dari vonis itu sendiri. Roma 5:1 tidak mengatakan kita mempunyai damai dengan Allah karena kita berperilaku cukup baik minggu itu. Ayat itu mengatakan kita mempunyai damai sejahtera dengan Allah oleh karena Tuhan kita Yesus Kristus, titik. Dasar damai kita sepenuhnya berada di luar diri kita sendiri.

Jika selama ini engkau hidup seolah-olah pandangan Allah terhadapmu naik turun mengikuti prestasimu, ini adalah undangan untuk beristirahat dalam vonis yang sudah dijatuhkan. Engkau tidak sedang menunggu persidangan. Persidangan telah selesai, dan karena Kristus, engkau dinyatakan benar. Damai sejahtera bukan sesuatu yang masih kau usahakan; itu sesuatu yang sekarang kau pijaki.","Romans 5:1 | Therefore, since we have been justified through faith, we have peace with God through our Lord Jesus Christ.","Roma 5:1 | Sebab itu, kita yang dibenarkan karena iman, kita hidup dalam damai sejahtera dengan Allah oleh karena Tuhan kita, Yesus Kristus.","Where in your life are you still trying to earn a verdict God has already handed down in Christ?","Di bagian hidupmu yang mana engkau masih berusaha mendapatkan vonis yang sebenarnya sudah Allah berikan dalam Kristus?","Lord Jesus, thank You that my standing with the Father does not rise and fall with my performance. Help me to actually rest in the verdict You secured for me, and to stop living like the trial is still going on. Amen.","Tuhan Yesus, terima kasih karena kedudukanku di hadapan Bapa tidak naik turun mengikuti prestasiku. Tolong aku sungguh-sungguh beristirahat dalam vonis yang telah Engkau amankan bagiku, dan berhenti hidup seolah-olah persidangan masih berlangsung. Amin."
"Peace","Damai","Peace with God","Damai dengan Allah","Made Right With Him","Dibenarkan Bersama-Nya","Resting in a peace you didn't earn","Beristirahat dalam damai yang bukan hasil usahamu","5","A five-day journey through Paul's teaching on justification, for anyone who has spent years trying to feel good enough for God. Each day rests on one truth: peace with God is not a prize we win by performing better, but a gift secured once for all through the cross of Jesus Christ.","Perjalanan lima hari menyusuri pengajaran Paulus tentang pembenaran, bagi siapa saja yang bertahun-tahun berusaha merasa cukup layak di hadapan Allah. Setiap hari berpijak pada satu kebenaran: damai dengan Allah bukan hadiah yang kita menangkan lewat perbuatan baik, melainkan pemberian yang sudah dijamin sekali untuk selamanya melalui salib Yesus Kristus.","A portrait-orientation 3:4 gouache painting of a single wooden door standing open in the middle of a sunlit field, warm golden light pouring out from the doorway and spilling across the grass toward the viewer, a worn dirt path leading up to the threshold. The style is soft, textured gouache with visible brushstrokes, in a palette of warm ochre, dusty rose, muted olive green, and cream, evoking quiet relief rather than drama. All lettering is grouped together at the very top of the composition for maximum legibility, stacked on a soft solid-color band or gentle scrim so it stays readable against the artwork behind it: the title ""Made Right With Him"" first, largest, in a warm hand-lettered serif; directly beneath it the smaller subtitle ""Resting in a peace you didn't earn""; and directly beneath the subtitle a compact rounded pill reading ""5 DAYS"" in bold small caps. Nothing else overlaps the illustration below. Mood: settled, grateful rest after long striving.","","2","No More Earning","Bukan Lagi Soal Usaha","There is a particular kind of tiredness that comes from trying to earn something that can never actually be earned. Some of us grew up believing that love and approval had to be won, so we carried that same logic into our relationship with God without even noticing. We prayed longer, served harder, tried to feel sorrier for our sins, hoping the effort would finally tip the scales in our favor.

Paul cuts straight through that exhausting math. He says we are justified freely by grace, through the redemption that came by Christ Jesus. The word freely is important; it means without cost to us, as a gift. Grace by definition cannot be earned, because the instant it is earned it stops being grace and becomes wages. God did not lower the bar so we could reach it. He met the full cost Himself, in His Son, and then gave us the result as a gift.

This is genuinely hard for many of us to receive, because we are used to systems where nothing is free. But the gospel keeps insisting on this scandalous generosity: redemption already purchased, righteousness already given, peace already secured. Our part is not to add to the payment but to receive what has already been paid in full.

Consider today what it would mean to actually stop earning. Not to stop loving God or wanting to please Him, but to stop treating His acceptance of you as a wage you have to keep collecting. You were justified freely. Let that word freely settle into the tired places in your soul.","Ada kelelahan tertentu yang muncul karena berusaha mendapatkan sesuatu yang sebenarnya tidak bisa diperoleh dengan usaha. Sebagian dari kita dibesarkan dengan keyakinan bahwa kasih dan penerimaan harus diperjuangkan, sehingga kita tanpa sadar membawa logika yang sama ke dalam hubungan kita dengan Allah. Kita berdoa lebih lama, melayani lebih giat, berusaha merasa lebih menyesal atas dosa kita, berharap usaha itu akhirnya membuat timbangan berpihak kepada kita.

Paulus langsung memotong perhitungan yang melelahkan itu. Ia berkata bahwa kita dibenarkan dengan cuma-cuma karena kasih karunia, melalui penebusan dalam Kristus Yesus. Kata cuma-cuma itu penting; artinya tanpa biaya bagi kita, sebagai pemberian. Kasih karunia menurut definisinya tidak bisa diperoleh dengan usaha, sebab begitu diperoleh dengan usaha, ia berhenti menjadi kasih karunia dan berubah menjadi upah. Allah tidak menurunkan standar supaya bisa kita capai. Dia sendiri yang menanggung seluruh biayanya, dalam diri Putra-Nya, lalu memberikan hasilnya kepada kita sebagai hadiah.

Ini sungguh sulit diterima oleh banyak dari kita, karena kita terbiasa dengan sistem di mana tidak ada yang gratis. Tetapi Injil terus menegaskan kemurahan yang menakjubkan ini: penebusan sudah dibayar lunas, kebenaran sudah diberikan, damai sejahtera sudah diamankan. Bagian kita bukan menambah pembayaran, melainkan menerima apa yang sudah dilunasi sepenuhnya.

Pikirkan hari ini apa artinya benar-benar berhenti berusaha mendapatkannya. Bukan berhenti mengasihi Allah atau ingin menyenangkan-Nya, melainkan berhenti memperlakukan penerimaan-Nya atas dirimu seperti upah yang harus terus kau kumpulkan. Engkau dibenarkan dengan cuma-cuma. Biarkan kata cuma-cuma itu meresap ke tempat-tempat yang lelah dalam jiwamu.","Romans 3:24 | and all are justified freely by his grace through the redemption that came by Christ Jesus.","Roma 3:24 | dan oleh kasih karunia telah dibenarkan dengan cuma-cuma karena penebusan dalam Kristus Yesus.","What would change today if you truly believed God's acceptance of you is a gift, not a wage you're still earning?","Apa yang akan berubah hari ini jika engkau sungguh percaya bahwa penerimaan Allah atas dirimu adalah pemberian, bukan upah yang masih kau kumpulkan?","Father, forgive me for the ways I keep trying to buy what You have already given freely. Teach me to receive Your grace as a gift rather than chase it as a wage. Amen.","Bapa, ampuni aku karena caraku terus berusaha membeli apa yang sudah Engkau berikan dengan cuma-cuma. Ajar aku menerima kasih karunia-Mu sebagai pemberian, bukan mengejarnya seperti upah. Amin."
"Peace","Damai","Peace with God","Damai dengan Allah","Made Right With Him","Dibenarkan Bersama-Nya","Resting in a peace you didn't earn","Beristirahat dalam damai yang bukan hasil usahamu","5","A five-day journey through Paul's teaching on justification, for anyone who has spent years trying to feel good enough for God. Each day rests on one truth: peace with God is not a prize we win by performing better, but a gift secured once for all through the cross of Jesus Christ.","Perjalanan lima hari menyusuri pengajaran Paulus tentang pembenaran, bagi siapa saja yang bertahun-tahun berusaha merasa cukup layak di hadapan Allah. Setiap hari berpijak pada satu kebenaran: damai dengan Allah bukan hadiah yang kita menangkan lewat perbuatan baik, melainkan pemberian yang sudah dijamin sekali untuk selamanya melalui salib Yesus Kristus.","A portrait-orientation 3:4 gouache painting of a single wooden door standing open in the middle of a sunlit field, warm golden light pouring out from the doorway and spilling across the grass toward the viewer, a worn dirt path leading up to the threshold. The style is soft, textured gouache with visible brushstrokes, in a palette of warm ochre, dusty rose, muted olive green, and cream, evoking quiet relief rather than drama. All lettering is grouped together at the very top of the composition for maximum legibility, stacked on a soft solid-color band or gentle scrim so it stays readable against the artwork behind it: the title ""Made Right With Him"" first, largest, in a warm hand-lettered serif; directly beneath it the smaller subtitle ""Resting in a peace you didn't earn""; and directly beneath the subtitle a compact rounded pill reading ""5 DAYS"" in bold small caps. Nothing else overlaps the illustration below. Mood: settled, grateful rest after long striving.","","3","The Great Exchange","Pertukaran yang Ajaib","It is one thing to know we have done wrong; it is another to feel like wrong is woven into the fabric of who we are. Guilt says I did something bad. Shame says I am something bad. Many of us live closer to shame than we realize, quietly certain that if God really looked at us, He would see nothing but the mess.

Second Corinthians 5:21 answers that fear with one of the most startling exchanges in all of Scripture. God made Him who had no sin to be sin for us, so that in Him we might become the righteousness of God. Jesus, sinless, took on our sin at the cross, all of it, fully and finally. And in exchange, we who trust Him receive His righteousness, not as a loan but as our new identity.

This is not a partial trade. It is not that Jesus took some of our sin and left the rest for us to manage on our own. It is not that we become slightly more acceptable to God through our own effort added to His. The exchange is total: our sin fully laid on Him, His righteousness fully given to us. There is nothing left over for us to carry alone.

This is the deep foundation of peace with God. Not that we have become sinless in our behavior, but that in Christ, God now sees us clothed in His Son's righteousness. When shame whispers that you are fundamentally unacceptable, this verse answers back: you have been given a new identity, and it was purchased at infinite cost.","Mengetahui bahwa kita berbuat salah adalah satu hal; merasa bahwa kesalahan itu tertenun dalam jati diri kita adalah hal lain. Rasa bersalah berkata, aku melakukan sesuatu yang buruk. Rasa malu berkata, aku adalah sesuatu yang buruk. Banyak dari kita hidup lebih dekat dengan rasa malu daripada yang kita sadari, diam-diam yakin bahwa jika Allah benar-benar melihat kita, Dia hanya akan melihat kekacauan.

2 Korintus 5:21 menjawab ketakutan itu dengan salah satu pertukaran paling mengejutkan dalam seluruh Alkitab. Dia yang tidak mengenal dosa telah dibuat-Nya menjadi dosa karena kita, supaya dalam Dia kita dibenarkan oleh Allah. Yesus, yang tak berdosa, menanggung dosa kita di kayu salib, seluruhnya, sepenuhnya dan untuk selamanya. Dan sebagai gantinya, kita yang percaya kepada-Nya menerima kebenaran-Nya, bukan sebagai pinjaman, melainkan sebagai identitas baru kita.

Ini bukan pertukaran sebagian. Bukan berarti Yesus mengambil sebagian dosa kita dan menyisakan sisanya untuk kita tanggung sendiri. Bukan berarti kita menjadi sedikit lebih layak di hadapan Allah melalui usaha kita sendiri ditambah usaha-Nya. Pertukaran itu total: dosa kita sepenuhnya ditanggungkan kepada-Nya, kebenaran-Nya sepenuhnya diberikan kepada kita. Tidak ada sisa yang harus kita pikul sendiri.

Inilah dasar terdalam dari damai dengan Allah. Bukan karena perilaku kita sudah tanpa dosa, melainkan karena di dalam Kristus, Allah sekarang melihat kita berpakaian kebenaran Putra-Nya. Ketika rasa malu berbisik bahwa engkau pada dasarnya tidak layak diterima, ayat ini menjawab: engkau telah diberi identitas baru, dan itu dibeli dengan harga yang tak terhingga.","2 Corinthians 5:21 | God made him who had no sin to be sin for us, so that in him we might become the righteousness of God.","2 Korintus 5:21 | Dia yang tidak mengenal dosa telah dibuat-Nya menjadi dosa karena kita, supaya dalam Dia kita dibenarkan oleh Allah.","Do you tend to relate to God out of guilt over what you've done, or shame over who you think you are? Bring that honestly to Him today.","Apakah engkau cenderung mendekati Allah dengan rasa bersalah atas apa yang telah kau lakukan, atau rasa malu atas siapa dirimu menurutmu? Bawalah itu dengan jujur kepada-Nya hari ini.","Jesus, thank You for taking my sin so completely that nothing is left for me to carry alone. Help me to actually believe I am clothed in Your righteousness, not my own patched-together goodness. Amen.","Yesus, terima kasih karena Engkau menanggung dosaku begitu sepenuhnya sehingga tidak ada yang tersisa untuk kupikul sendiri. Tolong aku sungguh percaya bahwa aku berpakaian kebenaran-Mu, bukan kebaikanku sendiri yang tertambal-tambal. Amin."
"Peace","Damai","Peace with God","Damai dengan Allah","Made Right With Him","Dibenarkan Bersama-Nya","Resting in a peace you didn't earn","Beristirahat dalam damai yang bukan hasil usahamu","5","A five-day journey through Paul's teaching on justification, for anyone who has spent years trying to feel good enough for God. Each day rests on one truth: peace with God is not a prize we win by performing better, but a gift secured once for all through the cross of Jesus Christ.","Perjalanan lima hari menyusuri pengajaran Paulus tentang pembenaran, bagi siapa saja yang bertahun-tahun berusaha merasa cukup layak di hadapan Allah. Setiap hari berpijak pada satu kebenaran: damai dengan Allah bukan hadiah yang kita menangkan lewat perbuatan baik, melainkan pemberian yang sudah dijamin sekali untuk selamanya melalui salib Yesus Kristus.","A portrait-orientation 3:4 gouache painting of a single wooden door standing open in the middle of a sunlit field, warm golden light pouring out from the doorway and spilling across the grass toward the viewer, a worn dirt path leading up to the threshold. The style is soft, textured gouache with visible brushstrokes, in a palette of warm ochre, dusty rose, muted olive green, and cream, evoking quiet relief rather than drama. All lettering is grouped together at the very top of the composition for maximum legibility, stacked on a soft solid-color band or gentle scrim so it stays readable against the artwork behind it: the title ""Made Right With Him"" first, largest, in a warm hand-lettered serif; directly beneath it the smaller subtitle ""Resting in a peace you didn't earn""; and directly beneath the subtitle a compact rounded pill reading ""5 DAYS"" in bold small caps. Nothing else overlaps the illustration below. Mood: settled, grateful rest after long striving.","","4","Faith, Not Performance","Iman, Bukan Prestasi","Performance is a language most of us understand fluently. We were graded in school, evaluated at work, measured against others in countless quiet ways. It makes sense, then, that we default to that same language when we think about God, as if faith were simply another performance category to master.

Paul, writing to the Galatians, pushes back hard against that instinct. He insists that a person is not justified by the works of the law but by faith in Jesus Christ. He is not saying good works don't matter; he is saying they were never the basis on which we are made right with God. Faith is different from performance because faith looks away from itself. It does not say look how well I am trusting; it simply looks to Christ.

This distinction matters enormously for peace. Performance always leaves room for doubt, because performance can always be better. Did I pray enough today? Was my faith strong enough this week? If our peace rests on the quality of our own faith, we are back on the treadmill. But if our peace rests on the object of our faith, on Jesus Himself, then even weak, trembling faith in a strong Savior is enough, because it was never about the strength of our grip. It is about the strength of the One holding us.

So today, notice where performance-thinking has crept back into your relationship with God. Then gently redirect your gaze, not inward to measure your own effort, but outward to Christ, who is trustworthy even when our faith feels small.","Prestasi adalah bahasa yang dipahami dengan fasih oleh kebanyakan dari kita. Kita dinilai di sekolah, dievaluasi di tempat kerja, diukur dibandingkan orang lain dalam banyak cara yang tak terhitung. Maka masuk akal jika kita secara otomatis memakai bahasa yang sama ketika memikirkan Allah, seolah-olah iman hanyalah kategori prestasi lain yang harus dikuasai.

Paulus, menulis kepada jemaat Galatia, melawan keras dorongan itu. Ia menegaskan bahwa manusia bukan dibenarkan oleh karena melakukan hukum Taurat, tetapi karena iman dalam Yesus Kristus. Ia tidak sedang berkata bahwa perbuatan baik tidak penting; ia berkata bahwa perbuatan baik tidak pernah menjadi dasar kita dibenarkan di hadapan Allah. Iman berbeda dari prestasi karena iman mengalihkan pandangan dari dirinya sendiri. Iman tidak berkata, lihatlah betapa baiknya aku percaya; iman hanya memandang kepada Kristus.

Perbedaan ini sangat penting bagi damai sejahtera. Prestasi selalu menyisakan ruang untuk ragu, sebab prestasi selalu bisa lebih baik lagi. Apakah aku sudah cukup berdoa hari ini? Apakah imanku cukup kuat minggu ini? Jika damai kita berdasar pada kualitas iman kita sendiri, kita kembali ke roda yang terus berputar. Tetapi jika damai kita berdasar pada objek iman kita, yaitu Yesus sendiri, maka iman yang lemah dan gemetar kepada Juruselamat yang kuat pun sudah cukup, sebab semuanya tidak pernah bergantung pada kekuatan genggaman kita. Semuanya bergantung pada kekuatan Dia yang menggenggam kita.

Maka hari ini, perhatikan di mana pola pikir prestasi telah menyusup kembali ke dalam hubunganmu dengan Allah. Lalu arahkan pandanganmu dengan lembut, bukan ke dalam untuk mengukur usahamu sendiri, melainkan ke luar kepada Kristus, yang layak dipercaya bahkan ketika imanmu terasa kecil.","Galatians 2:16 | know that a person is not justified by the works of the law, but by faith in Jesus Christ.","Galatia 2:16 | namun karena kita tahu, bahwa manusia bukan dibenarkan oleh karena melakukan hukum Taurat, tetapi karena iman dalam Yesus Kristus.","Where have you been measuring your standing with God by the strength of your own faith rather than the trustworthiness of Christ?","Di bagian mana engkau selama ini mengukur kedudukanmu di hadapan Allah dari kekuatan imanmu sendiri, bukan dari kelayakan dipercayanya Kristus?","Lord, my faith is often small and unsteady. Thank You that peace with You was never about the size of my faith but the sufficiency of Yours. Hold me even when my grip is weak. Amen.","Tuhan, imanku sering kecil dan goyah. Terima kasih karena damai dengan-Mu tidak pernah bergantung pada besarnya imanku, melainkan pada kecukupan-Mu. Peganglah aku bahkan ketika genggamanku lemah. Amin."
"Peace","Damai","Peace with God","Damai dengan Allah","Made Right With Him","Dibenarkan Bersama-Nya","Resting in a peace you didn't earn","Beristirahat dalam damai yang bukan hasil usahamu","5","A five-day journey through Paul's teaching on justification, for anyone who has spent years trying to feel good enough for God. Each day rests on one truth: peace with God is not a prize we win by performing better, but a gift secured once for all through the cross of Jesus Christ.","Perjalanan lima hari menyusuri pengajaran Paulus tentang pembenaran, bagi siapa saja yang bertahun-tahun berusaha merasa cukup layak di hadapan Allah. Setiap hari berpijak pada satu kebenaran: damai dengan Allah bukan hadiah yang kita menangkan lewat perbuatan baik, melainkan pemberian yang sudah dijamin sekali untuk selamanya melalui salib Yesus Kristus.","A portrait-orientation 3:4 gouache painting of a single wooden door standing open in the middle of a sunlit field, warm golden light pouring out from the doorway and spilling across the grass toward the viewer, a worn dirt path leading up to the threshold. The style is soft, textured gouache with visible brushstrokes, in a palette of warm ochre, dusty rose, muted olive green, and cream, evoking quiet relief rather than drama. All lettering is grouped together at the very top of the composition for maximum legibility, stacked on a soft solid-color band or gentle scrim so it stays readable against the artwork behind it: the title ""Made Right With Him"" first, largest, in a warm hand-lettered serif; directly beneath it the smaller subtitle ""Resting in a peace you didn't earn""; and directly beneath the subtitle a compact rounded pill reading ""5 DAYS"" in bold small caps. Nothing else overlaps the illustration below. Mood: settled, grateful rest after long striving.","","5","Peace Through the Cross","Damai Melalui Salib","By the end of a week thinking about justification, it can be tempting to reduce it to a theological formula, something to understand rather than something to feel in our bones. But Paul's letter to the Colossians pulls the lens back and lets us see the staggering scale of what actually happened: God was pleased to have all His fullness dwell in Christ, and through Him to reconcile all things to Himself.

All things. Not just individual souls forgiven one by one, though that is gloriously true, but a cosmic mending, heaven and earth being brought back into right relationship through one act on one Friday afternoon. Peace, the passage says, was made through His blood, shed on the cross. Peace was not a byproduct of the crucifixion; it was the point of it.

This means the peace we have been talking about all week is not a fragile, sentimental feeling. It is anchored to the most solid event in history, an actual death and an actual resurrection, outside of us and unaffected by our moods, our failures, or our doubts. We do not manufacture this peace by getting our inner life tidy enough. We receive it because Christ already did the reconciling.

So let this be where the week settles: you have been made right with Him, not through your effort but through His blood. You do not have to keep proving it, defending it, or maintaining it through sheer willpower. You simply get to live in it, the way someone lives in a house that has already been paid for in full.","Menjelang akhir minggu memikirkan tentang pembenaran, ada godaan untuk menyederhanakannya menjadi rumus teologis, sesuatu untuk dipahami ketimbang sesuatu untuk dirasakan hingga ke dalam hati. Tetapi surat Paulus kepada jemaat Kolose menarik pandangan kita lebih luas dan membiarkan kita melihat betapa besarnya apa yang sesungguhnya terjadi: Allah berkenan membiarkan seluruh kepenuhan-Nya diam di dalam Kristus, dan melalui Dia mendamaikan segala sesuatu dengan diri-Nya.

Segala sesuatu. Bukan hanya jiwa-jiwa perorangan diampuni satu demi satu, meskipun itu pun benar dan mulia, melainkan pemulihan yang mahaluas, langit dan bumi dibawa kembali ke dalam hubungan yang benar melalui satu peristiwa pada satu petang Jumat. Damai sejahtera, kata bagian itu, diadakan melalui darah-Nya yang tercurah di kayu salib. Damai bukan hasil sampingan dari penyaliban; itulah tujuannya.

Artinya, damai yang kita bicarakan sepanjang minggu ini bukan perasaan yang rapuh dan sentimental. Damai itu berlabuh pada peristiwa paling kokoh dalam sejarah, kematian dan kebangkitan yang sungguh terjadi, di luar diri kita dan tidak tergoyahkan oleh suasana hati, kegagalan, atau keraguan kita. Kita tidak menciptakan damai ini dengan merapikan kehidupan batin kita sampai cukup baik. Kita menerimanya karena Kristus sudah menyelesaikan pendamaian itu.

Maka biarlah di sinilah minggu ini berlabuh: engkau telah dibenarkan bersama-Nya, bukan melalui usahamu, melainkan melalui darah-Nya. Engkau tidak perlu terus membuktikannya, membelanya, atau mempertahankannya dengan tekad semata. Engkau hanya perlu hidup di dalamnya, seperti seseorang yang tinggal di rumah yang sudah dilunasi sepenuhnya.","Colossians 1:19-20 | For God was pleased to have all his fullness dwell in him, and through him to reconcile to himself all things... making peace through his blood, shed on the cross.","Kolose 1:19-20 | Karena seluruh kepenuhan Allah berkenan diam di dalam Dia, dan oleh Dialah Ia memperdamaikan segala sesuatu dengan diri-Nya... sesudah Ia mengadakan pendamaian oleh darah salib Kristus.","What would it look like this week to live in your peace with God rather than working to maintain it?","Seperti apa rupanya jika minggu ini engkau hidup di dalam damaimu dengan Allah, bukan berusaha mempertahankannya?","Father, thank You that peace was the point of the cross, not an accident of it. Let me rest in what Christ has already finished, and stop trying to add to a peace that is already complete. Amen.","Bapa, terima kasih karena damai sejahtera adalah tujuan salib, bukan kebetulan darinya. Biarkan aku beristirahat dalam apa yang telah diselesaikan Kristus, dan berhenti berusaha menambahkan pada damai yang sudah sempurna. Amin."
"Peace","Damai","Peace with God","Damai dengan Allah","No Longer Afraid","Tidak Takut Lagi","Letting go of fear before God","Melepaskan rasa takut di hadapan Allah","3","A short three-day plan for anyone who still flinches inwardly when they think of standing before God, picturing judgment more readily than welcome. These readings trace how perfect love, no condemnation, and Christ's own peace together dismantle the fear that keeps us at arm's length from the Father.","Rencana singkat tiga hari bagi siapa saja yang masih merasa gentar di dalam hati ketika membayangkan berdiri di hadapan Allah, lebih mudah membayangkan penghakiman daripada sambutan. Renungan ini menelusuri bagaimana kasih yang sempurna, tiadanya penghukuman, dan damai sejahtera Kristus sendiri bersama-sama membongkar rasa takut yang membuat kita menjaga jarak dari Bapa.","A portrait-orientation 3:4 linocut-style print of a small bird perched calmly on an open human hand held palm-up against a plain sky, bold black outlines and flat inked textures typical of relief printmaking, minimal fine detail so shapes read clearly at a glance. The palette is limited and warm: deep indigo sky, warm terracotta hand and bird, cream paper-white negative space. All lettering is grouped together at the very top of the composition for maximum legibility, stacked on a soft solid-color band or gentle scrim so it stays readable against the artwork behind it: the title ""No Longer Afraid"" first, largest, in a bold blocky woodcut-style typeface; directly beneath it the smaller subtitle ""Letting go of fear before God""; and directly beneath the subtitle a compact rounded pill reading ""3 DAYS"" in bold small caps. Nothing else overlaps the illustration below. Mood: quiet courage, fear loosening its grip.","","1","Love Casts Out Fear","Kasih Melenyapkan Ketakutan","There is a kind of fear that hides in the background of ordinary life, rarely spoken aloud but always faintly present, the sense that if God really examined us up close, we would not survive the scrutiny. It shows up as a reluctance to pray honestly, a tendency to keep some part of ourselves hidden even in worship, a low hum of dread beneath our faith.

John names this directly and offers something better. He writes that there is no fear in love, but perfect love drives out fear, because fear has to do with punishment. Notice the logic here: fear and punishment travel together, but love and punishment do not belong in the same room. If we are still relating to God primarily through the lens of punishment, we have not yet let His love do what it came to do.

This is not a call to ignore reverence or to pretend sin doesn't matter. It is a promise that once we are in Christ, the punishment our sin deserved has already fallen on Him, so it no longer hangs over us. What remains is not a God waiting to punish us but a Father who has already dealt with what needed dealing with, and now simply loves us.

If fear has been shaping how you approach God, today is an invitation to let perfect love begin doing its quiet, patient work. It does not happen instantly for most of us. But little by little, as we come to know how thoroughly loved we are, the old fear loses its grip.","Ada semacam ketakutan yang bersembunyi di latar belakang kehidupan sehari-hari, jarang diucapkan tetapi selalu samar-samar hadir, perasaan bahwa jika Allah benar-benar memeriksa kita dari dekat, kita tidak akan sanggup bertahan di bawah sorotan-Nya. Ketakutan itu muncul sebagai keengganan berdoa dengan jujur, kecenderungan menyembunyikan sebagian diri bahkan dalam ibadah, dengungan kekhawatiran yang tersembunyi di balik iman kita.

Yohanes menyebut hal ini secara langsung dan menawarkan sesuatu yang lebih baik. Ia menulis bahwa di dalam kasih tidak ada ketakutan, kasih yang sempurna melenyapkan ketakutan, sebab ketakutan mengandung hukuman. Perhatikan logikanya: ketakutan dan hukuman berjalan bersama, tetapi kasih dan hukuman tidak berada dalam ruang yang sama. Jika kita masih mendekati Allah terutama melalui lensa hukuman, berarti kita belum membiarkan kasih-Nya melakukan apa yang seharusnya Ia kerjakan.

Ini bukan ajakan untuk mengabaikan rasa hormat atau berpura-pura dosa tidak penting. Ini adalah janji bahwa setelah kita berada di dalam Kristus, hukuman yang seharusnya kita tanggung atas dosa kita telah jatuh kepada-Nya, sehingga tidak lagi menggantung di atas kita. Yang tersisa bukanlah Allah yang menunggu untuk menghukum kita, melainkan Bapa yang sudah menyelesaikan apa yang perlu diselesaikan, dan sekarang hanya mengasihi kita.

Jika rasa takut selama ini membentuk caramu mendekati Allah, hari ini adalah undangan untuk membiarkan kasih yang sempurna mulai mengerjakan karyanya yang tenang dan sabar. Bagi kebanyakan dari kita, itu tidak terjadi seketika. Tetapi sedikit demi sedikit, seiring kita semakin mengenal betapa dalamnya kita dikasihi, ketakutan lama itu kehilangan cengkeramannya.","1 John 4:18 | There is no fear in love. But perfect love drives out fear, because fear has to do with punishment.","1 Yohanes 4:18 | Di dalam kasih tidak ada ketakutan: kasih yang sempurna melenyapkan ketakutan itu, sebab ketakutan mengandung hukuman dan barangsiapa takut, ia tidak sempurna di dalam kasih.","Where has fear of punishment, rather than confidence in love, been quietly shaping how you approach God?","Di bagian mana rasa takut akan hukuman, bukan keyakinan akan kasih, diam-diam membentuk caramu mendekati Allah?","Father, I confess I still sometimes approach You braced for disappointment instead of resting in love. Let Your perfect love keep doing its patient work in me until fear has nothing left to hold onto. Amen.","Bapa, aku mengaku bahwa terkadang aku masih mendekat kepada-Mu dengan bersiap kecewa, bukan beristirahat dalam kasih. Biarkan kasih-Mu yang sempurna terus mengerjakan karyanya yang sabar dalam diriku sampai ketakutan tidak punya lagi yang bisa dipegang. Amin."
"Peace","Damai","Peace with God","Damai dengan Allah","No Longer Afraid","Tidak Takut Lagi","Letting go of fear before God","Melepaskan rasa takut di hadapan Allah","3","A short three-day plan for anyone who still flinches inwardly when they think of standing before God, picturing judgment more readily than welcome. These readings trace how perfect love, no condemnation, and Christ's own peace together dismantle the fear that keeps us at arm's length from the Father.","Rencana singkat tiga hari bagi siapa saja yang masih merasa gentar di dalam hati ketika membayangkan berdiri di hadapan Allah, lebih mudah membayangkan penghakiman daripada sambutan. Renungan ini menelusuri bagaimana kasih yang sempurna, tiadanya penghukuman, dan damai sejahtera Kristus sendiri bersama-sama membongkar rasa takut yang membuat kita menjaga jarak dari Bapa.","A portrait-orientation 3:4 linocut-style print of a small bird perched calmly on an open human hand held palm-up against a plain sky, bold black outlines and flat inked textures typical of relief printmaking, minimal fine detail so shapes read clearly at a glance. The palette is limited and warm: deep indigo sky, warm terracotta hand and bird, cream paper-white negative space. All lettering is grouped together at the very top of the composition for maximum legibility, stacked on a soft solid-color band or gentle scrim so it stays readable against the artwork behind it: the title ""No Longer Afraid"" first, largest, in a bold blocky woodcut-style typeface; directly beneath it the smaller subtitle ""Letting go of fear before God""; and directly beneath the subtitle a compact rounded pill reading ""3 DAYS"" in bold small caps. Nothing else overlaps the illustration below. Mood: quiet courage, fear loosening its grip.","","2","No Condemnation","Tidak Ada Penghukuman","Some of us are our own harshest prosecutors. Long after a mistake has passed, we keep replaying the evidence, keep filing new charges against ourselves, as if peace has to be earned by first proving how guilty we still feel. It can be difficult to imagine that God's courtroom might actually be quieter than the one running in our own heads.

Paul's declaration in Romans 8:1 is short, but it is meant to silence that inner prosecutor. Therefore, there is now no condemnation for those who are in Christ Jesus. Not reduced condemnation, not condemnation held in reserve for a bad week, but no condemnation. The case is closed. The word therefore points back to everything Paul has already established about Christ's finished work; this is the conclusion, not a hopeful suggestion.

It helps to remember that conviction and condemnation are not the same thing. The Holy Spirit still gently convicts us when we sin, calling us toward repentance and change. But condemnation is different; it is the sentence of a soul declared guilty with no way out. That sentence has already been served, by Christ, on our behalf. What we feel when we sin now can be sorrow that leads somewhere good, not a verdict that leaves us stuck.

So when the old accusations resurface, and they will, this verse is the answer to keep returning to. Not because your conscience will never feel anything, but because the highest court in the universe has already ruled, and the ruling is no condemnation for those who are in Christ Jesus.","Sebagian dari kita adalah penuntut yang paling keras bagi diri sendiri. Lama setelah sebuah kesalahan berlalu, kita masih memutar ulang buktinya, terus mengajukan tuduhan baru terhadap diri sendiri, seolah-olah damai harus diperoleh dengan membuktikan dahulu betapa bersalahnya kita masih merasa. Sulit membayangkan bahwa ruang pengadilan Allah sebenarnya bisa jauh lebih tenang daripada yang berjalan di dalam kepala kita sendiri.

Pernyataan Paulus dalam Roma 8:1 singkat, tetapi dimaksudkan untuk membungkam penuntut batin itu. Demikianlah sekarang tidak ada penghukuman bagi mereka yang ada di dalam Kristus Yesus. Bukan penghukuman yang dikurangi, bukan penghukuman yang disimpan untuk minggu yang buruk, melainkan tidak ada penghukuman. Perkaranya ditutup. Kata demikianlah menunjuk kembali pada semua yang telah dijelaskan Paulus tentang karya Kristus yang selesai; ini kesimpulan, bukan saran yang penuh harap.

Ada baiknya mengingat bahwa keinsafan dan penghukuman bukanlah hal yang sama. Roh Kudus masih dengan lembut meyakinkan kita ketika kita berdosa, memanggil kita menuju pertobatan dan perubahan. Tetapi penghukuman berbeda; itu adalah vonis bagi jiwa yang dinyatakan bersalah tanpa jalan keluar. Vonis itu sudah dijalani, oleh Kristus, sebagai ganti kita. Apa yang kita rasakan sekarang ketika berdosa bisa menjadi dukacita yang membawa kepada kebaikan, bukan vonis yang membuat kita terjebak.

Maka ketika tuduhan-tuduhan lama muncul kembali, dan itu pasti akan terjadi, ayat ini adalah jawaban yang terus kita kembali kepadanya. Bukan karena hati nuranimu tidak akan pernah merasakan apa-apa lagi, melainkan karena pengadilan tertinggi di alam semesta sudah memutuskan, dan putusannya adalah tidak ada penghukuman bagi mereka yang ada di dalam Kristus Yesus.","Romans 8:1 | Therefore, there is now no condemnation for those who are in Christ Jesus.","Roma 8:1 | Demikianlah sekarang tidak ada penghukuman bagi mereka yang ada di dalam Kristus Yesus.","What old accusation do you need to answer today with this verse instead of your own inner courtroom?","Tuduhan lama apa yang perlu kau jawab hari ini dengan ayat ini, bukan dengan ruang pengadilan batinmu sendiri?","Lord, silence the prosecutor in my own head with the truth of Your finished verdict. Teach me the difference between the Spirit's gentle conviction and condemnation that was never mine to carry anymore. Amen.","Tuhan, bungkamlah penuntut di dalam kepalaku dengan kebenaran vonis-Mu yang sudah selesai. Ajar aku membedakan antara keinsafan lembut dari Roh dan penghukuman yang sebenarnya tidak lagi perlu kupikul. Amin."
"Peace","Damai","Peace with God","Damai dengan Allah","No Longer Afraid","Tidak Takut Lagi","Letting go of fear before God","Melepaskan rasa takut di hadapan Allah","3","A short three-day plan for anyone who still flinches inwardly when they think of standing before God, picturing judgment more readily than welcome. These readings trace how perfect love, no condemnation, and Christ's own peace together dismantle the fear that keeps us at arm's length from the Father.","Rencana singkat tiga hari bagi siapa saja yang masih merasa gentar di dalam hati ketika membayangkan berdiri di hadapan Allah, lebih mudah membayangkan penghakiman daripada sambutan. Renungan ini menelusuri bagaimana kasih yang sempurna, tiadanya penghukuman, dan damai sejahtera Kristus sendiri bersama-sama membongkar rasa takut yang membuat kita menjaga jarak dari Bapa.","A portrait-orientation 3:4 linocut-style print of a small bird perched calmly on an open human hand held palm-up against a plain sky, bold black outlines and flat inked textures typical of relief printmaking, minimal fine detail so shapes read clearly at a glance. The palette is limited and warm: deep indigo sky, warm terracotta hand and bird, cream paper-white negative space. All lettering is grouped together at the very top of the composition for maximum legibility, stacked on a soft solid-color band or gentle scrim so it stays readable against the artwork behind it: the title ""No Longer Afraid"" first, largest, in a bold blocky woodcut-style typeface; directly beneath it the smaller subtitle ""Letting go of fear before God""; and directly beneath the subtitle a compact rounded pill reading ""3 DAYS"" in bold small caps. Nothing else overlaps the illustration below. Mood: quiet courage, fear loosening its grip.","","3","A Peace the World Can't Give","Damai yang Tidak Dapat Diberikan Dunia","Jesus spoke these words to His disciples on the night before His crucifixion, at the very moment fear had every reason to win. Their world was about to be shaken loose from everything familiar, and Jesus knew it. So He did not offer them a vague comfort; He offered them something specific, something He alone could give.

Peace I leave with you, He said, my peace I give you. I do not give to you as the world gives. Then, almost as a command, He added: do not let your hearts be troubled and do not be afraid. It is worth noticing that this peace is distinct from the world's version. The world's peace usually depends on circumstances lining up, on threats being absent. Christ's peace holds even when the circumstances do not cooperate, because it is rooted in Him rather than in our situation.

This matters for anyone who still carries a subtle fear of God, a sense that His nearness might mean exposure rather than comfort. Jesus is the clearest picture we have of the Father, and He goes out of His way to say do not be afraid to people who are about to watch everything fall apart. If that is who God is toward frightened disciples, it is who He is toward you.

Across these three days we have seen love that drives out fear, a verdict with no condemnation, and now a peace that Jesus Himself hands to us like an inheritance. Let this be the posture you carry forward: not gritting your teeth toward God, but resting, because He has already made peace the gift, not the goal.","Yesus mengucapkan kata-kata ini kepada murid-murid-Nya pada malam sebelum penyaliban-Nya, tepat pada saat rasa takut memiliki setiap alasan untuk menang. Dunia mereka sebentar lagi akan terguncang lepas dari segala yang biasa, dan Yesus mengetahuinya. Maka Dia tidak menawarkan penghiburan yang samar; Dia menawarkan sesuatu yang spesifik, sesuatu yang hanya Dia sendiri yang dapat berikan.

Damai sejahtera Kutinggalkan bagimu, kata-Nya, damai sejahtera-Ku Kuberikan kepadamu. Aku tidak memberikan kepadamu seperti dunia memberikannya. Lalu, hampir seperti sebuah perintah, Dia menambahkan: janganlah gelisah dan gentar hatimu. Perlu diperhatikan bahwa damai ini berbeda dari versi dunia. Damai dunia biasanya bergantung pada keadaan yang berjalan lancar, pada tiadanya ancaman. Damai Kristus tetap teguh bahkan ketika keadaan tidak mendukung, karena akarnya berada di dalam Dia, bukan dalam situasi kita.

Ini penting bagi siapa saja yang masih menyimpan rasa takut samar terhadap Allah, perasaan bahwa kedekatan dengan-Nya mungkin berarti tersingkap, bukan dihibur. Yesus adalah gambaran paling jelas yang kita miliki tentang Bapa, dan Dia dengan sengaja berkata jangan takut kepada orang-orang yang sebentar lagi akan menyaksikan segalanya runtuh. Jika itulah pribadi Allah terhadap murid-murid yang ketakutan, itulah pula pribadi-Nya terhadapmu.

Sepanjang tiga hari ini kita telah melihat kasih yang melenyapkan ketakutan, vonis tanpa penghukuman, dan kini damai yang diserahkan Yesus sendiri kepada kita bagaikan warisan. Biarlah ini menjadi sikap yang kau bawa ke depan: bukan mengeraskan hati menghadapi Allah, melainkan beristirahat, sebab Dia telah menjadikan damai itu sebagai pemberian, bukan tujuan yang masih harus dicapai.","John 14:27 | Peace I leave with you; my peace I give you. I do not give to you as the world gives. Do not let your hearts be troubled and do not be afraid.","Yohanes 14:27 | Damai sejahtera Kutinggalkan bagimu. Damai sejahtera-Ku Kuberikan kepadamu, dan apa yang Kuberikan tidak seperti yang diberikan oleh dunia kepadamu. Janganlah gelisah dan gentar hatimu.","What would it look like to receive Christ's peace as a gift already given rather than a calm you have to manufacture yourself?","Seperti apa rupanya jika engkau menerima damai Kristus sebagai pemberian yang sudah diberikan, bukan ketenangan yang harus kau ciptakan sendiri?","Jesus, thank You for a peace that does not depend on my circumstances lining up. Quiet the fear that still flinches at the thought of You, and let me carry Your peace, not the world's imitation of it. Amen.","Yesus, terima kasih atas damai yang tidak bergantung pada keadaan yang berjalan lancar. Tenangkan rasa takut yang masih gentar memikirkan-Mu, dan biarkan aku membawa damai-Mu, bukan tiruan darinya yang ditawarkan dunia. Amin."
"Peace","Damai","Peace with God","Damai dengan Allah","The Long Way Home","Jalan Panjang Pulang","Finding peace with God after wandering","Menemukan damai dengan Allah setelah mengembara","7","A seven-day plan for anyone who feels they have drifted far from God and wonders whether the way back is even open. Moving from the wall that Christ tore down, through the father who runs to meet the returning child, to the settled peace of a heart finally at home, these days trace the road back into right relationship with God.","Rencana tujuh hari bagi siapa saja yang merasa telah menjauh dari Allah dan bertanya-tanya apakah jalan kembali masih terbuka. Bergerak dari tembok yang dirubuhkan Kristus, melalui bapa yang berlari menyambut anak yang pulang, hingga damai yang tenang dari hati yang akhirnya sampai di rumah, hari-hari ini menelusuri jalan kembali menuju hubungan yang benar dengan Allah.","A portrait-orientation 3:4 ink-wash illustration of a long dirt road winding from the bottom of the frame up into the distance, where a small warmly lit house sits on a hilltop under a dusky sky, a single small silhouetted figure walking the road toward the light. The style is loose, expressive ink-wash with soft washes of grey-blue and warm amber bleeding at the edges, minimal fine linework, generous negative space. The palette is muted indigo, soft charcoal grey, and warm lamplight amber. All lettering is grouped together at the very top of the composition for maximum legibility, stacked on a soft solid-color band or gentle scrim so it stays readable against the artwork behind it: the title ""The Long Way Home"" first, largest, in an elegant flowing script; directly beneath it the smaller subtitle ""Finding peace with God after wandering""; and directly beneath the subtitle a compact rounded pill reading ""7 DAYS"" in bold small caps. Nothing else overlaps the illustration below. Mood: weary relief, the ache of homecoming.","","1","The Wall Comes Down","Tembok Itu Dirubuhkan","Wandering rarely feels dramatic while it is happening. It usually looks like small distances accumulating, a missed prayer here, a hardened heart there, until one day we look up and realize a wall has grown between us and God, brick by brick, mostly without our noticing. What makes that wall so discouraging is the sense that we built it ourselves, and so surely we are the ones who have to tear it down.

Ephesians 2:14 offers a different picture entirely. Paul writes that Christ Himself is our peace, who has made the two groups one and has destroyed the barrier, the dividing wall of hostility. The verse is originally about Jew and Gentile becoming one people in Christ, but the pattern it reveals applies just as powerfully to the wall of hostility that can grow between any one of us and God. The wall does not come down because we finally scrub ourselves clean enough to deserve removal. It comes down because Christ Himself tore it down.

This is worth sitting with if you have spent any time believing the distance is permanent, that too much time has passed or too much has been done for reconciliation to be realistic. The dividing wall was destroyed at the cross, not left standing while we work up the courage to climb over it. The demolition has already happened.

As we begin this week thinking about the long way home, start here: whatever wall you feel between yourself and God, Christ is described not as the contractor who might get around to it eventually, but as our peace, the one who has already done the tearing down. The way home is not blocked. It has been open since Good Friday.","Mengembara jarang terasa dramatis saat sedang berlangsung. Biasanya terlihat seperti jarak-jarak kecil yang menumpuk, satu doa yang terlewat di sini, satu hati yang mengeras di sana, sampai suatu hari kita menengadah dan menyadari sebuah tembok telah tumbuh di antara kita dan Allah, batu demi batu, sebagian besar tanpa kita sadari. Yang membuat tembok itu begitu mematahkan semangat adalah perasaan bahwa kitalah yang membangunnya sendiri, sehingga tentu kitalah yang harus merubuhkannya.

Efesus 2:14 menawarkan gambaran yang sama sekali berbeda. Paulus menulis bahwa Kristus sendiri adalah damai sejahtera kita, yang telah mempersatukan kedua pihak dan yang telah merubuhkan tembok pemisah, yaitu perseteruan. Ayat ini asalnya tentang orang Yahudi dan bukan Yahudi menjadi satu umat di dalam Kristus, tetapi pola yang diungkapkannya berlaku sama kuatnya bagi tembok perseteruan yang bisa tumbuh antara siapa pun dari kita dan Allah. Tembok itu tidak dirubuhkan karena akhirnya kita cukup bersih untuk layak dihilangkan. Ia dirubuhkan karena Kristus sendiri yang merubuhkannya.

Ini layak direnungkan jika selama ini engkau percaya bahwa jarak itu permanen, bahwa terlalu banyak waktu telah berlalu atau terlalu banyak yang telah terjadi sehingga pendamaian tidak lagi mungkin. Tembok pemisah itu dirubuhkan di kayu salib, bukan dibiarkan berdiri sementara kita mengumpulkan keberanian untuk memanjatnya. Perubuhan itu sudah terjadi.

Saat kita memulai minggu ini memikirkan jalan panjang pulang, mulailah di sini: apa pun tembok yang kau rasakan antara dirimu dan Allah, Kristus digambarkan bukan sebagai kontraktor yang mungkin akan sempat mengerjakannya suatu saat nanti, melainkan sebagai damai sejahtera kita, Dia yang sudah merubuhkannya. Jalan pulang tidak terhalang. Jalan itu telah terbuka sejak Jumat Agung.","Ephesians 2:14 | For he himself is our peace, who has made the two groups one and has destroyed the barrier, the dividing wall of hostility.","Efesus 2:14 | Karena Dialah damai sejahtera kita, yang telah mempersatukan kedua pihak dan yang telah merubuhkan tembok pemisah, yaitu perseteruan.","What wall have you assumed you had to tear down yourself, when Christ already destroyed it?","Tembok apa yang selama ini kau kira harus kau rubuhkan sendiri, padahal Kristus sudah merubuhkannya?","Lord Jesus, thank You that You are the one who tore down the wall between me and the Father. Help me stop treating the distance as permanent and start walking through the way You already opened. Amen.","Tuhan Yesus, terima kasih karena Engkaulah yang merubuhkan tembok antara aku dan Bapa. Tolong aku berhenti memperlakukan jarak itu sebagai sesuatu yang permanen, dan mulai berjalan melalui jalan yang sudah Engkau bukakan. Amin."
"Peace","Damai","Peace with God","Damai dengan Allah","The Long Way Home","Jalan Panjang Pulang","Finding peace with God after wandering","Menemukan damai dengan Allah setelah mengembara","7","A seven-day plan for anyone who feels they have drifted far from God and wonders whether the way back is even open. Moving from the wall that Christ tore down, through the father who runs to meet the returning child, to the settled peace of a heart finally at home, these days trace the road back into right relationship with God.","Rencana tujuh hari bagi siapa saja yang merasa telah menjauh dari Allah dan bertanya-tanya apakah jalan kembali masih terbuka. Bergerak dari tembok yang dirubuhkan Kristus, melalui bapa yang berlari menyambut anak yang pulang, hingga damai yang tenang dari hati yang akhirnya sampai di rumah, hari-hari ini menelusuri jalan kembali menuju hubungan yang benar dengan Allah.","A portrait-orientation 3:4 ink-wash illustration of a long dirt road winding from the bottom of the frame up into the distance, where a small warmly lit house sits on a hilltop under a dusky sky, a single small silhouetted figure walking the road toward the light. The style is loose, expressive ink-wash with soft washes of grey-blue and warm amber bleeding at the edges, minimal fine linework, generous negative space. The palette is muted indigo, soft charcoal grey, and warm lamplight amber. All lettering is grouped together at the very top of the composition for maximum legibility, stacked on a soft solid-color band or gentle scrim so it stays readable against the artwork behind it: the title ""The Long Way Home"" first, largest, in an elegant flowing script; directly beneath it the smaller subtitle ""Finding peace with God after wandering""; and directly beneath the subtitle a compact rounded pill reading ""7 DAYS"" in bold small caps. Nothing else overlaps the illustration below. Mood: weary relief, the ache of homecoming.","","2","Still a Long Way Off","Ketika Masih Jauh","Jesus told a story about a son who took his inheritance, left home, and spent everything on a life that eventually left him empty and ashamed. It is one of the most familiar parables in Scripture, and yet its central image still has the power to undo us if we let it. The son plans a speech, rehearses his apology, prepares to come home as a hired servant because he no longer believes he deserves to be called a son.

But look at what happens before he ever gets the chance to deliver that speech. While he was still a long way off, his father saw him and was filled with compassion for him; he ran to his son. Not walked. Ran. In that culture, an older man running was considered undignified, and the father does it anyway, covering ground toward his returning child before the child has said a single word of explanation.

This is the picture we need when the distance we have traveled from God feels too far to close. The father in the story is not waiting at the door with arms crossed, ready to hear the apology first and decide whether it is good enough. He is watching the road. He is already moving before we finish rehearsing our shame. Peace with God after wandering does not begin with our perfect confession; it begins with His compassion running to meet us while we are still a long way off.

If you have been picturing God waiting for you to close the distance entirely on your own before He will respond, let this story correct that picture today. He is not standing still. He is running.","Yesus menceritakan sebuah kisah tentang seorang anak yang mengambil warisannya, meninggalkan rumah, dan menghabiskan semuanya untuk hidup yang akhirnya membuatnya kosong dan malu. Ini salah satu perumpamaan paling dikenal dalam Alkitab, namun gambaran intinya masih memiliki kekuatan untuk meruntuhkan kita jika kita membiarkannya. Anak itu menyiapkan pidato, melatih permintaan maafnya, bersiap pulang sebagai orang upahan karena ia tidak lagi merasa layak disebut anak.

Tetapi lihatlah apa yang terjadi sebelum ia sempat menyampaikan pidato itu. Ketika ia masih jauh, ayahnya telah melihatnya, lalu tergeraklah hatinya oleh belas kasihan, ia berlari mendapatkan anaknya. Bukan berjalan. Berlari. Dalam budaya saat itu, seorang pria tua yang berlari dianggap tidak bermartabat, dan sang ayah tetap melakukannya, menempuh jarak menuju anaknya yang kembali sebelum anak itu sempat mengucapkan sepatah kata penjelasan pun.

Inilah gambaran yang kita perlukan ketika jarak yang telah kita tempuh menjauh dari Allah terasa terlalu jauh untuk ditutup. Bapa dalam kisah itu tidak menunggu di depan pintu dengan tangan bersedekap, siap mendengar permintaan maaf dahulu dan memutuskan apakah itu cukup baik. Ia mengawasi jalan. Ia sudah bergerak sebelum kita selesai melatih rasa malu kita. Damai dengan Allah setelah mengembara tidak dimulai dari pengakuan kita yang sempurna; ia dimulai dari belas kasihan-Nya yang berlari menyambut kita ketika kita masih jauh.

Jika selama ini engkau membayangkan Allah menunggu sampai engkau menutup jarak itu sepenuhnya sendirian sebelum Dia menanggapi, biarkan kisah ini mengoreksi gambaran itu hari ini. Dia tidak berdiri diam. Dia sedang berlari.","Luke 15:20 | But while he was still a long way off, his father saw him and was filled with compassion for him; he ran to his son, threw his arms around him and kissed him.","Lukas 15:20 | Maka bangkitlah ia dan pergi kepada bapanya. Ketika ia masih jauh, ayahnya telah melihatnya, lalu tergeraklah hatinya oleh belas kasihan, ia berlari mendapatkan anaknya lalu merangkul dan menciumnya.","Have you been waiting to feel worthy enough before you turn back toward God? What would it mean to turn now, before that speech feels ready?","Apakah selama ini engkau menunggu merasa cukup layak sebelum berbalik kembali kepada Allah? Apa artinya berbalik sekarang, sebelum pidato itu terasa siap?","Father, thank You for running toward me before I finished my excuses. Give me the courage to turn back today, trusting Your compassion more than my own readiness. Amen.","Bapa, terima kasih karena Engkau berlari menyambutku sebelum aku selesai menyusun alasan. Berikan aku keberanian untuk berbalik hari ini, mempercayai belas kasihan-Mu lebih daripada kesiapanku sendiri. Amin."
"Peace","Damai","Peace with God","Damai dengan Allah","The Long Way Home","Jalan Panjang Pulang","Finding peace with God after wandering","Menemukan damai dengan Allah setelah mengembara","7","A seven-day plan for anyone who feels they have drifted far from God and wonders whether the way back is even open. Moving from the wall that Christ tore down, through the father who runs to meet the returning child, to the settled peace of a heart finally at home, these days trace the road back into right relationship with God.","Rencana tujuh hari bagi siapa saja yang merasa telah menjauh dari Allah dan bertanya-tanya apakah jalan kembali masih terbuka. Bergerak dari tembok yang dirubuhkan Kristus, melalui bapa yang berlari menyambut anak yang pulang, hingga damai yang tenang dari hati yang akhirnya sampai di rumah, hari-hari ini menelusuri jalan kembali menuju hubungan yang benar dengan Allah.","A portrait-orientation 3:4 ink-wash illustration of a long dirt road winding from the bottom of the frame up into the distance, where a small warmly lit house sits on a hilltop under a dusky sky, a single small silhouetted figure walking the road toward the light. The style is loose, expressive ink-wash with soft washes of grey-blue and warm amber bleeding at the edges, minimal fine linework, generous negative space. The palette is muted indigo, soft charcoal grey, and warm lamplight amber. All lettering is grouped together at the very top of the composition for maximum legibility, stacked on a soft solid-color band or gentle scrim so it stays readable against the artwork behind it: the title ""The Long Way Home"" first, largest, in an elegant flowing script; directly beneath it the smaller subtitle ""Finding peace with God after wandering""; and directly beneath the subtitle a compact rounded pill reading ""7 DAYS"" in bold small caps. Nothing else overlaps the illustration below. Mood: weary relief, the ache of homecoming.","","3","Not Counted Against You","Tidak Diperhitungkan Lagi","One of the hardest parts of coming back to God after wandering is the fear that even if He accepts us, He is still keeping a ledger somewhere, quietly tallying up everything we did while we were away. We imagine forgiveness as a kind of probation, technically granted but still shadowed by a record that will surface again eventually.

Paul dismantles that fear with remarkable directness. God was reconciling the world to Himself in Christ, not counting people's sins against them. Not counting them. This is not forgiveness with an asterisk. It is the deliberate, permanent decision to stop keeping the record we were so afraid still existed. The reconciliation is not partial or provisional; it is God's own initiative, completed in Christ, extended to us as a finished gift.

It helps to remember that reconciliation is a relational word, not merely a legal one. It describes two parties who were estranged coming back into relationship. God did not simply drop the charges and leave us standing at a distance; He initiated the restoring of relationship itself, doing the work of reconciling so that we could come home not as pardoned strangers but as family.

If part of you still expects the old record to resurface, to be brought up again someday as evidence against you, receive this verse as the correction it is meant to be. Your sins are not being counted against you. The ledger has been closed, not filed away for later, but closed, because reconciliation was never partial.","Salah satu bagian tersulit dari kembali kepada Allah setelah mengembara adalah rasa takut bahwa meskipun Dia menerima kita, Dia mungkin masih menyimpan catatan di suatu tempat, diam-diam menghitung semua yang kita lakukan selama kita pergi. Kita membayangkan pengampunan seperti semacam masa percobaan, secara teknis diberikan tetapi masih dibayangi oleh catatan yang suatu saat akan muncul kembali.

Paulus membongkar ketakutan itu dengan kejelasan yang luar biasa. Allah mendamaikan dunia dengan diri-Nya oleh Kristus dengan tidak memperhitungkan pelanggaran mereka. Tidak memperhitungkan. Ini bukan pengampunan dengan catatan kaki. Ini adalah keputusan yang disengaja dan permanen untuk berhenti menyimpan catatan yang begitu kita takutkan masih ada. Pendamaian itu tidak sebagian atau sementara; itu adalah inisiatif Allah sendiri, diselesaikan di dalam Kristus, diberikan kepada kita sebagai pemberian yang sudah selesai.

Perlu diingat bahwa pendamaian adalah kata yang bersifat relasional, bukan sekadar hukum. Kata itu menggambarkan dua pihak yang terasing kembali ke dalam hubungan. Allah tidak sekadar membatalkan tuduhan dan membiarkan kita berdiri di kejauhan; Dia memulai pemulihan hubungan itu sendiri, mengerjakan pendamaian supaya kita bisa pulang bukan sebagai orang asing yang diampuni, melainkan sebagai keluarga.

Jika sebagian dirimu masih berharap catatan lama itu akan muncul kembali, diungkit lagi suatu saat sebagai bukti melawanmu, terimalah ayat ini sebagai koreksi yang memang dimaksudkan. Dosamu tidak sedang diperhitungkan lagi. Catatan itu telah ditutup, bukan disimpan untuk nanti, melainkan ditutup, sebab pendamaian itu tidak pernah sebagian.","2 Corinthians 5:19 | God was reconciling the world to himself in Christ, not counting people's sins against them.","2 Korintus 5:19 | sebab Allah mendamaikan dunia dengan diri-Nya oleh Kristus dengan tidak memperhitungkan pelanggaran mereka.","Is there an old sin you keep expecting God to bring back up against you? What does it mean to actually believe it is not counted anymore?","Adakah dosa lama yang terus kau kira akan diungkit kembali oleh Allah untuk melawanmu? Apa artinya benar-benar percaya bahwa itu tidak lagi diperhitungkan?","Father, thank You for not keeping a ledger of everything I did while I wandered. Help me actually live as though the record is closed, because You closed it. Amen.","Bapa, terima kasih karena Engkau tidak menyimpan catatan atas semua yang kulakukan selama aku mengembara. Tolong aku sungguh hidup seolah-olah catatan itu telah ditutup, sebab memang Engkaulah yang menutupnya. Amin."
"Peace","Damai","Peace with God","Damai dengan Allah","The Long Way Home","Jalan Panjang Pulang","Finding peace with God after wandering","Menemukan damai dengan Allah setelah mengembara","7","A seven-day plan for anyone who feels they have drifted far from God and wonders whether the way back is even open. Moving from the wall that Christ tore down, through the father who runs to meet the returning child, to the settled peace of a heart finally at home, these days trace the road back into right relationship with God.","Rencana tujuh hari bagi siapa saja yang merasa telah menjauh dari Allah dan bertanya-tanya apakah jalan kembali masih terbuka. Bergerak dari tembok yang dirubuhkan Kristus, melalui bapa yang berlari menyambut anak yang pulang, hingga damai yang tenang dari hati yang akhirnya sampai di rumah, hari-hari ini menelusuri jalan kembali menuju hubungan yang benar dengan Allah.","A portrait-orientation 3:4 ink-wash illustration of a long dirt road winding from the bottom of the frame up into the distance, where a small warmly lit house sits on a hilltop under a dusky sky, a single small silhouetted figure walking the road toward the light. The style is loose, expressive ink-wash with soft washes of grey-blue and warm amber bleeding at the edges, minimal fine linework, generous negative space. The palette is muted indigo, soft charcoal grey, and warm lamplight amber. All lettering is grouped together at the very top of the composition for maximum legibility, stacked on a soft solid-color band or gentle scrim so it stays readable against the artwork behind it: the title ""The Long Way Home"" first, largest, in an elegant flowing script; directly beneath it the smaller subtitle ""Finding peace with God after wandering""; and directly beneath the subtitle a compact rounded pill reading ""7 DAYS"" in bold small caps. Nothing else overlaps the illustration below. Mood: weary relief, the ache of homecoming.","","4","Wounds That Heal","Bilur-Bilur yang Menyembuhkan","Isaiah wrote these words centuries before the cross, describing a suffering servant whose wounds would somehow bring healing to others. It is a strange, almost paradoxical picture: pain that produces peace, injury that produces wholeness. We know now that this prophecy pointed forward to Jesus, but its logic is worth slowing down to absorb, especially for anyone whose wandering has left them feeling more broken than restored.

The punishment that brought us peace was on him, and by his wounds we are healed. Notice the direction of the exchange. The punishment landed on Him, and the result that reaches us is peace. His wounds, and the healing belongs to us. This is not a self-help formula about finding peace through our own recovery process. It is a substitution, His suffering absorbing what our wandering deserved, so that what comes back to us is wholeness rather than wreckage.

This matters deeply for the specific shame that often comes with wandering, the sense that we have damaged something in ourselves that may never fully mend. Isaiah's picture insists that healing is genuinely possible, not because we are strong enough to fix ourselves, but because someone else's wounds were the price of our healing. We are not left to patch ourselves back together with willpower.

If your wandering has left scars you assumed were permanent, bring that honestly to God today. The wounds that secured your peace were not yours to bear. Let the healing this verse promises begin to reach the places you thought were beyond repair.","Yesaya menulis kata-kata ini berabad-abad sebelum salib, menggambarkan seorang hamba yang menderita, yang bilur-bilurnya entah bagaimana akan membawa kesembuhan bagi orang lain. Ini gambaran yang aneh, hampir paradoks: penderitaan yang menghasilkan damai, luka yang menghasilkan keutuhan. Kita sekarang tahu bahwa nubuat ini menunjuk kepada Yesus, tetapi logikanya layak direnungkan perlahan, terutama bagi siapa saja yang pengembaraannya membuat mereka merasa lebih hancur daripada dipulihkan.

Ganjaran yang mendatangkan keselamatan bagi kita ditanggungkan kepadanya, dan oleh bilur-bilurnya kita menjadi sembuh. Perhatikan arah pertukarannya. Ganjaran itu jatuh kepada-Nya, dan hasil yang sampai kepada kita adalah keselamatan, damai sejahtera. Bilur-bilur-Nya, dan kesembuhan itu menjadi milik kita. Ini bukan rumus swa-bantu tentang menemukan damai melalui proses pemulihan kita sendiri. Ini sebuah penggantian, penderitaan-Nya menanggung apa yang seharusnya diterima oleh pengembaraan kita, supaya yang kembali kepada kita adalah keutuhan, bukan kehancuran.

Ini sangat penting bagi rasa malu tertentu yang sering menyertai pengembaraan, perasaan bahwa kita telah merusak sesuatu dalam diri kita yang mungkin tidak akan pernah pulih sepenuhnya. Gambaran Yesaya menegaskan bahwa kesembuhan sungguh mungkin terjadi, bukan karena kita cukup kuat untuk memperbaiki diri sendiri, melainkan karena bilur-bilur orang lain menjadi harga bagi kesembuhan kita. Kita tidak dibiarkan menambal diri sendiri dengan tekad semata.

Jika pengembaraanmu meninggalkan bekas luka yang kau kira permanen, bawalah itu dengan jujur kepada Allah hari ini. Bilur-bilur yang mengamankan damaimu bukanlah milikmu untuk ditanggung. Biarkan kesembuhan yang dijanjikan ayat ini mulai menjangkau tempat-tempat yang kau kira sudah tidak dapat diperbaiki lagi.","Isaiah 53:5 | the punishment that brought us peace was on him, and by his wounds we are healed.","Yesaya 53:5 | ganjaran yang mendatangkan keselamatan bagi kita ditanggungkan kepadanya, dan oleh bilur-bilurnya kita menjadi sembuh.","What part of you assumed your wandering left permanent damage? Bring that specifically before God today.","Bagian dirimu yang mana yang kau kira telah rusak permanen akibat pengembaraanmu? Bawalah itu secara khusus di hadapan Allah hari ini.","Jesus, thank You that Your wounds, not my willpower, are what secure my healing. Reach the places I thought were beyond repair, and let Your peace settle where shame used to live. Amen.","Yesus, terima kasih karena bilur-bilur-Mu, bukan tekadku, yang menjadi jaminan kesembuhanku. Jangkau tempat-tempat yang kukira sudah tak dapat diperbaiki lagi, dan biarkan damai-Mu menetap di tempat rasa malu dahulu tinggal. Amin."
"Peace","Damai","Peace with God","Damai dengan Allah","The Long Way Home","Jalan Panjang Pulang","Finding peace with God after wandering","Menemukan damai dengan Allah setelah mengembara","7","A seven-day plan for anyone who feels they have drifted far from God and wonders whether the way back is even open. Moving from the wall that Christ tore down, through the father who runs to meet the returning child, to the settled peace of a heart finally at home, these days trace the road back into right relationship with God.","Rencana tujuh hari bagi siapa saja yang merasa telah menjauh dari Allah dan bertanya-tanya apakah jalan kembali masih terbuka. Bergerak dari tembok yang dirubuhkan Kristus, melalui bapa yang berlari menyambut anak yang pulang, hingga damai yang tenang dari hati yang akhirnya sampai di rumah, hari-hari ini menelusuri jalan kembali menuju hubungan yang benar dengan Allah.","A portrait-orientation 3:4 ink-wash illustration of a long dirt road winding from the bottom of the frame up into the distance, where a small warmly lit house sits on a hilltop under a dusky sky, a single small silhouetted figure walking the road toward the light. The style is loose, expressive ink-wash with soft washes of grey-blue and warm amber bleeding at the edges, minimal fine linework, generous negative space. The palette is muted indigo, soft charcoal grey, and warm lamplight amber. All lettering is grouped together at the very top of the composition for maximum legibility, stacked on a soft solid-color band or gentle scrim so it stays readable against the artwork behind it: the title ""The Long Way Home"" first, largest, in an elegant flowing script; directly beneath it the smaller subtitle ""Finding peace with God after wandering""; and directly beneath the subtitle a compact rounded pill reading ""7 DAYS"" in bold small caps. Nothing else overlaps the illustration below. Mood: weary relief, the ache of homecoming.","","5","Close to the Brokenhearted","Dekat dengan yang Patah Hati","There is an assumption many of us make without ever examining it, that God draws close to the strong and pulls back from the broken, that our best chance of experiencing His nearness comes when we finally have it together. It is a quiet, corrosive belief, and it is exactly backward from what Scripture actually says.

The psalmist writes plainly: the LORD is close to the brokenhearted and saves those who are crushed in spirit. Not distant from them. Close to them. If wandering has left you crushed rather than confident, ashamed rather than composed, this verse locates God precisely there, not waiting somewhere further off until you clean yourself up first.

This changes what it might mean to come home to God after wandering. It is not a matter of first restoring your own strength and then approaching Him as someone more presentable. Your very brokenness is where He says He is already near. The crushed spirit is not a barrier to His presence; according to this verse, it is almost a description of exactly the condition He draws close to save.

So if today you feel more wrecked than ready, more raw than reconciled, take heart from this ancient, simple promise. You do not need to arrive at God's door composed. He is close to the brokenhearted, and that includes you, exactly as you are right now.","Ada anggapan yang dipegang banyak dari kita tanpa pernah diperiksa, bahwa Allah mendekat kepada yang kuat dan menjauh dari yang hancur, bahwa peluang terbaik kita mengalami kedekatan-Nya datang ketika kita akhirnya sudah rapi. Ini keyakinan yang diam-diam namun merusak, dan itu justru terbalik dari apa yang sesungguhnya dikatakan Alkitab.

Sang pemazmur menulis dengan jelas: TUHAN dekat dengan orang-orang yang patah hati, dan Ia menyelamatkan orang-orang yang remuk jiwanya. Bukan jauh dari mereka. Dekat dengan mereka. Jika pengembaraan telah membuatmu remuk ketimbang percaya diri, malu ketimbang tenang, ayat ini menempatkan Allah tepat di sana, bukan menunggu di tempat yang lebih jauh sampai engkau membenahi diri lebih dulu.

Ini mengubah apa artinya pulang kepada Allah setelah mengembara. Bukan soal memulihkan kekuatanmu sendiri lebih dahulu baru kemudian mendekat kepada-Nya sebagai orang yang lebih pantas dipandang. Justru kehancuranmu sendirilah tempat Dia berkata Dia sudah dekat. Jiwa yang remuk bukanlah penghalang bagi kehadiran-Nya; menurut ayat ini, itu hampir menjadi gambaran tepat tentang kondisi yang justru membuat-Nya mendekat untuk menyelamatkan.

Maka jika hari ini engkau merasa lebih hancur daripada siap, lebih rapuh daripada terpulihkan, kuatkanlah hatimu dari janji kuno dan sederhana ini. Engkau tidak perlu tiba di depan pintu Allah dalam keadaan rapi. Dia dekat dengan orang yang patah hati, dan itu termasuk dirimu, tepat seperti apa adanya dirimu sekarang.","Psalm 34:18 | The LORD is close to the brokenhearted and saves those who are crushed in spirit.","Mazmur 34:18 | TUHAN dekat dengan orang-orang yang patah hati, dan Ia menyelamatkan orang-orang yang remuk jiwanya.","What would it mean to stop waiting to feel composed before you draw near to God?","Apa artinya berhenti menunggu merasa tenang lebih dulu sebelum engkau mendekat kepada Allah?","Lord, thank You that You are close to me in my brokenness rather than waiting for me to be strong. Meet me exactly as I am today, crushed places and all. Amen.","Tuhan, terima kasih karena Engkau dekat denganku dalam kehancuranku, bukan menunggu aku menjadi kuat. Temuilah aku tepat seperti apa adanya hari ini, dengan segala bagian yang remuk. Amin."
"Peace","Damai","Peace with God","Damai dengan Allah","The Long Way Home","Jalan Panjang Pulang","Finding peace with God after wandering","Menemukan damai dengan Allah setelah mengembara","7","A seven-day plan for anyone who feels they have drifted far from God and wonders whether the way back is even open. Moving from the wall that Christ tore down, through the father who runs to meet the returning child, to the settled peace of a heart finally at home, these days trace the road back into right relationship with God.","Rencana tujuh hari bagi siapa saja yang merasa telah menjauh dari Allah dan bertanya-tanya apakah jalan kembali masih terbuka. Bergerak dari tembok yang dirubuhkan Kristus, melalui bapa yang berlari menyambut anak yang pulang, hingga damai yang tenang dari hati yang akhirnya sampai di rumah, hari-hari ini menelusuri jalan kembali menuju hubungan yang benar dengan Allah.","A portrait-orientation 3:4 ink-wash illustration of a long dirt road winding from the bottom of the frame up into the distance, where a small warmly lit house sits on a hilltop under a dusky sky, a single small silhouetted figure walking the road toward the light. The style is loose, expressive ink-wash with soft washes of grey-blue and warm amber bleeding at the edges, minimal fine linework, generous negative space. The palette is muted indigo, soft charcoal grey, and warm lamplight amber. All lettering is grouped together at the very top of the composition for maximum legibility, stacked on a soft solid-color band or gentle scrim so it stays readable against the artwork behind it: the title ""The Long Way Home"" first, largest, in an elegant flowing script; directly beneath it the smaller subtitle ""Finding peace with God after wandering""; and directly beneath the subtitle a compact rounded pill reading ""7 DAYS"" in bold small caps. Nothing else overlaps the illustration below. Mood: weary relief, the ache of homecoming.","","6","Peace That Guards Your Heart","Damai yang Menjaga Hatimu","After a season of wandering, coming back to God rarely feels instantly settled. Old anxieties tend to linger even after reconciliation begins, questions about whether we will drift again, whether the peace we are experiencing will hold under pressure. It is worth being honest about that lingering unease rather than pretending it disappears the moment we turn back.

Paul's letter to the Philippians speaks directly into that kind of unsettled heart. Do not be anxious about anything, but in every situation, by prayer and petition, with thanksgiving, present your requests to God. This is not a demand to simply stop worrying through sheer effort. It is an invitation to bring the anxiety, all of it, honestly into prayer, rather than carrying it alone or pretending it isn't there.

And then comes the promise: the peace of God, which transcends all understanding, will guard your hearts and your minds in Christ Jesus. Notice the word guard. This peace is not passive; it is active, standing sentry over our inner life, protecting us even when our understanding cannot fully make sense of our circumstances. It does not require us to have everything figured out. It simply requires us to bring our anxious hearts honestly before God.

As you continue finding your way home, let this be your daily practice rather than a one-time fix. Bring the fear of drifting again, the doubts, the lingering unease, honestly to God each time they surface. The peace that follows is not something you generate by calming yourself down; it is a guard God Himself posts over your heart.","Setelah masa pengembaraan, kembali kepada Allah jarang terasa langsung tenang. Kekhawatiran lama cenderung bertahan bahkan setelah pendamaian mulai terjadi, pertanyaan-pertanyaan tentang apakah kita akan mengembara lagi, apakah damai yang kita alami akan bertahan di bawah tekanan. Ada baiknya jujur tentang kegelisahan yang masih bertahan itu, ketimbang berpura-pura ia lenyap begitu kita berbalik kembali.

Surat Paulus kepada jemaat Filipi berbicara langsung kepada hati yang gelisah seperti itu. Janganlah hendaknya kamu kuatir tentang apa pun juga, tetapi nyatakanlah dalam segala hal keinginanmu kepada Allah dalam doa dan permohonan dengan ucapan syukur. Ini bukan tuntutan untuk sekadar berhenti khawatir dengan tekad semata. Ini undangan untuk membawa kecemasan itu, seluruhnya, dengan jujur ke dalam doa, ketimbang memikulnya sendirian atau berpura-pura ia tidak ada.

Dan kemudian datanglah janjinya: damai sejahtera Allah, yang melampaui segala akal, akan memelihara hati dan pikiranmu dalam Kristus Yesus. Perhatikan kata memelihara. Damai ini bukan pasif; ia aktif, berdiri berjaga atas kehidupan batin kita, melindungi kita bahkan ketika pemahaman kita tidak dapat sepenuhnya memahami keadaan kita. Ia tidak menuntut kita sudah memahami segalanya. Ia hanya menuntut kita membawa hati yang cemas itu dengan jujur di hadapan Allah.

Saat engkau terus menemukan jalan pulang, biarlah ini menjadi kebiasaan harianmu, bukan perbaikan sekali jadi. Bawalah rasa takut mengembara lagi, keraguan, kegelisahan yang masih bertahan, dengan jujur kepada Allah setiap kali itu muncul. Damai yang menyusul bukanlah sesuatu yang kau hasilkan dengan menenangkan diri sendiri; itu adalah penjagaan yang ditempatkan Allah sendiri atas hatimu.","Philippians 4:6-7 | Do not be anxious about anything, but in every situation, by prayer and petition, with thanksgiving, present your requests to God. And the peace of God, which transcends all understanding, will guard your hearts and your minds in Christ Jesus.","Filipi 4:6-7 | Janganlah hendaknya kamu kuatir tentang apa pun juga, tetapi nyatakanlah dalam segala hal keinginanmu kepada Allah dalam doa dan permohonan dengan ucapan syukur. Damai sejahtera Allah, yang melampaui segala akal, akan memelihara hati dan pikiranmu dalam Kristus Yesus.","What anxious thought have you been carrying alone instead of honestly presenting it to God?","Pikiran cemas apa yang selama ini kau pikul sendirian, ketimbang membawanya dengan jujur kepada Allah?","Father, I bring You the anxiety I have been carrying alone, including the fear of drifting again. Let Your peace, which I cannot fully explain, stand guard over my heart and mind. Amen.","Bapa, aku membawa kepada-Mu kecemasan yang selama ini kupikul sendirian, termasuk rasa takut mengembara lagi. Biarlah damai-Mu, yang tak dapat sepenuhnya kupahami, berdiri menjaga hati dan pikiranku. Amin."
"Peace","Damai","Peace with God","Damai dengan Allah","The Long Way Home","Jalan Panjang Pulang","Finding peace with God after wandering","Menemukan damai dengan Allah setelah mengembara","7","A seven-day plan for anyone who feels they have drifted far from God and wonders whether the way back is even open. Moving from the wall that Christ tore down, through the father who runs to meet the returning child, to the settled peace of a heart finally at home, these days trace the road back into right relationship with God.","Rencana tujuh hari bagi siapa saja yang merasa telah menjauh dari Allah dan bertanya-tanya apakah jalan kembali masih terbuka. Bergerak dari tembok yang dirubuhkan Kristus, melalui bapa yang berlari menyambut anak yang pulang, hingga damai yang tenang dari hati yang akhirnya sampai di rumah, hari-hari ini menelusuri jalan kembali menuju hubungan yang benar dengan Allah.","A portrait-orientation 3:4 ink-wash illustration of a long dirt road winding from the bottom of the frame up into the distance, where a small warmly lit house sits on a hilltop under a dusky sky, a single small silhouetted figure walking the road toward the light. The style is loose, expressive ink-wash with soft washes of grey-blue and warm amber bleeding at the edges, minimal fine linework, generous negative space. The palette is muted indigo, soft charcoal grey, and warm lamplight amber. All lettering is grouped together at the very top of the composition for maximum legibility, stacked on a soft solid-color band or gentle scrim so it stays readable against the artwork behind it: the title ""The Long Way Home"" first, largest, in an elegant flowing script; directly beneath it the smaller subtitle ""Finding peace with God after wandering""; and directly beneath the subtitle a compact rounded pill reading ""7 DAYS"" in bold small caps. Nothing else overlaps the illustration below. Mood: weary relief, the ache of homecoming.","","7","A Future and a Hope","Masa Depan dan Pengharapan","We end this week where many stories of wandering eventually lead, not just to forgiveness for the past, but to a genuine future. It can be tempting to think that reconciliation with God only repairs what was broken, restoring us to some neutral starting point, as if the best we can hope for is to be back where we would have been if we had never wandered at all.

Jeremiah's words were originally spoken to a people in exile, far from home, wondering whether God still had plans for them at all. His answer was not merely reassurance about survival. For I know the plans I have for you, declares the LORD, plans to prosper you and not to harm you, plans to give you hope and a future. This promise came precisely to people who had wandered, who had every reason to assume their story with God was a chapter of failure rather than a foundation for anything good ahead.

Peace with God after wandering, then, is not simply the absence of conflict. It is the beginning of a future that is genuinely good, not despite the wandering but woven together with it by a God who is skilled at redeeming exactly this kind of story. Your history of drifting does not disqualify you from the plans He has. If anything, coming home tends to deepen how fully you know the God whose plans you are now walking into.

As this week closes, let this be the note you carry forward. The wall came down. The Father ran to meet you. Your sins are not counted against you. His wounds bought your healing. He is close to your broken places. His peace guards your heart. And now, He has plans for you, plans for hope, plans for a future, because coming home to God was never the end of your story. It was the real beginning.","Kita mengakhiri minggu ini di tempat banyak kisah pengembaraan akhirnya bermuara, bukan sekadar pengampunan atas masa lalu, melainkan masa depan yang sungguh nyata. Ada godaan untuk berpikir bahwa pendamaian dengan Allah hanya memperbaiki apa yang rusak, mengembalikan kita ke titik awal yang netral, seolah-olah yang terbaik yang dapat kita harapkan hanyalah kembali ke tempat kita seandainya tidak pernah mengembara sama sekali.

Kata-kata Yeremia awalnya diucapkan kepada umat yang berada dalam pembuangan, jauh dari rumah, bertanya-tanya apakah Allah masih memiliki rencana bagi mereka sama sekali. Jawaban-Nya bukan sekadar penenang tentang bertahan hidup. Sebab Aku ini mengetahui rancangan-rancangan apa yang ada pada-Ku mengenai kamu, demikianlah firman TUHAN, yaitu rancangan damai sejahtera dan bukan rancangan kecelakaan, untuk memberikan kepadamu hari depan yang penuh harapan. Janji ini datang justru kepada orang-orang yang telah mengembara, yang memiliki setiap alasan untuk mengira kisah mereka dengan Allah adalah bab kegagalan, bukan fondasi bagi sesuatu yang baik ke depannya.

Damai dengan Allah setelah mengembara, dengan demikian, bukan sekadar ketiadaan konflik. Itu adalah permulaan masa depan yang sungguh baik, bukan meskipun ada pengembaraan, melainkan ditenun bersama dengannya oleh Allah yang piawai menebus tepat jenis kisah semacam ini. Riwayat pengembaraanmu tidak mendiskualifikasimu dari rencana yang Dia miliki. Justru, pulang ke rumah cenderung memperdalam seberapa penuh engkau mengenal Allah yang rencana-Nya sedang kau jalani sekarang.

Saat minggu ini berakhir, biarlah ini menjadi catatan yang kau bawa ke depan. Tembok itu telah dirubuhkan. Bapa berlari menyambutmu. Dosamu tidak diperhitungkan lagi. Bilur-bilur-Nya membeli kesembuhanmu. Dia dekat dengan bagian-bagianmu yang hancur. Damai-Nya menjaga hatimu. Dan sekarang, Dia memiliki rencana bagimu, rencana penuh pengharapan, rencana bagi masa depan, sebab pulang kepada Allah tidak pernah menjadi akhir kisahmu. Itu adalah permulaan yang sesungguhnya.","Jeremiah 29:11 | For I know the plans I have for you, declares the LORD, plans to prosper you and not to harm you, plans to give you hope and a future.","Yeremia 29:11 | Sebab Aku ini mengetahui rancangan-rancangan apa yang ada pada-Ku mengenai kamu, demikianlah firman TUHAN, yaitu rancangan damai sejahtera dan bukan rancangan kecelakaan, untuk memberikan kepadamu hari depan yang penuh harapan.","How might God be inviting you to see your wandering not as disqualifying, but as part of a story He is still writing toward good?","Bagaimana Allah mungkin sedang mengundangmu untuk melihat pengembaraanmu bukan sebagai diskualifikasi, melainkan sebagai bagian dari kisah yang masih Dia tulis menuju kebaikan?","Lord, thank You that coming home to You is not the end of my story but the real beginning of it. I trust the plans You have for me, plans of hope and a future, even after everything. Amen.","Tuhan, terima kasih karena pulang kepada-Mu bukanlah akhir kisahku, melainkan permulaan yang sesungguhnya. Aku percaya pada rencana yang Engkau miliki bagiku, rencana penuh pengharapan dan masa depan, bahkan setelah segalanya. Amin."
"Peace","Damai","Inner Peace & Anxiety","Damai Batin & Kecemasan","Quiet the Racing Mind","Menenangkan Pikiran yang Berpacu","A five-day path to stillness when thoughts won't stop","Lima hari menuju ketenangan saat pikiran tak mau berhenti","5","For the nights when your mind replays every conversation, every what-if, and every unfinished task, this five-day plan slows the spin with Scripture, honest reflection, and simple prayer, inviting you to trade a racing mind for a resting one anchored in God's steady presence.","Untuk malam-malam ketika pikiranmu memutar ulang setiap percakapan, setiap kemungkinan buruk, dan setiap pekerjaan yang belum selesai, rencana lima hari ini memperlambat putaran pikiran itu lewat Firman, refleksi yang jujur, dan doa sederhana, mengajakmu menukar pikiran yang berpacu dengan pikiran yang beristirahat di dalam kehadiran Allah yang teguh.","A gentle gouache illustration in portrait aspect ratio 3:4, painted in soft, blended brushstrokes on textured cold-press paper. The scene shows a single figure seated cross-legged on a windowsill at dusk, eyes closed, hands open on their knees, while a tangle of thin swirling lines above their head slowly unravels into calm, straight rays of soft light drifting upward toward a crescent moon. The palette is dusty lavender, muted teal, warm candle-gold, and soft charcoal grey, with the swirling 'noise' lines rendered in a fading dusty rose that dissolves into the gold light. The mood is hushed, tender, and quietly hopeful, like the first slow breath after a long day. All lettering is grouped together at the very top of the composition for maximum legibility, stacked on a soft solid-color band or gentle scrim so it stays readable against the artwork behind it: the title ""Quiet the Racing Mind"" first, largest, in a soft hand-lettered serif with gentle, slightly uneven strokes; directly beneath it the smaller subtitle ""A five-day path to stillness when thoughts won't stop""; and directly beneath the subtitle a compact rounded pill reading ""5 DAYS"" in bold small caps. Nothing else overlaps the illustration below. Mood: hushed, tender exhale after a long, noisy day.","","1","Naming the Noise","Menamai Kebisingan Itu","There is a particular kind of tiredness that has nothing to do with the body. It is the exhaustion of a mind that will not sit still — rehearsing the email you have not sent, replaying the tone in someone's voice, running through worst-case scenarios for a meeting that has not even happened yet. Many of us carry this quiet noise all day without ever naming it, so it just hums underneath everything, draining energy we did not know we were spending.

Scripture does not scold us for having anxious thoughts; it simply invites us to bring them somewhere. Paul, writing from a prison cell with more reason to spiral than most of us will ever have, tells the Philippians not to be anxious about anything, but in every situation, through prayer and petition, with thanksgiving, to present their requests to God. Notice he does not say 'stop feeling anxious.' He says 'bring it here.' The invitation is not to suppress the noise but to hand it over.

This first day is simply about naming what is looping in your head. Vague anxiety feels enormous and shapeless, like fog. But when you actually name the thought — 'I'm afraid I said the wrong thing,' 'I'm worried about money,' 'I keep thinking about tomorrow' — it becomes something specific enough to bring to God in prayer. Fog cannot be prayed about directly; a named worry can.

So before you do anything else today, try this: write down, or simply say aloud, the three thoughts that keep circling. Then read Paul's words again, slowly, and picture yourself physically setting each one down in front of God. This is not a magic formula that instantly silences the mind. It is the first small act of turning toward peace instead of away from it, and every day this week will build on that turning.","Ada satu jenis lelah yang tidak ada hubungannya dengan tubuh. Itu adalah kelelahan dari pikiran yang tidak mau diam — memutar ulang email yang belum terkirim, mengulang-ulang nada suara seseorang, membayangkan skenario terburuk untuk sebuah pertemuan yang bahkan belum terjadi. Banyak dari kita membawa kebisingan diam-diam ini sepanjang hari tanpa pernah menamainya, sehingga ia terus mendengung di bawah permukaan, menguras energi yang bahkan tidak kita sadari sedang terpakai.

Alkitab tidak menegur kita karena memiliki pikiran yang cemas; Alkitab hanya mengajak kita membawanya ke suatu tempat. Paulus, menulis dari dalam penjara dengan alasan lebih besar untuk panik daripada kebanyakan dari kita, berkata kepada jemaat Filipi agar jangan kuatir tentang apa pun juga, tetapi dalam segala hal menyatakan keinginan mereka kepada Allah dalam doa dan permohonan dengan ucapan syukur. Perhatikan ia tidak berkata 'berhentilah merasa cemas.' Ia berkata 'bawalah ke sini.' Ajakannya bukan untuk memendam kebisingan itu, melainkan untuk menyerahkannya.

Hari pertama ini sederhana saja: menamai apa yang sedang berputar di kepalamu. Kecemasan yang samar terasa besar dan tak berbentuk, seperti kabut. Tetapi ketika kamu benar-benar menamai pikiran itu — 'Aku takut aku salah bicara,' 'Aku kuatir soal keuangan,' 'Aku terus memikirkan besok' — ia menjadi sesuatu yang cukup spesifik untuk dibawa dalam doa. Kabut tidak bisa didoakan secara langsung; kekuatiran yang sudah dinamai, bisa.

Jadi sebelum melakukan hal lain hari ini, cobalah ini: tuliskan, atau ucapkan dengan suara, tiga pikiran yang terus berputar. Lalu baca ulang kata-kata Paulus itu perlahan-lahan, dan bayangkan dirimu benar-benar meletakkan setiap pikiran itu di hadapan Allah. Ini bukan rumus ajaib yang langsung membungkam pikiran. Ini adalah langkah kecil pertama untuk berpaling menuju damai, bukan menjauh darinya, dan setiap hari minggu ini akan dibangun di atas langkah itu.","Philippians 4:6-7 | Do not be anxious about anything, but in every situation, by prayer and petition, with thanksgiving, present your requests to God. And the peace of God, which transcends all understanding, will guard your hearts and your minds in Christ Jesus.","Filipi 4:6-7 | Janganlah hendaknya kamu kuatir tentang apa pun juga, tetapi nyatakanlah dalam segala hal keinginanmu kepada Allah dalam doa dan permohonan dengan ucapan syukur. Damai sejahtera Allah, yang melampaui segala akal, akan memelihara hati dan pikiranmu dalam Kristus Yesus.","What is the one thought that keeps looping today, and have you actually named it out loud yet?","Pikiran apa yang terus berputar hari ini, dan sudahkah kamu benar-benar menamainya dengan suara?","Lord, my mind is loud today. I bring You the thoughts I keep circling back to, even the ones that feel too small or too silly to pray about. Thank You for inviting me to hand them to You instead of carrying them alone. Guard my heart and my mind now, in Jesus' name. Amen.","Tuhan, pikiranku ramai hari ini. Aku membawa kepada-Mu pikiran-pikiran yang terus kuulang, bahkan yang terasa terlalu kecil atau sepele untuk didoakan. Terima kasih karena Engkau mengajakku menyerahkannya kepada-Mu, bukan memikulnya sendirian. Peliharalah hatiku dan pikiranku saat ini, dalam nama Yesus. Amin."
"Peace","Damai","Inner Peace & Anxiety","Damai Batin & Kecemasan","Quiet the Racing Mind","Menenangkan Pikiran yang Berpacu","A five-day path to stillness when thoughts won't stop","Lima hari menuju ketenangan saat pikiran tak mau berhenti","5","For the nights when your mind replays every conversation, every what-if, and every unfinished task, this five-day plan slows the spin with Scripture, honest reflection, and simple prayer, inviting you to trade a racing mind for a resting one anchored in God's steady presence.","Untuk malam-malam ketika pikiranmu memutar ulang setiap percakapan, setiap kemungkinan buruk, dan setiap pekerjaan yang belum selesai, rencana lima hari ini memperlambat putaran pikiran itu lewat Firman, refleksi yang jujur, dan doa sederhana, mengajakmu menukar pikiran yang berpacu dengan pikiran yang beristirahat di dalam kehadiran Allah yang teguh.","A gentle gouache illustration in portrait aspect ratio 3:4, painted in soft, blended brushstrokes on textured cold-press paper. The scene shows a single figure seated cross-legged on a windowsill at dusk, eyes closed, hands open on their knees, while a tangle of thin swirling lines above their head slowly unravels into calm, straight rays of soft light drifting upward toward a crescent moon. The palette is dusty lavender, muted teal, warm candle-gold, and soft charcoal grey, with the swirling 'noise' lines rendered in a fading dusty rose that dissolves into the gold light. The mood is hushed, tender, and quietly hopeful, like the first slow breath after a long day. All lettering is grouped together at the very top of the composition for maximum legibility, stacked on a soft solid-color band or gentle scrim so it stays readable against the artwork behind it: the title ""Quiet the Racing Mind"" first, largest, in a soft hand-lettered serif with gentle, slightly uneven strokes; directly beneath it the smaller subtitle ""A five-day path to stillness when thoughts won't stop""; and directly beneath the subtitle a compact rounded pill reading ""5 DAYS"" in bold small caps. Nothing else overlaps the illustration below. Mood: hushed, tender exhale after a long, noisy day.","","2","An Anchor for a Drifting Mind","Sauh bagi Pikiran yang Hanyut","A mind under stress tends to drift the way a small boat drifts without an anchor — pulled by whatever current is strongest that hour. Some days it is drawn toward the future, imagining everything that could go wrong. Other days it drifts backward, replaying old regrets. The problem is rarely the current itself; it is that the mind has nothing steady to hold onto, so it simply moves with whatever pulls hardest.

The prophet Isaiah offers a strikingly simple promise: 'You will keep in perfect peace those whose minds are steadfast, because they trust in you.' The peace is not described as the absence of storms around us, but as the fruit of a mind that has found something steadfast to fix itself on. The Hebrew word behind 'perfect peace' is actually shalom shalom — peace doubled, peace upon peace — as if to say this kind of stability is not a thin, fragile calm but a deep and layered one.

What does it mean, practically, to keep the mind steadfast? It rarely means never having an anxious thought again. It usually means having a place to return to when the drifting starts — a truth you rehearse, a name you call on, a verse you have made familiar enough that your mind can find it even when everything else feels chaotic. For many people that anchor becomes a single phrase repeated slowly: 'You keep me in perfect peace because I trust in You.'

Today, try choosing your anchor phrase before the drifting starts, not in the middle of it. Write it somewhere you will see it — a note on your phone, a sticky note by your bed. When you notice your thoughts pulling toward worry, you will not have to search for words; you will already have something steadfast to return to, the way a sailor returns again and again to a fixed point on the shore.","Pikiran yang tertekan cenderung hanyut seperti perahu kecil tanpa sauh — terseret oleh arus mana pun yang paling kuat pada jam itu. Ada hari ketika pikiran tertarik ke masa depan, membayangkan segala yang bisa salah. Ada hari lain ketika ia hanyut ke belakang, mengulang penyesalan lama. Masalahnya jarang pada arus itu sendiri; masalahnya adalah pikiran tidak punya sesuatu yang teguh untuk dipegang, sehingga ia bergerak mengikuti apa pun yang menarik paling kuat.

Nabi Yesaya memberi janji yang sangat sederhana: 'Yang hatinya teguh Kaujagai dengan damai sejahtera, sebab kepada-Mulah ia percaya.' Damai sejahtera itu tidak digambarkan sebagai tidak adanya badai di sekitar kita, melainkan sebagai buah dari pikiran yang telah menemukan sesuatu yang teguh untuk dipandang. Ungkapan 'damai sejahtera' dalam bahasa aslinya sebenarnya berlapis — damai di atas damai — seolah menegaskan bahwa jenis kestabilan ini bukan ketenangan yang tipis dan rapuh, melainkan yang dalam dan berlapis.

Apa artinya, secara praktis, menjaga hati agar teguh? Jarang berarti tidak akan pernah punya pikiran cemas lagi. Biasanya berarti memiliki tempat untuk kembali ketika hanyut itu mulai — sebuah kebenaran yang kau ulangi, sebuah nama yang kau seru, sebuah ayat yang sudah begitu akrab sehingga pikiranmu bisa menemukannya bahkan ketika segalanya terasa kacau. Bagi banyak orang, sauh itu menjadi satu kalimat sederhana yang diulang perlahan: 'Engkau menjagaku dengan damai sejahtera sebab aku percaya kepada-Mu.'

Hari ini, cobalah memilih kalimat sauhmu sebelum hanyut itu dimulai, bukan di tengah-tengahnya. Tuliskan di tempat yang akan kau lihat — catatan di ponsel, kertas tempel di dekat tempat tidur. Ketika kau sadar pikiranmu mulai tertarik ke arah kekuatiran, kau tidak perlu mencari-cari kata; kau sudah punya sesuatu yang teguh untuk dikembalikan, seperti seorang pelaut yang berulang kali kembali menatap satu titik tetap di garis pantai.","Isaiah 26:3 | You will keep in perfect peace those whose minds are steadfast, because they trust in you.","Yesaya 26:3 | Yang hatinya teguh Kaujagai dengan damai sejahtera, sebab kepada-Mulah ia percaya.","What one phrase could become your anchor to return to whenever your thoughts start to drift today?","Kalimat apa yang bisa menjadi sauhmu untuk kembali setiap kali pikiranmu mulai hanyut hari ini?","Father, my mind drifts so easily. Be the steadfast point I return to today. Where my thoughts pull toward worry, pull them back gently toward You, and let Your perfect peace settle over me because I am choosing, again, to trust. Amen.","Bapa, pikiranku begitu mudah hanyut. Jadilah titik teguh yang kutuju hari ini. Ketika pikiranku tertarik pada kekuatiran, tarik ia kembali dengan lembut kepada-Mu, dan biarlah damai sejahtera-Mu menutupiku karena aku memilih, sekali lagi, untuk percaya. Amin."
"Peace","Damai","Inner Peace & Anxiety","Damai Batin & Kecemasan","Quiet the Racing Mind","Menenangkan Pikiran yang Berpacu","A five-day path to stillness when thoughts won't stop","Lima hari menuju ketenangan saat pikiran tak mau berhenti","5","For the nights when your mind replays every conversation, every what-if, and every unfinished task, this five-day plan slows the spin with Scripture, honest reflection, and simple prayer, inviting you to trade a racing mind for a resting one anchored in God's steady presence.","Untuk malam-malam ketika pikiranmu memutar ulang setiap percakapan, setiap kemungkinan buruk, dan setiap pekerjaan yang belum selesai, rencana lima hari ini memperlambat putaran pikiran itu lewat Firman, refleksi yang jujur, dan doa sederhana, mengajakmu menukar pikiran yang berpacu dengan pikiran yang beristirahat di dalam kehadiran Allah yang teguh.","A gentle gouache illustration in portrait aspect ratio 3:4, painted in soft, blended brushstrokes on textured cold-press paper. The scene shows a single figure seated cross-legged on a windowsill at dusk, eyes closed, hands open on their knees, while a tangle of thin swirling lines above their head slowly unravels into calm, straight rays of soft light drifting upward toward a crescent moon. The palette is dusty lavender, muted teal, warm candle-gold, and soft charcoal grey, with the swirling 'noise' lines rendered in a fading dusty rose that dissolves into the gold light. The mood is hushed, tender, and quietly hopeful, like the first slow breath after a long day. All lettering is grouped together at the very top of the composition for maximum legibility, stacked on a soft solid-color band or gentle scrim so it stays readable against the artwork behind it: the title ""Quiet the Racing Mind"" first, largest, in a soft hand-lettered serif with gentle, slightly uneven strokes; directly beneath it the smaller subtitle ""A five-day path to stillness when thoughts won't stop""; and directly beneath the subtitle a compact rounded pill reading ""5 DAYS"" in bold small caps. Nothing else overlaps the illustration below. Mood: hushed, tender exhale after a long, noisy day.","","3","Coming to Rest","Datang untuk Beristirahat","A racing mind rarely announces itself with drama. It usually just keeps going — one more thought, one more plan, one more thing to check — long after the body has stopped moving. You lie down to sleep and the mind keeps working the night shift. You sit down to rest and it quietly starts making lists. Overthinking is exhausting precisely because it never clocks out.

Jesus' invitation in Matthew's Gospel is addressed exactly to this kind of weariness: 'Come to me, all you who are weary and burdened, and I will give you rest.' He does not say 'come to me once your mind is already calm.' He says come as you are — weary, burdened, mid-spiral if that is where you are. The rest He offers is not something you have to earn by first achieving stillness; it is something He gives to people who are still in the middle of the noise.

He goes on to say something easy to overlook: 'Take my yoke upon you and learn from me, for I am gentle and humble in heart, and you will find rest for your souls.' A yoke is a working image, not a passive one — it is what joins two animals together so that one carries the weight alongside the other. Jesus is not offering an empty schedule; He is offering to walk beside you in the very things that are wearing you out, carrying the heavier end of the load.

Today, when your mind starts working the night shift again, try picturing that yoke — not a burden added, but a burden shared. Say the words slowly: 'I am not carrying this alone.' The overthinking may not disappear instantly, but you can practice noticing, again and again, that Someone gentle has already stepped in beside you to carry it.","Pikiran yang berpacu jarang mengumumkan dirinya dengan dramatis. Ia biasanya hanya terus berjalan — satu pikiran lagi, satu rencana lagi, satu hal lagi untuk diperiksa — lama setelah tubuh berhenti bergerak. Kau berbaring untuk tidur dan pikiranmu mulai bekerja shift malam. Kau duduk untuk beristirahat dan diam-diam ia mulai menyusun daftar. Overthinking begitu melelahkan justru karena ia tidak pernah pulang kerja.

Ajakan Yesus dalam Injil Matius ditujukan tepat pada jenis kelelahan ini: 'Marilah kepada-Ku, semua yang letih lesu dan berbeban berat, Aku akan memberi kelegaan kepadamu.' Ia tidak berkata 'datanglah kepada-Ku setelah pikiranmu tenang.' Ia berkata datanglah apa adanya — letih, berbeban, bahkan di tengah pikiran yang berputar sekalipun. Kelegaan yang Ia tawarkan bukan sesuatu yang harus kau raih dulu dengan mencapai ketenangan; itu adalah pemberian bagi orang yang masih berada di tengah kebisingan.

Ia melanjutkan dengan kalimat yang mudah terlewat: 'Pikullah kuk yang Kupasang dan belajarlah pada-Ku, karena Aku lemah lembut dan rendah hati, dan jiwamu akan mendapat ketenangan.' Kuk adalah gambaran yang aktif, bukan pasif — itulah alat yang menyatukan dua binatang agar salah satunya memikul beban bersama yang lain. Yesus bukan menawarkan jadwal yang kosong; Ia menawarkan untuk berjalan di sisimu tepat dalam hal-hal yang membuatmu lelah, memikul bagian beban yang lebih berat.

Hari ini, ketika pikiranmu mulai bekerja shift malam lagi, cobalah membayangkan kuk itu — bukan beban yang ditambahkan, melainkan beban yang dibagi. Ucapkan perlahan: 'Aku tidak memikul ini sendirian.' Overthinking mungkin tidak langsung hilang, tetapi kau bisa berlatih menyadari, berulang-ulang, bahwa Seseorang yang lembut sudah melangkah di sampingmu untuk ikut memikulnya.","Matthew 11:28-29 | Come to me, all you who are weary and burdened, and I will give you rest. Take my yoke upon you and learn from me, for I am gentle and humble in heart, and you will find rest for your souls.","Matius 11:28-29 | Marilah kepada-Ku, semua yang letih lesu dan berbeban berat, Aku akan memberi kelegaan kepadamu. Pikullah kuk yang Kupasang dan belajarlah pada-Ku, karena Aku lemah lembut dan rendah hati, dan jiwamu akan mendapat ketenangan.","Where in your day could you picture Jesus taking the heavier end of the load with you, instead of waiting until you feel calm to invite Him in?","Di bagian mana dari harimu kau bisa membayangkan Yesus memikul sisi yang lebih berat bersamamu, alih-alih menunggu sampai kau merasa tenang untuk mengundang-Nya masuk?","Jesus, I come to You weary, not once I've calmed down but right now, mid-thought, mid-worry. Thank You for offering to carry this with me instead of asking me to carry it alone. Teach me Your gentleness today, and let my soul find rest. Amen.","Yesus, aku datang kepada-Mu dalam keletihan, bukan setelah aku tenang, tetapi sekarang juga, di tengah pikiran dan kekuatiranku. Terima kasih karena Engkau menawarkan untuk memikulnya bersamaku, bukan memintaku memikulnya sendiri. Ajari aku kelembutan-Mu hari ini, dan biarlah jiwaku mendapat ketenangan. Amin."
"Peace","Damai","Inner Peace & Anxiety","Damai Batin & Kecemasan","Quiet the Racing Mind","Menenangkan Pikiran yang Berpacu","A five-day path to stillness when thoughts won't stop","Lima hari menuju ketenangan saat pikiran tak mau berhenti","5","For the nights when your mind replays every conversation, every what-if, and every unfinished task, this five-day plan slows the spin with Scripture, honest reflection, and simple prayer, inviting you to trade a racing mind for a resting one anchored in God's steady presence.","Untuk malam-malam ketika pikiranmu memutar ulang setiap percakapan, setiap kemungkinan buruk, dan setiap pekerjaan yang belum selesai, rencana lima hari ini memperlambat putaran pikiran itu lewat Firman, refleksi yang jujur, dan doa sederhana, mengajakmu menukar pikiran yang berpacu dengan pikiran yang beristirahat di dalam kehadiran Allah yang teguh.","A gentle gouache illustration in portrait aspect ratio 3:4, painted in soft, blended brushstrokes on textured cold-press paper. The scene shows a single figure seated cross-legged on a windowsill at dusk, eyes closed, hands open on their knees, while a tangle of thin swirling lines above their head slowly unravels into calm, straight rays of soft light drifting upward toward a crescent moon. The palette is dusty lavender, muted teal, warm candle-gold, and soft charcoal grey, with the swirling 'noise' lines rendered in a fading dusty rose that dissolves into the gold light. The mood is hushed, tender, and quietly hopeful, like the first slow breath after a long day. All lettering is grouped together at the very top of the composition for maximum legibility, stacked on a soft solid-color band or gentle scrim so it stays readable against the artwork behind it: the title ""Quiet the Racing Mind"" first, largest, in a soft hand-lettered serif with gentle, slightly uneven strokes; directly beneath it the smaller subtitle ""A five-day path to stillness when thoughts won't stop""; and directly beneath the subtitle a compact rounded pill reading ""5 DAYS"" in bold small caps. Nothing else overlaps the illustration below. Mood: hushed, tender exhale after a long, noisy day.","","4","When Thoughts Multiply","Ketika Pikiran Berlipat Ganda","There is a moment familiar to almost anyone who overthinks: one worry quietly becomes three, then five, then a whole tangled web that seems to have nothing to do with the original concern. You started worrying about one conversation and somehow ended up rehearsing every failure you have ever had. The mind, once it starts multiplying anxious thoughts, can feel almost impossible to stop.

The psalmist knew this exact experience and put words to it with striking honesty: 'When anxiety was great within me, your consolation brought me joy.' The Hebrew word translated 'great' can also mean 'many' or 'multiplied' — literally, when my anxious thoughts multiplied within me. This is not a psalm written by someone who never struggled with a spinning mind; it is written by someone who knew exactly what it feels like when worries breed more worries.

What is striking is what comes next — not a rebuke, not a demand to think differently by sheer willpower, but consolation. Comfort. God's response to a multiplying mind is not more pressure to fix itself; it is His nearness, offered gently, into the very tangle. Joy does not arrive by out-arguing every anxious thought one by one — it arrives as comfort meets us in the middle of the multiplying, and slowly, thought by thought, the volume turns down.

Today, when you notice one worry has quietly become five, resist the urge to solve every branch of it at once. Instead, simply say what the psalmist said: 'Lord, my anxious thoughts are many within me — bring Your consolation.' You are not asking to out-think the spiral. You are asking to be comforted inside it, which is a request God delights to answer.","Ada satu momen yang akrab bagi hampir semua orang yang gemar overthinking: satu kekuatiran diam-diam menjadi tiga, lalu lima, lalu jalinan kusut yang seolah tak ada hubungannya lagi dengan masalah awal. Kau mulai kuatir tentang satu percakapan dan entah bagaimana berakhir mengulang setiap kegagalan yang pernah kau alami. Pikiran, begitu ia mulai melipatgandakan kecemasan, bisa terasa hampir mustahil untuk dihentikan.

Pemazmur mengenal betul pengalaman ini dan mengungkapkannya dengan kejujuran yang mengejutkan: 'Ketika pikiranku bercabang-cabang, penghiburan-Mu menyenangkan jiwaku.' Kata 'bercabang-cabang' dalam bahasa aslinya bisa juga berarti 'banyak' atau 'berlipat ganda' — secara harfiah, ketika pikiran cemasku berlipat ganda di dalam diriku. Mazmur ini bukan ditulis oleh seseorang yang tidak pernah bergumul dengan pikiran yang berputar; ini ditulis oleh seseorang yang tahu persis rasanya ketika satu kekuatiran melahirkan kekuatiran-kekuatiran lain.

Yang mengejutkan adalah apa yang terjadi selanjutnya — bukan teguran, bukan tuntutan untuk berpikir berbeda hanya dengan kemauan keras, melainkan penghiburan. Penghiburan itu. Respons Allah terhadap pikiran yang berlipat ganda bukanlah tekanan lebih besar agar pikiran itu memperbaiki dirinya sendiri; itu adalah kedekatan-Nya, yang diberikan dengan lembut, tepat masuk ke tengah jalinan kusut itu. Sukacita tidak datang dengan membantah setiap pikiran cemas satu per satu — sukacita datang saat penghiburan menjumpai kita di tengah lipatan itu, dan perlahan-lahan, satu pikiran demi satu pikiran, volumenya mulai mengecil.

Hari ini, ketika kau sadar satu kekuatiran diam-diam telah menjadi lima, tahan dorongan untuk menyelesaikan setiap cabangnya sekaligus. Sebaliknya, ucapkan saja seperti pemazmur: 'Tuhan, pikiran cemasku begitu banyak di dalam diriku — bawalah penghiburan-Mu.' Kau tidak sedang mencoba mengalahkan pusaran itu dengan berpikir lebih keras. Kau sedang meminta untuk dihibur di tengahnya, dan itulah permintaan yang senang dijawab Allah.","Psalm 94:19 | When anxiety was great within me, your consolation brought me joy.","Mazmur 94:19 | Ketika pikiranku bercabang-cabang, penghiburan-Mu menyenangkan jiwaku.","Instead of trying to solve every branch of your worry today, could you simply ask God for His consolation in the middle of it?","Alih-alih mencoba menyelesaikan setiap cabang kekuatiranmu hari ini, bisakah kau sekadar meminta penghiburan Allah di tengah-tengahnya?","Lord, my thoughts have multiplied again — one worry has become many. I'm not asking You to help me out-argue each one today. I'm asking for Your consolation, right here in the tangle, so that even before the noise fully quiets, joy can find me. Amen.","Tuhan, pikiranku kembali berlipat ganda — satu kekuatiran telah menjadi banyak. Aku tidak meminta-Mu membantuku membantah setiap pikiran itu hari ini. Aku meminta penghiburan-Mu, tepat di tengah jalinan kusut ini, sehingga sebelum kebisingan itu benar-benar reda, sukacita bisa menemukanku. Amin."
"Peace","Damai","Inner Peace & Anxiety","Damai Batin & Kecemasan","Quiet the Racing Mind","Menenangkan Pikiran yang Berpacu","A five-day path to stillness when thoughts won't stop","Lima hari menuju ketenangan saat pikiran tak mau berhenti","5","For the nights when your mind replays every conversation, every what-if, and every unfinished task, this five-day plan slows the spin with Scripture, honest reflection, and simple prayer, inviting you to trade a racing mind for a resting one anchored in God's steady presence.","Untuk malam-malam ketika pikiranmu memutar ulang setiap percakapan, setiap kemungkinan buruk, dan setiap pekerjaan yang belum selesai, rencana lima hari ini memperlambat putaran pikiran itu lewat Firman, refleksi yang jujur, dan doa sederhana, mengajakmu menukar pikiran yang berpacu dengan pikiran yang beristirahat di dalam kehadiran Allah yang teguh.","A gentle gouache illustration in portrait aspect ratio 3:4, painted in soft, blended brushstrokes on textured cold-press paper. The scene shows a single figure seated cross-legged on a windowsill at dusk, eyes closed, hands open on their knees, while a tangle of thin swirling lines above their head slowly unravels into calm, straight rays of soft light drifting upward toward a crescent moon. The palette is dusty lavender, muted teal, warm candle-gold, and soft charcoal grey, with the swirling 'noise' lines rendered in a fading dusty rose that dissolves into the gold light. The mood is hushed, tender, and quietly hopeful, like the first slow breath after a long day. All lettering is grouped together at the very top of the composition for maximum legibility, stacked on a soft solid-color band or gentle scrim so it stays readable against the artwork behind it: the title ""Quiet the Racing Mind"" first, largest, in a soft hand-lettered serif with gentle, slightly uneven strokes; directly beneath it the smaller subtitle ""A five-day path to stillness when thoughts won't stop""; and directly beneath the subtitle a compact rounded pill reading ""5 DAYS"" in bold small caps. Nothing else overlaps the illustration below. Mood: hushed, tender exhale after a long, noisy day.","","5","A Spirit of Power, Love, and a Sound Mind","Roh yang Membangkitkan Kekuatan, Kasih, dan Ketertiban","By the end of a week of noticing a racing mind, it is worth asking a deeper question: where does this pattern of fear come from in the first place? Not every anxious thought is sin or failure — some of it is simply how a tired, overloaded mind responds to a world that gives it endless things to worry about. But Scripture also names a spirit of fear as something we are not meant to be governed by long-term.

Paul writes to Timothy, a younger leader who seems to have been struggling with timidity and anxiety about his calling: 'For the Spirit God gave us does not make us timid, but gives us power, love and self-discipline.' The word translated 'self-discipline' or 'sound mind' carries the sense of a mind that is well-ordered, clear, and steady — the very opposite of a mind endlessly spinning.

This verse is not a command to simply try harder to stop being anxious. It is a reminder of what has already been given. If you belong to Christ, the Spirit living in you is not a spirit of fear — it is a spirit of power, love, and a sound mind. On the days your thoughts race, that is not the truest thing about you; it is a pattern trying to override what is already yours in the Spirit.

As you close this five-day plan, take a moment to notice what has shifted, even slightly — a phrase you now return to, a breath you take before spiraling, a habit of naming your worries instead of letting them stay foggy. A quiet mind is rarely built in five days, but a direction can be. Carry this verse with you as a kind of permission slip: you were not given a spirit of fear, so you do not have to obey it.","Di akhir seminggu memperhatikan pikiran yang berpacu, ada baiknya mengajukan pertanyaan yang lebih dalam: dari mana sebenarnya pola ketakutan ini berasal? Tidak setiap pikiran cemas adalah dosa atau kegagalan — sebagiannya hanyalah cara pikiran yang lelah dan kelebihan beban merespons dunia yang memberinya begitu banyak hal untuk dikuatirkan. Namun Alkitab juga menyebut roh ketakutan sebagai sesuatu yang tidak seharusnya menguasai kita dalam jangka panjang.

Paulus menulis kepada Timotius, seorang pemimpin muda yang tampaknya bergumul dengan rasa takut dan cemas tentang panggilannya: 'Sebab Allah memberikan kepada kita bukan roh ketakutan, tetapi roh yang membangkitkan kekuatan, kasih dan ketertiban.' Kata yang diterjemahkan 'ketertiban' membawa makna pikiran yang tertata, jernih, dan stabil — kebalikan tepat dari pikiran yang terus berputar tanpa henti.

Ayat ini bukan perintah untuk sekadar mencoba lebih keras agar berhenti cemas. Ini adalah pengingat tentang apa yang sudah diberikan. Jika kamu milik Kristus, Roh yang tinggal di dalammu bukanlah roh ketakutan — melainkan roh yang membangkitkan kekuatan, kasih, dan ketertiban. Pada hari-hari pikiranmu berpacu, itu bukanlah kebenaran paling dasar tentang dirimu; itu adalah pola yang sedang mencoba menutupi apa yang sesungguhnya sudah menjadi milikmu di dalam Roh.

Saat menutup rencana lima hari ini, luangkan waktu untuk menyadari apa yang telah bergeser, sekecil apa pun — sebuah kalimat yang kini kau kembali kepadanya, sebuah tarikan napas sebelum pikiran mulai berputar, kebiasaan menamai kekuatiranmu alih-alih membiarkannya tetap kabur. Pikiran yang tenang jarang terbentuk hanya dalam lima hari, tetapi sebuah arah bisa. Bawalah ayat ini bersamamu seperti semacam surat izin: kamu tidak diberi roh ketakutan, jadi kamu tidak harus menaatinya.","2 Timothy 1:7 | For the Spirit God gave us does not make us timid, but gives us power, love and self-discipline.","2 Timotius 1:7 | Sebab Allah memberikan kepada kita bukan roh ketakutan, tetapi roh yang membangkitkan kekuatan, kasih dan ketertiban.","Looking back over this week, what is one small shift — a phrase, a habit, a breath — you want to carry forward from here?","Melihat kembali minggu ini, satu pergeseran kecil apa — sebuah kalimat, kebiasaan, tarikan napas — yang ingin kau bawa ke depan?","Father, thank You that the Spirit You gave me is not a spirit of fear. On the days my mind races, remind me that power, love, and a clear mind are already mine in Christ. Help me carry that truth forward long after these five days are over. Amen.","Bapa, terima kasih karena Roh yang Engkau berikan kepadaku bukanlah roh ketakutan. Pada hari-hari pikiranku berpacu, ingatkanlah aku bahwa kekuatan, kasih, dan pikiran yang jernih sudah menjadi milikku di dalam Kristus. Tolong aku membawa kebenaran ini terus, jauh melampaui lima hari ini. Amin."
"Peace","Damai","Inner Peace & Anxiety","Damai Batin & Kecemasan","Casting Every Worry","Menyerahkan Setiap Kekuatiran","Seven days of releasing your worries into God's hands","Tujuh hari melepaskan kekuatiranmu ke tangan Tuhan","7","Everyday worry rarely arrives as one big crisis; it arrives as a hundred small concerns layered on top of each other. This seven-day plan walks through a week of ordinary anxieties — provision, uncertainty, comparison, decisions — and practices, one day at a time, the simple but demanding act of casting each one onto a God who genuinely cares.","Kekuatiran sehari-hari jarang datang sebagai satu krisis besar; ia datang sebagai seratus kekhawatiran kecil yang bertumpuk satu sama lain. Rencana tujuh hari ini menjalani seminggu penuh kecemasan biasa — soal rezeki, ketidakpastian, perbandingan diri, keputusan — dan melatih, satu hari pada satu waktu, tindakan sederhana namun menuntut untuk menyerahkan setiap kekuatiran kepada Allah yang sungguh-sungguh peduli.","A folk-art linocut-style illustration in portrait aspect ratio 3:4, rendered with bold carved outlines, visible woodgrain texture, and flat layered color fields in the tradition of hand-printed devotional art. The composition shows a small figure at the base of the image, arms raised, releasing a flock of small paper-boat-shaped worries upward into open, cupped hands that emerge gently from a sunburst pattern of radiating lines filling the upper sky. The palette is deep indigo, warm terracotta, mustard yellow, and cream white, with the released worries printed in a lighter dusty blue that grows fainter as they rise. The mood is grounded, steady, and quietly triumphant, like a slow exhale of relief. All lettering is grouped together at the very top of the composition for maximum legibility, stacked on a soft solid-color band or gentle scrim so it stays readable against the artwork behind it: the title ""Casting Every Worry"" first, largest, in a bold hand-carved block-print lettering style; directly beneath it the smaller subtitle ""Seven days of releasing your worries into God's hands""; and directly beneath the subtitle a compact rounded pill reading ""7 DAYS"" in bold small caps. Nothing else overlaps the illustration below. Mood: grounded, steady relief, like setting down something heavy.","","1","He Cares About the Small Things Too","Ia Peduli Bahkan pada Hal-Hal Kecil","Some worries feel too small to bring to God. The traffic that will make you late, the awkward text you sent, the small ache of not knowing if you did enough today — these do not feel like prayer-request material. So we carry them silently, assuming God's attention is reserved for bigger things: sickness, loss, the truly weighty matters of life. And so the small worries just pile up, unspoken, one on top of another, until the pile itself becomes heavy.

Peter's words to the early Christians cut straight through that assumption: 'Cast all your anxiety on him because he cares for you.' Not some of your anxiety. Not only the dignified, serious worries. All of it — including the small, almost embarrassing ones. The word 'cast' is vivid; it means to throw, to hurl, the way you might throw a heavy bag off your shoulder onto someone stronger who has offered to carry it.

What makes this possible is the reason Peter gives: because He cares for you. Not because He is obligated to, not because worry is beneath His notice, but because He genuinely cares — about you, specifically, including the small stuff that makes up most of an ordinary day. A God who counts the hairs on your head is not too busy for the little worry sitting in your chest right now.

Today, instead of sorting your worries into 'worth praying about' and 'too small to mention,' try casting all of them — the big and the almost silly — onto God in one honest prayer. You do not need to justify the size of a worry before bringing it to Someone who cares about you, not just about your problems.","Ada kekuatiran yang terasa terlalu kecil untuk dibawa kepada Tuhan. Kemacetan yang akan membuatmu terlambat, pesan canggung yang sudah terkirim, rasa sedikit tidak yakin apakah kau sudah cukup berusaha hari ini — semua itu tidak terasa seperti bahan permohonan doa. Jadi kita memikulnya diam-diam, mengira perhatian Allah hanya untuk hal-hal yang lebih besar: sakit, kehilangan, urusan hidup yang benar-benar berat. Maka kekuatiran-kekuatiran kecil itu terus bertumpuk, tak terucap, satu di atas yang lain, sampai tumpukan itu sendiri menjadi berat.

Kata-kata Petrus kepada jemaat mula-mula langsung menembus anggapan itu: 'Serahkanlah segala kekuatiranmu kepada-Nya, sebab Ia yang memelihara kamu.' Bukan sebagian kekuatiranmu. Bukan hanya kekuatiran yang terasa pantas dan serius. Segalanya — termasuk yang kecil, yang hampir memalukan untuk diakui. Kata 'serahkan' di sini terasa hidup; artinya melemparkan, meletakkan sepenuhnya, seperti melepaskan tas berat dari pundakmu kepada seseorang yang lebih kuat dan sudah menawarkan diri untuk memikulnya.

Yang membuat ini mungkin adalah alasan yang Petrus berikan: sebab Ia yang memelihara kamu. Bukan karena Ia berkewajiban, bukan karena kekuatiran terlalu remeh untuk diperhatikan-Nya, tetapi karena Ia sungguh-sungguh peduli — kepadamu, secara pribadi, termasuk hal-hal kecil yang mengisi sebagian besar hari biasa. Allah yang menghitung rambut di kepalamu tidak terlalu sibuk untuk kekuatiran kecil yang sedang mengganjal di dadamu sekarang.

Hari ini, alih-alih memilah kekuatiranmu menjadi 'layak didoakan' dan 'terlalu kecil untuk disebut,' cobalah menyerahkan semuanya — yang besar maupun yang hampir konyol — kepada Allah dalam satu doa yang jujur. Kau tidak perlu membenarkan besar-kecilnya kekuatiran sebelum membawanya kepada Seseorang yang peduli padamu, bukan hanya pada masalahmu.","1 Peter 5:7 | Cast all your anxiety on him because he cares for you.","1 Petrus 5:7 | Serahkanlah segala kekuatiranmu kepada-Nya, sebab Ia yang memelihara kamu.","What is the worry today that felt too small to pray about, and what would it look like to bring it anyway?","Kekuatiran apa hari ini yang terasa terlalu kecil untuk didoakan, dan seperti apa jika kau tetap membawanya kepada Tuhan?","Lord, I bring You everything today, even the small worries I usually keep to myself. Thank You for caring about me, not just my biggest problems. Help me trust that no worry is too small to hand over to You. Amen.","Tuhan, aku membawa segalanya kepada-Mu hari ini, bahkan kekuatiran kecil yang biasanya kusimpan sendiri. Terima kasih karena Engkau peduli padaku, bukan hanya pada masalah-masalah terbesarku. Tolong aku percaya bahwa tidak ada kekuatiran yang terlalu kecil untuk diserahkan kepada-Mu. Amin."
"Peace","Damai","Inner Peace & Anxiety","Damai Batin & Kecemasan","Casting Every Worry","Menyerahkan Setiap Kekuatiran","Seven days of releasing your worries into God's hands","Tujuh hari melepaskan kekuatiranmu ke tangan Tuhan","7","Everyday worry rarely arrives as one big crisis; it arrives as a hundred small concerns layered on top of each other. This seven-day plan walks through a week of ordinary anxieties — provision, uncertainty, comparison, decisions — and practices, one day at a time, the simple but demanding act of casting each one onto a God who genuinely cares.","Kekuatiran sehari-hari jarang datang sebagai satu krisis besar; ia datang sebagai seratus kekhawatiran kecil yang bertumpuk satu sama lain. Rencana tujuh hari ini menjalani seminggu penuh kecemasan biasa — soal rezeki, ketidakpastian, perbandingan diri, keputusan — dan melatih, satu hari pada satu waktu, tindakan sederhana namun menuntut untuk menyerahkan setiap kekuatiran kepada Allah yang sungguh-sungguh peduli.","A folk-art linocut-style illustration in portrait aspect ratio 3:4, rendered with bold carved outlines, visible woodgrain texture, and flat layered color fields in the tradition of hand-printed devotional art. The composition shows a small figure at the base of the image, arms raised, releasing a flock of small paper-boat-shaped worries upward into open, cupped hands that emerge gently from a sunburst pattern of radiating lines filling the upper sky. The palette is deep indigo, warm terracotta, mustard yellow, and cream white, with the released worries printed in a lighter dusty blue that grows fainter as they rise. The mood is grounded, steady, and quietly triumphant, like a slow exhale of relief. All lettering is grouped together at the very top of the composition for maximum legibility, stacked on a soft solid-color band or gentle scrim so it stays readable against the artwork behind it: the title ""Casting Every Worry"" first, largest, in a bold hand-carved block-print lettering style; directly beneath it the smaller subtitle ""Seven days of releasing your worries into God's hands""; and directly beneath the subtitle a compact rounded pill reading ""7 DAYS"" in bold small caps. Nothing else overlaps the illustration below. Mood: grounded, steady relief, like setting down something heavy.","","2","Worry Adds Nothing","Kekuatiran Tidak Menambah Apa-Apa","There is an honesty in Jesus' teaching on worry that we sometimes rush past. He does not simply say 'trust God more.' He asks a pointed, almost uncomfortable question: 'Can any one of you by worrying add a single hour to your life?' It is a question meant to stop us in our tracks, because the honest answer is no — and most of us already know that, even while we keep worrying anyway.

In the Sermon on the Mount, Jesus points to birds who neither sow nor reap nor store away in barns, and yet are fed by their Heavenly Father, and to wildflowers, more beautifully clothed than Solomon in all his splendor, that neither labor nor spin. He is not telling us to stop working or planning; He is pointing out that the anxious striving underneath our work rarely improves anything. It simply adds a layer of suffering on top of situations we are often already handling.

This is one of the harder truths to sit with, because worry can feel productive. It feels like doing something, like caring enough, like preparing for what might go wrong. But Jesus' question exposes that feeling as an illusion. Worry does not actually add hours to your life, money to your account, or solutions to your problems — it mostly adds hours of suffering to a day that did not need them.

Today, when you notice yourself worrying about food, money, tomorrow, or whether things will work out, try asking Jesus' question honestly: is this worry adding anything? If the answer is no, that does not mean the underlying concern disappears — it means it is exactly the kind of thing worth handing to the Father who already feeds the birds and clothes the fields, and who knows what you need before you ask.","Ada kejujuran dalam pengajaran Yesus tentang kekuatiran yang kadang kita lewati terlalu cepat. Ia tidak sekadar berkata 'percayalah lebih kepada Allah.' Ia mengajukan pertanyaan yang tajam, bahkan agak tidak nyaman: 'Siapakah di antara kamu yang karena kekuatirannya dapat menambahkan sehasta pada jalan hidupnya?' Ini pertanyaan yang dimaksudkan untuk menghentikan langkah kita, karena jawaban jujurnya adalah tidak — dan kebanyakan dari kita sebenarnya sudah tahu itu, meski tetap saja terus kuatir.

Dalam Khotbah di Bukit, Yesus menunjuk pada burung-burung yang tidak menabur atau menuai atau mengumpulkan bekal, namun tetap diberi makan oleh Bapa di surga, dan pada bunga bakung, yang berpakaian lebih indah daripada Salomo dalam segala kemegahannya, meski tidak bekerja atau memintal. Ia tidak menyuruh kita berhenti bekerja atau merencanakan; Ia menunjukkan bahwa kekuatiran yang menggerogoti di balik pekerjaan kita jarang benar-benar memperbaiki apa pun. Ia hanya menambah lapisan penderitaan di atas keadaan yang sering kali sudah bisa kita tangani.

Ini salah satu kebenaran yang lebih sulit untuk direnungkan, karena kekuatiran bisa terasa produktif. Terasa seperti sedang melakukan sesuatu, seperti cukup peduli, seperti bersiap untuk yang mungkin salah. Namun pertanyaan Yesus mengungkap perasaan itu sebagai ilusi. Kekuatiran sesungguhnya tidak menambah jam dalam hidupmu, uang di rekeningmu, atau solusi bagi masalahmu — ia kebanyakan hanya menambah jam-jam penderitaan pada hari yang sebenarnya tidak membutuhkannya.

Hari ini, ketika kau sadar sedang kuatir soal makanan, uang, hari esok, atau apakah semuanya akan berjalan baik, cobalah bertanya sejujurnya seperti pertanyaan Yesus: apakah kekuatiran ini menambah sesuatu? Jika jawabannya tidak, itu tidak berarti kekhawatiran yang mendasarinya lenyap begitu saja — itu berarti persoalan itu justru pantas diserahkan kepada Bapa yang sudah memberi makan burung-burung dan mendandani ladang, dan yang tahu apa yang kau perlukan bahkan sebelum kau memintanya.","Matthew 6:25-27 | Therefore I tell you, do not worry about your life, what you will eat or drink; or about your body, what you will wear... Can any one of you by worrying add a single hour to your life?","Matius 6:25-27 | Karena itu Aku berkata kepadamu: Janganlah kuatir akan hidupmu, akan apa yang hendak kamu makan atau minum, dan janganlah kuatir pula akan tubuhmu, akan apa yang hendak kamu pakai... Siapakah di antara kamu yang karena kekuatirannya dapat menambahkan sehasta pada jalan hidupnya?","Is there a worry today you could honestly admit is only adding suffering, not solutions — and hand over instead?","Adakah kekuatiran hari ini yang bisa kau akui dengan jujur hanya menambah penderitaan, bukan solusi — dan bisa kau serahkan saja?","Father, I confess how much energy I've spent worrying over things I cannot control. You feed the birds and clothe the fields without their anxious striving. Teach me to work and plan without carrying the extra weight of worry on top. Amen.","Bapa, aku mengakui betapa banyak energi yang sudah kuhabiskan untuk kuatir akan hal-hal yang tidak bisa kukendalikan. Engkau memberi makan burung-burung dan mendandani ladang tanpa mereka harus bersusah kuatir. Ajari aku bekerja dan merencanakan tanpa memikul beban tambahan kekuatiran di atasnya. Amin."
"Peace","Damai","Inner Peace & Anxiety","Damai Batin & Kecemasan","Casting Every Worry","Menyerahkan Setiap Kekuatiran","Seven days of releasing your worries into God's hands","Tujuh hari melepaskan kekuatiranmu ke tangan Tuhan","7","Everyday worry rarely arrives as one big crisis; it arrives as a hundred small concerns layered on top of each other. This seven-day plan walks through a week of ordinary anxieties — provision, uncertainty, comparison, decisions — and practices, one day at a time, the simple but demanding act of casting each one onto a God who genuinely cares.","Kekuatiran sehari-hari jarang datang sebagai satu krisis besar; ia datang sebagai seratus kekhawatiran kecil yang bertumpuk satu sama lain. Rencana tujuh hari ini menjalani seminggu penuh kecemasan biasa — soal rezeki, ketidakpastian, perbandingan diri, keputusan — dan melatih, satu hari pada satu waktu, tindakan sederhana namun menuntut untuk menyerahkan setiap kekuatiran kepada Allah yang sungguh-sungguh peduli.","A folk-art linocut-style illustration in portrait aspect ratio 3:4, rendered with bold carved outlines, visible woodgrain texture, and flat layered color fields in the tradition of hand-printed devotional art. The composition shows a small figure at the base of the image, arms raised, releasing a flock of small paper-boat-shaped worries upward into open, cupped hands that emerge gently from a sunburst pattern of radiating lines filling the upper sky. The palette is deep indigo, warm terracotta, mustard yellow, and cream white, with the released worries printed in a lighter dusty blue that grows fainter as they rise. The mood is grounded, steady, and quietly triumphant, like a slow exhale of relief. All lettering is grouped together at the very top of the composition for maximum legibility, stacked on a soft solid-color band or gentle scrim so it stays readable against the artwork behind it: the title ""Casting Every Worry"" first, largest, in a bold hand-carved block-print lettering style; directly beneath it the smaller subtitle ""Seven days of releasing your worries into God's hands""; and directly beneath the subtitle a compact rounded pill reading ""7 DAYS"" in bold small caps. Nothing else overlaps the illustration below. Mood: grounded, steady relief, like setting down something heavy.","","3","Cast It So It Will Not Wear You Down","Serahkan Agar Kau Tidak Goyah","There is a kind of worry that does not announce itself as a single burden, but as a slow, steady weight that accumulates over weeks and months — the low hum of financial pressure, the ongoing uncertainty about a relationship, the quiet strain of not knowing how a season of life will resolve. It does not knock you down all at once; it wears you down gradually, the way water wears down stone.

David, who wrote many psalms out of genuinely difficult seasons — betrayal, pursuit, exhaustion — writes: 'Cast your cares on the Lord and he will sustain you; he will never let the righteous be shaken.' The word 'sustain' matters here. It is not a promise that the situation causing the burden will instantly disappear. It is a promise about what happens to you while you carry it — that you will be held up, kept steady, sustained, rather than allowed to collapse under the accumulated weight.

This is an important distinction for everyday worry, because most of our anxieties are not solved in a single prayer. The bill still needs to be paid next month. The relationship still needs time to heal or clarify. The uncertain season still has to be walked through. But David's promise is not about instant resolution — it is about being sustained through the walking, kept from being permanently shaken even while the circumstances remain unresolved.

Today, if you are carrying a slow, accumulating weight rather than a sudden crisis, try praying David's words as your own: 'Lord, I cast this ongoing care on You. I am not asking You to erase it today. I am asking You to sustain me while I carry it, and to keep me from being shaken.' That is a prayer God delights to answer, one steady day at a time.","Ada satu jenis kekuatiran yang tidak datang sebagai satu beban tunggal, melainkan sebagai bobot pelan dan tetap yang terkumpul selama berminggu-minggu bahkan berbulan-bulan — dengungan rendah tekanan keuangan, ketidakpastian yang berkepanjangan dalam sebuah hubungan, ketegangan diam-diam karena tidak tahu bagaimana sebuah musim hidup akan berakhir. Ia tidak menjatuhkanmu sekaligus; ia mengikismu perlahan-lahan, seperti air yang mengikis batu.

Daud, yang menulis banyak mazmur dari musim-musim yang sungguh sulit — pengkhianatan, kejaran musuh, kelelahan — menulis: 'Serahkanlah kuatirmu kepada TUHAN, maka Ia akan memelihara engkau! Tidak untuk selama-lamanya dibiarkan-Nya orang benar itu goyah.' Kata 'memelihara' penting di sini. Ini bukan janji bahwa keadaan penyebab beban itu akan langsung lenyap. Ini janji tentang apa yang terjadi padamu selagi kau memikulnya — bahwa kau akan ditopang, dijaga tetap teguh, dipelihara, bukannya dibiarkan runtuh di bawah tumpukan beban itu.

Ini pembeda penting untuk kekuatiran sehari-hari, karena kebanyakan kecemasan kita tidak selesai dalam satu doa. Tagihan tetap harus dibayar bulan depan. Hubungan itu tetap butuh waktu untuk pulih atau menjadi jelas. Musim yang tidak pasti itu tetap harus dijalani. Namun janji Daud bukan tentang penyelesaian instan — ini tentang dipelihara sepanjang perjalanan itu, dijaga agar tidak goyah selamanya bahkan ketika keadaannya belum juga selesai.

Hari ini, jika kau sedang memikul bobot yang pelan dan terkumpul, bukan krisis yang tiba-tiba, cobalah mendoakan kata-kata Daud sebagai doamu sendiri: 'Tuhan, aku serahkan kekuatiran yang berkepanjangan ini kepada-Mu. Aku tidak meminta-Mu menghapusnya hari ini. Aku meminta-Mu memeliharaku selagi aku memikulnya, dan menjagaku agar tidak goyah.' Itulah doa yang senang dijawab Allah, satu hari yang teguh pada satu waktu.","Psalm 55:22 | Cast your cares on the Lord and he will sustain you; he will never let the righteous be shaken.","Mazmur 55:22 | Serahkanlah kuatirmu kepada TUHAN, maka Ia akan memelihara engkau! Tidak untuk selama-lamanya dibiarkan-Nya orang benar itu goyah.","What slow, accumulating weight have you been carrying, and what would it mean to ask to be sustained rather than to have it instantly solved?","Beban pelan dan bertumpuk apa yang sedang kau pikul, dan apa artinya meminta untuk dipelihara, bukan meminta agar semuanya langsung selesai?","Lord, this weight has been building for a while, and I don't expect it to vanish today. I ask instead that You sustain me through it — keep me steady, keep me from being shaken, and remind me daily that You are carrying this with me. Amen.","Tuhan, beban ini sudah terkumpul cukup lama, dan aku tidak berharap ia lenyap hari ini. Sebaliknya, aku meminta agar Engkau memeliharaku selama menjalaninya — jagalah aku tetap teguh, jangan biarkan aku goyah, dan ingatkan aku setiap hari bahwa Engkau memikul ini bersamaku. Amin."
"Peace","Damai","Inner Peace & Anxiety","Damai Batin & Kecemasan","Casting Every Worry","Menyerahkan Setiap Kekuatiran","Seven days of releasing your worries into God's hands","Tujuh hari melepaskan kekuatiranmu ke tangan Tuhan","7","Everyday worry rarely arrives as one big crisis; it arrives as a hundred small concerns layered on top of each other. This seven-day plan walks through a week of ordinary anxieties — provision, uncertainty, comparison, decisions — and practices, one day at a time, the simple but demanding act of casting each one onto a God who genuinely cares.","Kekuatiran sehari-hari jarang datang sebagai satu krisis besar; ia datang sebagai seratus kekhawatiran kecil yang bertumpuk satu sama lain. Rencana tujuh hari ini menjalani seminggu penuh kecemasan biasa — soal rezeki, ketidakpastian, perbandingan diri, keputusan — dan melatih, satu hari pada satu waktu, tindakan sederhana namun menuntut untuk menyerahkan setiap kekuatiran kepada Allah yang sungguh-sungguh peduli.","A folk-art linocut-style illustration in portrait aspect ratio 3:4, rendered with bold carved outlines, visible woodgrain texture, and flat layered color fields in the tradition of hand-printed devotional art. The composition shows a small figure at the base of the image, arms raised, releasing a flock of small paper-boat-shaped worries upward into open, cupped hands that emerge gently from a sunburst pattern of radiating lines filling the upper sky. The palette is deep indigo, warm terracotta, mustard yellow, and cream white, with the released worries printed in a lighter dusty blue that grows fainter as they rise. The mood is grounded, steady, and quietly triumphant, like a slow exhale of relief. All lettering is grouped together at the very top of the composition for maximum legibility, stacked on a soft solid-color band or gentle scrim so it stays readable against the artwork behind it: the title ""Casting Every Worry"" first, largest, in a bold hand-carved block-print lettering style; directly beneath it the smaller subtitle ""Seven days of releasing your worries into God's hands""; and directly beneath the subtitle a compact rounded pill reading ""7 DAYS"" in bold small caps. Nothing else overlaps the illustration below. Mood: grounded, steady relief, like setting down something heavy.","","4","Trusting When You Cannot See the Way","Percaya Ketika Tidak Melihat Jalan","A great deal of everyday anxiety is really anxiety about uncertainty — not knowing how a decision will turn out, not knowing what next year holds, not knowing if the choice you are about to make is the right one. Our minds hate the unknown, so they try to solve it through sheer mental effort: turning a decision over and over, trying to think our way to certainty before we act.

The book of Proverbs offers wisdom that runs against this instinct: 'Trust in the Lord with all your heart and lean not on your own understanding; in all your ways submit to him, and he will make your paths straight.' The proverb does not promise that you will suddenly understand everything. It promises something different — that your paths will be made straight, which is a statement about direction and guidance, not about having full information in advance.

This is a relief, if we let it be one. We are not actually required to figure everything out before we can move forward in peace. Leaning not on our own understanding means we are permitted — even instructed — to act in trust while the picture is still incomplete, submitting our plans to God rather than demanding total certainty before we take the next step.

Today, if there is a decision or an uncertain situation weighing on you, try this practice: instead of trying to think your way to total clarity, simply say, 'Lord, I don't fully understand this, but I trust You with it. Make my path straight.' You may not get all the answers today, but you can walk today's step in peace instead of paralysis.","Sebagian besar kecemasan sehari-hari sebenarnya adalah kecemasan tentang ketidakpastian — tidak tahu bagaimana sebuah keputusan akan berakhir, tidak tahu apa yang tahun depan bawa, tidak tahu apakah pilihan yang akan diambil sudah tepat. Pikiran kita membenci hal yang tidak diketahui, sehingga ia mencoba menyelesaikannya lewat usaha mental semata: memutar-mutar sebuah keputusan berulang kali, mencoba berpikir sampai menemukan kepastian sebelum bertindak.

Kitab Amsal menawarkan hikmat yang berlawanan dengan naluri ini: 'Percayalah kepada TUHAN dengan segenap hatimu, dan janganlah bersandar kepada pengertianmu sendiri. Akuilah Dia dalam segala lakumu, maka Ia akan meluruskan jalanmu.' Amsal ini tidak menjanjikan bahwa kau akan tiba-tiba memahami segalanya. Ia menjanjikan sesuatu yang berbeda — bahwa jalanmu akan diluruskan, sebuah pernyataan tentang arah dan tuntunan, bukan tentang memiliki informasi lengkap sebelumnya.

Ini adalah kelegaan, jika kita mengizinkannya menjadi kelegaan. Kita sebenarnya tidak diwajibkan untuk memahami segalanya lebih dulu sebelum bisa melangkah maju dalam damai. Tidak bersandar pada pengertian sendiri berarti kita diizinkan — bahkan diperintahkan — untuk bertindak dalam percaya selagi gambarannya belum lengkap, menyerahkan rencana kita kepada Allah alih-alih menuntut kepastian total sebelum mengambil langkah berikutnya.

Hari ini, jika ada keputusan atau keadaan tidak pasti yang membebanimu, cobalah cara ini: alih-alih mencoba berpikir sampai menemukan kejelasan total, ucapkan saja, 'Tuhan, aku tidak sepenuhnya mengerti ini, tetapi aku percaya kepada-Mu. Luruskanlah jalanku.' Kau mungkin tidak mendapatkan semua jawaban hari ini, tetapi kau bisa menjalani langkah hari ini dalam damai, bukan dalam kelumpuhan.","Proverbs 3:5-6 | Trust in the Lord with all your heart and lean not on your own understanding; in all your ways submit to him, and he will make your paths straight.","Amsal 3:5-6 | Percayalah kepada TUHAN dengan segenap hatimu, dan janganlah bersandar kepada pengertianmu sendiri. Akuilah Dia dalam segala lakumu, maka Ia akan meluruskan jalanmu.","What uncertain situation are you trying to fully understand before you can feel at peace, and what would it look like to trust instead of solve?","Keadaan tidak pasti apa yang sedang kau coba pahami sepenuhnya sebelum kau bisa merasa damai, dan seperti apa jika kau memilih percaya, bukan menyelesaikannya sendiri?","Lord, I don't have this figured out, and I'm tired of trying to think my way to certainty. I trust You with what I cannot see. Make my path straight, one step at a time, even while the full picture is still hidden from me. Amen.","Tuhan, aku belum memahami semuanya, dan aku lelah mencoba berpikir sampai menemukan kepastian. Aku percaya kepada-Mu untuk apa yang tidak bisa kulihat. Luruskanlah jalanku, selangkah demi selangkah, meski gambaran utuhnya masih tersembunyi dariku. Amin."
"Peace","Damai","Inner Peace & Anxiety","Damai Batin & Kecemasan","Casting Every Worry","Menyerahkan Setiap Kekuatiran","Seven days of releasing your worries into God's hands","Tujuh hari melepaskan kekuatiranmu ke tangan Tuhan","7","Everyday worry rarely arrives as one big crisis; it arrives as a hundred small concerns layered on top of each other. This seven-day plan walks through a week of ordinary anxieties — provision, uncertainty, comparison, decisions — and practices, one day at a time, the simple but demanding act of casting each one onto a God who genuinely cares.","Kekuatiran sehari-hari jarang datang sebagai satu krisis besar; ia datang sebagai seratus kekhawatiran kecil yang bertumpuk satu sama lain. Rencana tujuh hari ini menjalani seminggu penuh kecemasan biasa — soal rezeki, ketidakpastian, perbandingan diri, keputusan — dan melatih, satu hari pada satu waktu, tindakan sederhana namun menuntut untuk menyerahkan setiap kekuatiran kepada Allah yang sungguh-sungguh peduli.","A folk-art linocut-style illustration in portrait aspect ratio 3:4, rendered with bold carved outlines, visible woodgrain texture, and flat layered color fields in the tradition of hand-printed devotional art. The composition shows a small figure at the base of the image, arms raised, releasing a flock of small paper-boat-shaped worries upward into open, cupped hands that emerge gently from a sunburst pattern of radiating lines filling the upper sky. The palette is deep indigo, warm terracotta, mustard yellow, and cream white, with the released worries printed in a lighter dusty blue that grows fainter as they rise. The mood is grounded, steady, and quietly triumphant, like a slow exhale of relief. All lettering is grouped together at the very top of the composition for maximum legibility, stacked on a soft solid-color band or gentle scrim so it stays readable against the artwork behind it: the title ""Casting Every Worry"" first, largest, in a bold hand-carved block-print lettering style; directly beneath it the smaller subtitle ""Seven days of releasing your worries into God's hands""; and directly beneath the subtitle a compact rounded pill reading ""7 DAYS"" in bold small caps. Nothing else overlaps the illustration below. Mood: grounded, steady relief, like setting down something heavy.","","5","A Peace the World Cannot Give","Damai yang Tidak Diberikan Dunia","We often chase peace through the world's usual methods: fix the problem, control the outcome, gather enough information to feel safe, arrange circumstances just right. And sometimes that works — for a while. But it is a fragile kind of peace, dependent entirely on circumstances staying favorable, which means it can be shattered by a single unexpected phone call or piece of news.

On the night before His arrest, knowing exactly what was about to happen to Him, Jesus said to His disciples: 'Peace I leave with you; my peace I give you. I do not give to you as the world gives. Do not let your hearts be troubled and do not be afraid.' It is worth sitting with the timing of this promise. He did not say it after resolving every difficulty. He said it while walking directly into the hardest night of His life, offering peace not because everything was fine, but because peace with Him does not depend on everything being fine.

This is the crucial difference between worldly peace and the peace Jesus gives. The world's peace says, 'be calm because the danger has passed.' Christ's peace says, 'be calm because I am with you, even in the danger.' It is a peace available in the waiting room, in the uncertain diagnosis, in the unresolved conflict, in the unanswered prayer — not because those things are not real, but because His presence in them is more real still.

Today, notice where you are seeking the world's version of peace — waiting for the right outcome before you will allow yourself to be calm. Then try receiving Christ's peace instead, right where you are, before anything is resolved. 'Do not let your hearts be troubled' is not a suggestion to pretend nothing is wrong; it is an invitation to let His presence be enough, even now.","Kita sering mengejar damai lewat cara-cara dunia yang biasa: perbaiki masalahnya, kendalikan hasilnya, kumpulkan cukup informasi supaya merasa aman, atur keadaan sedemikian rupa. Dan kadang itu berhasil — untuk sementara. Tetapi itu adalah jenis damai yang rapuh, sepenuhnya bergantung pada keadaan yang tetap menguntungkan, yang berarti bisa hancur hanya oleh satu telepon atau kabar yang tak terduga.

Pada malam sebelum Ia ditangkap, mengetahui persis apa yang akan segera terjadi pada-Nya, Yesus berkata kepada murid-murid-Nya: 'Damai sejahtera Kutinggalkan bagimu. Damai sejahtera-Ku Kuberikan kepadamu, dan apa yang Kuberikan tidak seperti yang diberikan oleh dunia kepadamu. Janganlah gelisah dan gentar hatimu.' Perhatikan baik-baik waktu janji ini diucapkan. Ia tidak mengatakannya setelah menyelesaikan setiap kesulitan. Ia mengatakannya sambil melangkah langsung menuju malam paling berat dalam hidup-Nya, menawarkan damai bukan karena segalanya baik-baik saja, melainkan karena damai bersama-Nya tidak bergantung pada baik-baiknya segala sesuatu.

Inilah perbedaan mendasar antara damai ala dunia dan damai yang Yesus berikan. Damai dunia berkata, 'tenanglah karena bahayanya sudah berlalu.' Damai Kristus berkata, 'tenanglah karena Aku bersamamu, bahkan di dalam bahaya itu.' Itu adalah damai yang tersedia di ruang tunggu, dalam diagnosis yang belum pasti, dalam konflik yang belum selesai, dalam doa yang belum terjawab — bukan karena hal-hal itu tidak nyata, tetapi karena kehadiran-Nya di dalamnya lebih nyata lagi.

Hari ini, perhatikan di mana kau sedang mengejar versi damai ala dunia — menunggu hasil yang tepat sebelum mengizinkan dirimu tenang. Lalu cobalah menerima damai Kristus sebagai gantinya, tepat di tempatmu berada sekarang, sebelum apa pun terselesaikan. 'Janganlah gelisah hatimu' bukan ajakan untuk berpura-pura tidak ada yang salah; itu ajakan untuk membiarkan kehadiran-Nya sudah cukup, bahkan sekarang.","John 14:27 | Peace I leave with you; my peace I give you. I do not give to you as the world gives. Do not let your hearts be troubled and do not be afraid.","Yohanes 14:27 | Damai sejahtera Kutinggalkan bagimu. Damai sejahtera-Ku Kuberikan kepadamu, dan apa yang Kuberikan tidak seperti yang diberikan oleh dunia kepadamu. Janganlah gelisah dan gentar hatimu.","Where are you waiting for circumstances to resolve before you'll allow yourself peace, and what would it mean to receive Christ's peace right now instead?","Di bagian mana kau sedang menunggu keadaan membaik dulu sebelum mengizinkan dirimu damai, dan apa artinya menerima damai Kristus sekarang juga?","Jesus, I don't want to keep waiting for perfect circumstances before I let myself be at peace. Give me the peace You promised — not the world's version, but Yours, the kind that holds steady even while things are still unresolved. Amen.","Yesus, aku tidak ingin terus menunggu keadaan sempurna sebelum mengizinkan diriku damai. Berikanlah damai yang Engkau janjikan — bukan versi dunia, melainkan versi-Mu, yang tetap teguh bahkan ketika segala sesuatu belum juga selesai. Amin."
"Peace","Damai","Inner Peace & Anxiety","Damai Batin & Kecemasan","Casting Every Worry","Menyerahkan Setiap Kekuatiran","Seven days of releasing your worries into God's hands","Tujuh hari melepaskan kekuatiranmu ke tangan Tuhan","7","Everyday worry rarely arrives as one big crisis; it arrives as a hundred small concerns layered on top of each other. This seven-day plan walks through a week of ordinary anxieties — provision, uncertainty, comparison, decisions — and practices, one day at a time, the simple but demanding act of casting each one onto a God who genuinely cares.","Kekuatiran sehari-hari jarang datang sebagai satu krisis besar; ia datang sebagai seratus kekhawatiran kecil yang bertumpuk satu sama lain. Rencana tujuh hari ini menjalani seminggu penuh kecemasan biasa — soal rezeki, ketidakpastian, perbandingan diri, keputusan — dan melatih, satu hari pada satu waktu, tindakan sederhana namun menuntut untuk menyerahkan setiap kekuatiran kepada Allah yang sungguh-sungguh peduli.","A folk-art linocut-style illustration in portrait aspect ratio 3:4, rendered with bold carved outlines, visible woodgrain texture, and flat layered color fields in the tradition of hand-printed devotional art. The composition shows a small figure at the base of the image, arms raised, releasing a flock of small paper-boat-shaped worries upward into open, cupped hands that emerge gently from a sunburst pattern of radiating lines filling the upper sky. The palette is deep indigo, warm terracotta, mustard yellow, and cream white, with the released worries printed in a lighter dusty blue that grows fainter as they rise. The mood is grounded, steady, and quietly triumphant, like a slow exhale of relief. All lettering is grouped together at the very top of the composition for maximum legibility, stacked on a soft solid-color band or gentle scrim so it stays readable against the artwork behind it: the title ""Casting Every Worry"" first, largest, in a bold hand-carved block-print lettering style; directly beneath it the smaller subtitle ""Seven days of releasing your worries into God's hands""; and directly beneath the subtitle a compact rounded pill reading ""7 DAYS"" in bold small caps. Nothing else overlaps the illustration below. Mood: grounded, steady relief, like setting down something heavy.","","6","Beside Still Waters","Ke Air yang Tenang","Sheep, by nature, are anxious animals. They startle easily, they follow the crowd even into danger, and left to their own instincts they will often avoid lying down to rest because they feel unsafe. It takes a shepherd who removes every source of fear — predators, hunger, thirst, conflict with other sheep — before a flock will finally lie down in green pastures. Their rest is not self-generated; it is entirely dependent on the presence and care of someone watching over them.

David, who had actually been a shepherd before he was a king, understood this from the inside when he wrote: 'The Lord is my shepherd, I lack nothing. He makes me lie down in green pastures, he leads me beside quiet waters, he refreshes my soul.' Notice the verbs: He makes me lie down, He leads me, He refreshes. This is not a psalm about a sheep working itself into calmness through effort. It is a psalm about a shepherd doing the work of leading anxious sheep toward rest.

This image matters for everyday worry because it reframes what our part actually is. We are not asked to manufacture our own stillness through willpower; we are asked to follow the Shepherd toward it — to let ourselves be led, even when our instinct is to stay alert and anxious and in control. The quiet waters are not something sheep find on their own; they are somewhere the shepherd leads them, patiently, because sheep left alone rarely choose rest for themselves.

Today, consider where your instinct is to stay 'on guard' out of anxious self-protection, and try, instead, the posture of a sheep following a trustworthy shepherd — letting yourself be led toward quiet, even if it feels unfamiliar. You are not required to find your own way to peace. You are invited to follow Someone who already knows the way.","Domba, secara alami, adalah hewan yang mudah cemas. Mereka mudah kaget, mengikuti kawanan bahkan ke dalam bahaya, dan jika dibiarkan mengikuti naluri sendiri, mereka sering enggan berbaring untuk beristirahat karena merasa tidak aman. Dibutuhkan seorang gembala yang menyingkirkan setiap sumber ketakutan — pemangsa, lapar, haus, pertikaian dengan domba lain — sebelum kawanan itu akhirnya mau berbaring di padang rumput hijau. Istirahat mereka bukan dihasilkan sendiri; itu sepenuhnya bergantung pada kehadiran dan perhatian seseorang yang menjaga mereka.

Daud, yang sesungguhnya pernah menjadi gembala sebelum menjadi raja, memahami hal ini dari dalam ketika ia menulis: 'TUHAN adalah gembalaku, takkan kekurangan aku. Ia membaringkan aku di padang yang berumput hijau, Ia membimbing aku ke air yang tenang; Ia menyegarkan jiwaku.' Perhatikan kata kerjanya: Ia membaringkan aku, Ia membimbing aku, Ia menyegarkan. Ini bukan mazmur tentang seekor domba yang memaksa dirinya sendiri tenang lewat usaha. Ini mazmur tentang seorang gembala yang bekerja menuntun domba-domba cemas menuju istirahat.

Gambaran ini penting untuk kekuatiran sehari-hari karena ia membingkai ulang apa sebenarnya bagian kita. Kita tidak diminta untuk menciptakan ketenangan sendiri lewat kemauan keras; kita diminta untuk mengikuti Sang Gembala menuju ke sana — membiarkan diri dituntun, bahkan ketika naluri kita ingin tetap waspada, cemas, dan memegang kendali. Air yang tenang bukan sesuatu yang ditemukan domba sendirian; itu adalah tempat yang dituntun gembala menuju ke sana, dengan sabar, karena domba yang dibiarkan sendiri jarang memilih istirahat bagi dirinya.

Hari ini, perhatikan di mana naluri sendirimu ingin tetap 'berjaga-jaga' karena kecemasan yang melindungi diri, dan cobalah, sebagai gantinya, sikap seekor domba yang mengikuti gembala yang bisa dipercaya — membiarkan diri dituntun menuju ketenangan, bahkan jika itu terasa asing. Kau tidak diwajibkan menemukan jalanmu sendiri menuju damai. Kau diundang untuk mengikuti Seseorang yang sudah tahu jalannya.","Psalm 23:1-3 | The Lord is my shepherd, I lack nothing. He makes me lie down in green pastures, he leads me beside quiet waters, he refreshes my soul.","Mazmur 23:1-3 | TUHAN adalah gembalaku, takkan kekurangan aku. Ia membaringkan aku di padang yang berumput hijau, Ia membimbing aku ke air yang tenang; Ia menyegarkan jiwaku.","Where are you trying to force your own stillness today, when you could instead simply follow the Shepherd toward it?","Di bagian mana kau sedang mencoba memaksakan ketenanganmu sendiri hari ini, padahal kau bisa sekadar mengikuti Sang Gembala menuju ke sana?","Shepherd of my soul, I don't have to figure out rest on my own. Lead me today, the way You lead a weary sheep — to green pastures, to quiet water, to a soul that is refreshed rather than running on empty. I lack nothing while I follow You. Amen.","Gembalaku, aku tidak harus mencari istirahat sendirian. Tuntunlah aku hari ini, seperti Engkau menuntun domba yang lelah — menuju padang rumput hijau, menuju air yang tenang, menuju jiwa yang disegarkan, bukan yang terus terkuras. Aku takkan kekurangan selama aku mengikuti-Mu. Amin."
"Peace","Damai","Inner Peace & Anxiety","Damai Batin & Kecemasan","Casting Every Worry","Menyerahkan Setiap Kekuatiran","Seven days of releasing your worries into God's hands","Tujuh hari melepaskan kekuatiranmu ke tangan Tuhan","7","Everyday worry rarely arrives as one big crisis; it arrives as a hundred small concerns layered on top of each other. This seven-day plan walks through a week of ordinary anxieties — provision, uncertainty, comparison, decisions — and practices, one day at a time, the simple but demanding act of casting each one onto a God who genuinely cares.","Kekuatiran sehari-hari jarang datang sebagai satu krisis besar; ia datang sebagai seratus kekhawatiran kecil yang bertumpuk satu sama lain. Rencana tujuh hari ini menjalani seminggu penuh kecemasan biasa — soal rezeki, ketidakpastian, perbandingan diri, keputusan — dan melatih, satu hari pada satu waktu, tindakan sederhana namun menuntut untuk menyerahkan setiap kekuatiran kepada Allah yang sungguh-sungguh peduli.","A folk-art linocut-style illustration in portrait aspect ratio 3:4, rendered with bold carved outlines, visible woodgrain texture, and flat layered color fields in the tradition of hand-printed devotional art. The composition shows a small figure at the base of the image, arms raised, releasing a flock of small paper-boat-shaped worries upward into open, cupped hands that emerge gently from a sunburst pattern of radiating lines filling the upper sky. The palette is deep indigo, warm terracotta, mustard yellow, and cream white, with the released worries printed in a lighter dusty blue that grows fainter as they rise. The mood is grounded, steady, and quietly triumphant, like a slow exhale of relief. All lettering is grouped together at the very top of the composition for maximum legibility, stacked on a soft solid-color band or gentle scrim so it stays readable against the artwork behind it: the title ""Casting Every Worry"" first, largest, in a bold hand-carved block-print lettering style; directly beneath it the smaller subtitle ""Seven days of releasing your worries into God's hands""; and directly beneath the subtitle a compact rounded pill reading ""7 DAYS"" in bold small caps. Nothing else overlaps the illustration below. Mood: grounded, steady relief, like setting down something heavy.","","7","Working Together for Good","Turut Bekerja untuk Mendatangkan Kebaikan","There is a particular flavor of anxiety that comes from not knowing whether things will ultimately be okay — not just today's worry, but a deeper, quieter fear about how a whole season, or even a life, is going to turn out. It is the anxiety behind the anxiety, the question underneath all the smaller questions: will this all work out, or won't it?

Paul's words to the Romans speak directly into that deeper fear: 'We know that in all things God works for the good of those who love him, who have been called according to his purpose.' It is worth noticing what this verse does not say. It does not say all things are good — some things genuinely are painful, unjust, or hard. It says God works in all things, weaving even the difficult and confusing parts toward good, for those who love Him.

This is not a promise that erases the reality of hard seasons, nor is it a formula that guarantees every difficulty will make immediate sense. It is a promise about God's active involvement — that nothing you are walking through this week, however small or however heavy, is happening outside His care or beyond His ability to work through it. Your ordinary worries are not too small for this promise, and your deepest fears are not too big for it either.

As you close this seven-day plan of casting your cares, let this final verse be the wide frame around everything you have prayed this week — the bills, the uncertainty, the decisions, the weariness, the longing for peace. God is working in all of it. Today, and every day after, you can release your worries not into a void, but into the hands of the One who is already at work, weaving good even from what feels unfinished.","Ada satu jenis kecemasan tertentu yang muncul dari ketidaktahuan apakah segala sesuatu pada akhirnya akan baik-baik saja — bukan sekadar kekuatiran hari ini, melainkan ketakutan yang lebih dalam dan lebih diam tentang bagaimana sebuah musim, atau bahkan seluruh hidup, akan berakhir. Itulah kecemasan di balik kecemasan, pertanyaan di bawah semua pertanyaan yang lebih kecil: apakah semuanya akan baik-baik saja, atau tidak?

Kata-kata Paulus kepada jemaat di Roma berbicara langsung pada ketakutan yang lebih dalam itu: 'Kita tahu sekarang, bahwa Allah turut bekerja dalam segala sesuatu untuk mendatangkan kebaikan bagi mereka yang mengasihi Dia, yaitu bagi mereka yang terpanggil sesuai dengan rencana Allah.' Perhatikan apa yang tidak dikatakan ayat ini. Ia tidak berkata segala sesuatu itu baik — beberapa hal sungguh menyakitkan, tidak adil, atau berat. Ia berkata Allah bekerja dalam segala sesuatu, menenun bahkan bagian-bagian yang sulit dan membingungkan menuju kebaikan, bagi mereka yang mengasihi-Nya.

Ini bukan janji yang menghapus kenyataan musim-musim sulit, dan bukan pula rumus yang menjamin setiap kesulitan akan langsung masuk akal. Ini adalah janji tentang keterlibatan aktif Allah — bahwa tidak ada yang kau jalani minggu ini, sekecil apa pun atau seberat apa pun, terjadi di luar perhatian-Nya atau melampaui kemampuan-Nya untuk bekerja di dalamnya. Kekuatiranmu yang biasa tidak terlalu kecil untuk janji ini, dan ketakutanmu yang paling dalam pun tidak terlalu besar untuk janji ini.

Saat menutup rencana tujuh hari menyerahkan kekuatiran ini, biarlah ayat terakhir ini menjadi bingkai luas yang merangkum segala yang telah kau doakan minggu ini — tagihan, ketidakpastian, keputusan, keletihan, kerinduan akan damai. Allah bekerja dalam semuanya itu. Hari ini, dan setiap hari sesudahnya, kau bisa melepaskan kekuatiranmu bukan ke dalam kehampaan, melainkan ke dalam tangan Dia yang sudah bekerja, menenun kebaikan bahkan dari apa yang terasa belum selesai.","Romans 8:28 | And we know that in all things God works for the good of those who love him, who have been called according to his purpose.","Roma 8:28 | Kita tahu sekarang, bahwa Allah turut bekerja dalam segala sesuatu untuk mendatangkan kebaikan bagi mereka yang mengasihi Dia, yaitu bagi mereka yang terpanggil sesuai dengan rencana Allah.","Looking back over this week's worries, can you name one place where you already sense God quietly at work?","Melihat kembali kekuatiran-kekuatiran minggu ini, bisakah kau menyebutkan satu bagian di mana kau sudah merasakan Allah diam-diam bekerja?","Father, thank You for walking through this week of worries with me. I release the bills, the uncertainty, the decisions, and the deep, unspoken fears into Your hands. I trust that You are working in all of it for good, even the parts I cannot yet see. Amen.","Bapa, terima kasih karena Engkau berjalan bersamaku sepanjang minggu penuh kekuatiran ini. Aku melepaskan tagihan, ketidakpastian, keputusan, dan ketakutan-ketakutan yang tak terucap ke dalam tangan-Mu. Aku percaya Engkau sedang bekerja dalam semuanya itu untuk mendatangkan kebaikan, bahkan pada bagian yang belum bisa kulihat. Amin."
"Peace","Damai","Inner Peace & Anxiety","Damai Batin & Kecemasan","A Peaceful Heart Every Day","Hati yang Damai Setiap Hari","Three days to build a daily practice of peace","Tiga hari membangun kebiasaan hati yang damai","3","Peace is rarely a permanent state we arrive at once; it is a practice we return to daily, like tending a garden. This short three-day plan offers a simple rhythm — letting Christ's peace rule, receiving God's strength and blessing, and carrying His face-turned-toward-you blessing into ordinary life — for anyone who wants to build peace into the shape of an everyday habit.","Damai jarang menjadi keadaan tetap yang kita capai sekali untuk selamanya; itu adalah kebiasaan yang terus kita jalani setiap hari, seperti merawat sebuah taman. Rencana singkat tiga hari ini menawarkan ritme sederhana — membiarkan damai Kristus memerintah, menerima kekuatan dan berkat Allah, serta membawa berkat wajah-Nya yang menghadap kepada kita ke dalam kehidupan sehari-hari — bagi siapa pun yang ingin membentuk damai menjadi kebiasaan hidup sehari-hari.","A serene ink-wash and watercolor illustration in portrait aspect ratio 3:4, painted in the loose, breathing style of East Asian ink-wash landscape art with soft washes of color layered over confident black-ink brushstrokes. The scene shows a single small garden gate standing open in a quiet morning field, with three gentle stepping stones leading through mist toward a distant sunrise, and a pair of open hands rendered faintly in the clouds above, cupped as if in blessing. The palette is soft sage green, pale dawn peach, dove grey, and warm ivory, with the ink linework in deep charcoal black. The mood is unhurried, restorative, and quietly devotional, like the first quiet moment of a new morning. All lettering is grouped together at the very top of the composition for maximum legibility, stacked on a soft solid-color band or gentle scrim so it stays readable against the artwork behind it: the title ""A Peaceful Heart Every Day"" first, largest, in an elegant thin-stroke brush-calligraphy lettering style; directly beneath it the smaller subtitle ""Three days to build a daily practice of peace""; and directly beneath the subtitle a compact rounded pill reading ""3 DAYS"" in bold small caps. Nothing else overlaps the illustration below. Mood: unhurried, restorative calm of a quiet morning routine.","","1","Let Peace Be the Umpire","Biarkan Damai Menjadi Penentu","Most of us think of peace as a feeling that either shows up or does not — something we passively wait for rather than something we actively choose. But Paul describes peace in surprisingly active, even governing, language: 'Let the peace of Christ rule in your hearts, since as members of one body you were called to peace. And be thankful.' The Greek word behind 'rule' was actually used for an umpire in athletic contests — someone whose job was to decide, to call the shots, to settle disputed matters.

This reframes peace entirely. It is not simply a mood we hope descends on us; it is meant to function like an umpire inside our decisions and reactions — the deciding voice we let settle competing impulses. When irritation rises against patience, when anxiety competes with trust, when the urge to control competes with the call to surrender, peace is meant to be the one who makes the call, if we let it.

This means cultivating peace as a daily practice is less about waiting for calm feelings and more about a daily, sometimes moment-by-moment choice: before reacting, before deciding, before speaking, pausing long enough to let Christ's peace weigh in. Paired with gratitude — 'and be thankful' — this becomes a workable daily rhythm rather than an abstract ideal.

Today, as a first small practice, try pausing before your next reactive moment — a frustrating message, an anxious thought, a hard decision — and asking, 'What does peace say here?' Let it have a vote. Over time, this daily habit of letting peace weigh in, moment by moment, is what slowly reshapes a life from anxious into calm.","Kebanyakan dari kita menganggap damai sebagai perasaan yang entah muncul atau tidak — sesuatu yang kita tunggu secara pasif, bukan sesuatu yang kita pilih secara aktif. Namun Paulus menggambarkan damai dengan bahasa yang mengejutkan, aktif, bahkan memerintah: 'Hendaklah damai sejahtera Kristus memerintah dalam hatimu, karena untuk itulah kamu telah dipanggil menjadi satu tubuh. Dan bersyukurlah.' Kata dalam bahasa aslinya yang diterjemahkan 'memerintah' sebenarnya dulu dipakai untuk wasit dalam perlombaan olahraga — seseorang yang tugasnya memutuskan, memberi keputusan, menyelesaikan perkara yang diperdebatkan.

Ini membingkai ulang damai sepenuhnya. Damai bukan sekadar suasana hati yang kita harapkan turun begitu saja; damai dimaksudkan untuk berfungsi seperti wasit di dalam keputusan dan reaksi kita — suara penentu yang kita izinkan menyelesaikan dorongan-dorongan yang saling bertentangan. Ketika kejengkelan naik melawan kesabaran, ketika kecemasan bersaing dengan percaya, ketika dorongan untuk mengendalikan bersaing dengan panggilan untuk menyerah, damai dimaksudkan menjadi yang memberi keputusan, jika kita mengizinkannya.

Ini berarti membangun kebiasaan damai sehari-hari lebih tentang pilihan harian, kadang pilihan dari saat ke saat, ketimbang menunggu perasaan tenang: sebelum bereaksi, sebelum memutuskan, sebelum berbicara, berhenti sejenak untuk membiarkan damai Kristus ikut menimbang. Dipadukan dengan syukur — 'dan bersyukurlah' — ini menjadi ritme harian yang bisa dijalankan, bukan sekadar cita-cita abstrak.

Hari ini, sebagai latihan kecil pertama, cobalah berhenti sejenak sebelum momen reaktif berikutnya — pesan yang menjengkelkan, pikiran cemas, keputusan yang sulit — dan bertanya, 'Apa yang dikatakan damai tentang ini?' Biarkan ia ikut memilih. Seiring waktu, kebiasaan harian membiarkan damai ikut menimbang, dari saat ke saat, itulah yang perlahan membentuk ulang hidup dari cemas menjadi tenang.","Colossians 3:15 | Let the peace of Christ rule in your hearts, since as members of one body you were called to peace. And be thankful.","Kolose 3:15 | Hendaklah damai sejahtera Kristus memerintah dalam hatimu, karena untuk itulah kamu telah dipanggil menjadi satu tubuh. Dan bersyukurlah.","Where in today's schedule could you pause and let peace 'make the call' before you react?","Di bagian mana dalam jadwalmu hari ini kau bisa berhenti sejenak dan membiarkan damai 'membuat keputusan' sebelum kau bereaksi?","Lord Christ, let Your peace rule in my heart today — not as a distant feeling I wait for, but as the voice I listen to before I react, decide, and speak. Thank You for calling me to peace. Keep me grateful, and keep me listening. Amen.","Tuhan Yesus, biarlah damai-Mu memerintah dalam hatiku hari ini — bukan sebagai perasaan jauh yang kutunggu, melainkan sebagai suara yang kudengarkan sebelum aku bereaksi, memutuskan, dan berbicara. Terima kasih karena Engkau memanggilku kepada damai. Jagalah aku tetap bersyukur, dan jagalah aku tetap mendengarkan. Amin."
"Peace","Damai","Inner Peace & Anxiety","Damai Batin & Kecemasan","A Peaceful Heart Every Day","Hati yang Damai Setiap Hari","Three days to build a daily practice of peace","Tiga hari membangun kebiasaan hati yang damai","3","Peace is rarely a permanent state we arrive at once; it is a practice we return to daily, like tending a garden. This short three-day plan offers a simple rhythm — letting Christ's peace rule, receiving God's strength and blessing, and carrying His face-turned-toward-you blessing into ordinary life — for anyone who wants to build peace into the shape of an everyday habit.","Damai jarang menjadi keadaan tetap yang kita capai sekali untuk selamanya; itu adalah kebiasaan yang terus kita jalani setiap hari, seperti merawat sebuah taman. Rencana singkat tiga hari ini menawarkan ritme sederhana — membiarkan damai Kristus memerintah, menerima kekuatan dan berkat Allah, serta membawa berkat wajah-Nya yang menghadap kepada kita ke dalam kehidupan sehari-hari — bagi siapa pun yang ingin membentuk damai menjadi kebiasaan hidup sehari-hari.","A serene ink-wash and watercolor illustration in portrait aspect ratio 3:4, painted in the loose, breathing style of East Asian ink-wash landscape art with soft washes of color layered over confident black-ink brushstrokes. The scene shows a single small garden gate standing open in a quiet morning field, with three gentle stepping stones leading through mist toward a distant sunrise, and a pair of open hands rendered faintly in the clouds above, cupped as if in blessing. The palette is soft sage green, pale dawn peach, dove grey, and warm ivory, with the ink linework in deep charcoal black. The mood is unhurried, restorative, and quietly devotional, like the first quiet moment of a new morning. All lettering is grouped together at the very top of the composition for maximum legibility, stacked on a soft solid-color band or gentle scrim so it stays readable against the artwork behind it: the title ""A Peaceful Heart Every Day"" first, largest, in an elegant thin-stroke brush-calligraphy lettering style; directly beneath it the smaller subtitle ""Three days to build a daily practice of peace""; and directly beneath the subtitle a compact rounded pill reading ""3 DAYS"" in bold small caps. Nothing else overlaps the illustration below. Mood: unhurried, restorative calm of a quiet morning routine.","","2","Strength Before Peace","Kekuatan Sebelum Damai","It is worth noticing the order of a familiar blessing in the Psalms: 'The Lord gives strength to his people; the Lord blesses his people with peace.' Strength comes first, then peace. This is not an accident of poetry. We often imagine peace as a soft, passive state that has nothing to do with strength — but Scripture repeatedly pairs the two, as if peace is something we are made able to carry, not simply something that floats down on its own.

Building a daily practice of peace, then, is not only about stillness; it also involves being strengthened for whatever the day holds. That strength might look like prayer before a hard conversation, Scripture read before an anxious morning, or simply asking God for endurance before a demanding day rather than only asking for calm. Peace without strength can feel like wishing hard for good weather; peace built on strength is more like being equipped to walk steadily no matter the weather.

This daily rhythm — asking first for strength, then receiving peace as a blessing on top of it — reframes the practice of peace as something sturdier than a mood. It becomes closer to a posture: strengthened people carrying peace into ordinary demands, not because nothing is difficult, but because they have been given what they need to meet the difficulty without being undone by it.

Today, before you ask God simply to calm your feelings, try asking first for strength for whatever the day requires. Then receive peace as what naturally follows — not a fragile calm dependent on an easy day, but a steady peace carried by someone who has already been given strength to meet it.","Perhatikan urutan berkat yang akrab dalam Mazmur ini: 'TUHAN memberi kekuatan kepada umat-Nya, TUHAN memberkati umat-Nya dengan sejahtera.' Kekuatan datang lebih dulu, baru kemudian damai sejahtera. Ini bukan kebetulan dalam susunan puisi. Kita sering membayangkan damai sebagai keadaan lembut dan pasif yang tidak ada hubungannya dengan kekuatan — tetapi Alkitab berulang kali memasangkan keduanya, seolah damai adalah sesuatu yang kita dimampukan untuk memikulnya, bukan sekadar sesuatu yang melayang turun dengan sendirinya.

Membangun kebiasaan damai sehari-hari, karena itu, bukan hanya soal ketenangan; itu juga melibatkan dikuatkan untuk apa pun yang hari itu bawa. Kekuatan itu bisa berupa doa sebelum percakapan yang sulit, Firman yang dibaca sebelum pagi yang cemas, atau sekadar meminta Allah memberi ketahanan sebelum hari yang menuntut, bukan hanya meminta ketenangan. Damai tanpa kekuatan bisa terasa seperti berharap keras akan cuaca baik; damai yang dibangun di atas kekuatan lebih seperti diperlengkapi untuk berjalan dengan mantap apa pun cuacanya.

Ritme harian ini — meminta kekuatan lebih dulu, lalu menerima damai sebagai berkat di atasnya — membingkai ulang kebiasaan damai menjadi sesuatu yang lebih kokoh daripada sekadar suasana hati. Ini menjadi lebih mirip sebuah sikap: orang-orang yang dikuatkan membawa damai ke dalam tuntutan sehari-hari, bukan karena tidak ada yang sulit, melainkan karena mereka telah diberi apa yang mereka perlukan untuk menghadapi kesulitan itu tanpa dihancurkan olehnya.

Hari ini, sebelum kau meminta Allah sekadar menenangkan perasaanmu, cobalah meminta lebih dulu kekuatan untuk apa pun yang hari ini tuntut. Lalu terimalah damai sebagai yang secara alami mengikutinya — bukan ketenangan rapuh yang bergantung pada hari yang mudah, melainkan damai yang teguh, dipikul oleh seseorang yang sudah diberi kekuatan untuk menghadapinya.","Psalm 29:11 | The Lord gives strength to his people; the Lord blesses his people with peace.","Mazmur 29:11 | TUHAN memberi kekuatan kepada umat-Nya, TUHAN memberkati umat-Nya dengan sejahtera.","What would change today if you asked God for strength first, and let peace follow as a blessing rather than expecting it to arrive on its own?","Apa yang akan berubah hari ini jika kau meminta kekuatan kepada Allah lebih dulu, dan membiarkan damai mengikuti sebagai berkat, bukan mengharapkannya datang dengan sendirinya?","Lord, before I ask You to calm my feelings today, I ask You for strength for whatever this day requires. Equip me to meet it steadily, and let Your peace settle over me as the blessing that follows. Amen.","Tuhan, sebelum aku meminta-Mu menenangkan perasaanku hari ini, aku meminta kekuatan untuk apa pun yang hari ini tuntut. Perlengkapilah aku untuk menghadapinya dengan mantap, dan biarlah damai sejahtera-Mu menutupiku sebagai berkat yang mengikutinya. Amin."
"Peace","Damai","Inner Peace & Anxiety","Damai Batin & Kecemasan","A Peaceful Heart Every Day","Hati yang Damai Setiap Hari","Three days to build a daily practice of peace","Tiga hari membangun kebiasaan hati yang damai","3","Peace is rarely a permanent state we arrive at once; it is a practice we return to daily, like tending a garden. This short three-day plan offers a simple rhythm — letting Christ's peace rule, receiving God's strength and blessing, and carrying His face-turned-toward-you blessing into ordinary life — for anyone who wants to build peace into the shape of an everyday habit.","Damai jarang menjadi keadaan tetap yang kita capai sekali untuk selamanya; itu adalah kebiasaan yang terus kita jalani setiap hari, seperti merawat sebuah taman. Rencana singkat tiga hari ini menawarkan ritme sederhana — membiarkan damai Kristus memerintah, menerima kekuatan dan berkat Allah, serta membawa berkat wajah-Nya yang menghadap kepada kita ke dalam kehidupan sehari-hari — bagi siapa pun yang ingin membentuk damai menjadi kebiasaan hidup sehari-hari.","A serene ink-wash and watercolor illustration in portrait aspect ratio 3:4, painted in the loose, breathing style of East Asian ink-wash landscape art with soft washes of color layered over confident black-ink brushstrokes. The scene shows a single small garden gate standing open in a quiet morning field, with three gentle stepping stones leading through mist toward a distant sunrise, and a pair of open hands rendered faintly in the clouds above, cupped as if in blessing. The palette is soft sage green, pale dawn peach, dove grey, and warm ivory, with the ink linework in deep charcoal black. The mood is unhurried, restorative, and quietly devotional, like the first quiet moment of a new morning. All lettering is grouped together at the very top of the composition for maximum legibility, stacked on a soft solid-color band or gentle scrim so it stays readable against the artwork behind it: the title ""A Peaceful Heart Every Day"" first, largest, in an elegant thin-stroke brush-calligraphy lettering style; directly beneath it the smaller subtitle ""Three days to build a daily practice of peace""; and directly beneath the subtitle a compact rounded pill reading ""3 DAYS"" in bold small caps. Nothing else overlaps the illustration below. Mood: unhurried, restorative calm of a quiet morning routine.","","3","A Blessing to Carry Forward","Berkat untuk Dibawa Terus","This short plan ends where one of the oldest blessings in Scripture begins — words God gave Moses to teach Aaron, meant to be spoken over God's people again and again, not just once: 'The Lord bless you and keep you; the Lord make his face shine on you and be gracious to you; the Lord turn his face toward you and give you peace.' It is a blessing built for repetition, meant to be received not as a one-time event but as a daily posture.

Notice the intimacy of the language — the Lord's face shining on you, His face turned toward you. This is not the image of a distant God dispensing peace from far away; it is the image of someone leaning in, attentive, favorably disposed toward you, His attention fully given. Peace, in this blessing, is the natural outcome of being seen and favored by God, not something separate from His nearness.

Over the past three days, this plan has offered a rhythm: letting peace govern your reactions, asking for strength before peace, and now receiving this ancient blessing as something to carry forward daily, long after this plan ends. A daily practice of peace is rarely built by one dramatic breakthrough. It is built the way this blessing suggests — by returning, again and again, to the same simple truth that God's face is turned toward you and He is giving you peace, today and tomorrow and the day after that.

As you close this plan, consider speaking this blessing over yourself each morning this week, and perhaps over someone else too. Let it become less like a verse you once read and more like a daily rhythm you return to — the Lord's face turned toward you, giving you peace, one ordinary day at a time.","Rencana singkat ini berakhir di tempat salah satu berkat tertua dalam Alkitab dimulai — kata-kata yang Allah berikan kepada Musa untuk diajarkan kepada Harun, dimaksudkan untuk diucapkan atas umat Allah berulang-ulang, bukan hanya sekali: 'TUHAN memberkati engkau dan melindungi engkau; TUHAN menyinari engkau dengan wajah-Nya dan memberi engkau kasih karunia; TUHAN menghadapkan wajah-Nya kepadamu dan memberi engkau damai sejahtera.' Ini adalah berkat yang dibangun untuk diulang, dimaksudkan untuk diterima bukan sebagai peristiwa sekali saja, melainkan sebagai sikap harian.

Perhatikan keintiman bahasanya — wajah TUHAN yang bersinar atasmu, wajah-Nya yang menghadap kepadamu. Ini bukan gambaran Allah yang jauh membagikan damai dari kejauhan; ini gambaran Seseorang yang condong mendekat, penuh perhatian, berkenan kepadamu, perhatian-Nya sepenuhnya tertuju padamu. Damai, dalam berkat ini, adalah hasil alami dari dipandang dan diperkenan oleh Allah, bukan sesuatu yang terpisah dari kedekatan-Nya.

Selama tiga hari ini, rencana ini telah menawarkan sebuah ritme: membiarkan damai memerintah reaksimu, meminta kekuatan sebelum damai, dan sekarang menerima berkat kuno ini sebagai sesuatu untuk dibawa terus setiap hari, jauh setelah rencana ini berakhir. Kebiasaan damai sehari-hari jarang dibangun oleh satu terobosan dramatis. Itu dibangun seperti yang disarankan berkat ini — dengan kembali, berulang-ulang, pada kebenaran sederhana yang sama bahwa wajah Allah menghadap kepadamu dan Ia memberimu damai, hari ini dan besok dan hari sesudahnya.

Saat menutup rencana ini, pertimbangkan untuk mengucapkan berkat ini atas dirimu sendiri setiap pagi minggu ini, dan mungkin juga atas orang lain. Biarkan ini menjadi lebih dari sekadar ayat yang pernah kau baca, menjadi ritme harian yang terus kau kembali kepadanya — wajah TUHAN yang menghadap kepadamu, memberimu damai, satu hari biasa pada satu waktu.","Numbers 6:24-26 | The Lord bless you and keep you; the Lord make his face shine on you and be gracious to you; the Lord turn his face toward you and give you peace.","Bilangan 6:24-26 | TUHAN memberkati engkau dan melindungi engkau; TUHAN menyinari engkau dengan wajah-Nya dan memberi engkau kasih karunia; TUHAN menghadapkan wajah-Nya kepadamu dan memberi engkau damai sejahtera.","What would it look like to speak this ancient blessing over yourself each morning, letting it become a daily rhythm rather than a one-time reading?","Seperti apa jika kau mengucapkan berkat kuno ini atas dirimu sendiri setiap pagi, membiarkannya menjadi ritme harian, bukan sekadar bacaan sekali waktu?","Lord, bless me and keep me. Let Your face shine on me and be gracious to me. Turn Your face toward me now and give me peace — not just for today, but as a rhythm I return to every morning from here on. Amen.","Tuhan, berkatilah aku dan lindungilah aku. Biarlah wajah-Mu bersinar atasku dan berilah aku kasih karunia. Hadapkanlah wajah-Mu kepadaku sekarang dan berilah aku damai sejahtera — bukan hanya untuk hari ini, tetapi sebagai ritme yang kukembali kepadanya setiap pagi mulai sekarang. Amin."
"Peace","Damai","Peace in Relationships","Damai dalam Hubungan","Blessed Are the Peacemakers","Berbahagialah Pembawa Damai","Five days learning to step into conflict with a gentle heart","Lima hari belajar melangkah ke dalam konflik dengan hati yang lembut","5","A five-day devotional for anyone who finds themselves standing between two sides of an argument, or caught in tension they didn't start. Drawing on Jesus's words in the Beatitudes and the wisdom of Proverbs and James, this plan gently trains the heart to choose the harder, holier road of peacemaking over the easier roads of silence, gossip, or retaliation.","Renungan lima hari bagi siapa saja yang mendapati dirinya berdiri di antara dua pihak yang bertikai, atau terjebak dalam ketegangan yang bukan ia mulai. Bersandar pada perkataan Yesus dalam Ucapan Bahagia serta hikmat Amsal dan Yakobus, renungan ini melatih hati dengan lembut untuk memilih jalan yang lebih sukar namun lebih kudus, yaitu menjadi pembawa damai, ketimbang jalan yang lebih mudah seperti diam, bergosip, atau membalas.","A gentle watercolor illustration in portrait orientation, aspect ratio 3:4. Two pairs of hands reach toward each other from opposite lower corners of the composition, not quite touching, with a small white dove gliding in the soft space between them, wings catching warm light. Behind the hands, a loose wash of dawn colors blends dusty rose, muted gold, and pale sage green, with faint watercolor blooms suggesting olive branches drifting upward at the edges. The brushwork is loose and translucent, with visible paper texture and soft bleeding edges typical of wet-on-wet watercolor, giving the whole scene a tender, unresolved, hopeful quality. All lettering is grouped together at the very top of the composition for maximum legibility, stacked on a soft solid-color band or gentle scrim so it stays readable against the artwork behind it: the title ""Blessed Are the Peacemakers"" first, largest, in a warm hand-lettered serif script with slightly uneven, human strokes; directly beneath it the smaller subtitle ""Five days learning to step into conflict with a gentle heart""; and directly beneath the subtitle a compact rounded pill reading ""5 DAYS"" in bold small caps. Nothing else overlaps the illustration below. Mood: tender, hopeful, quietly courageous.","","1","The Harder Blessing","Berkat yang Lebih Sukar","Of all the blessings Jesus lists at the start of the Sermon on the Mount, the one for peacemakers is easy to skim past. We nod along with 'blessed are those who mourn' and 'blessed are the merciful,' but peacemaking asks something more active of us. It is not merely feeling peaceful. It is doing the work of peace, often at real cost to our comfort and our pride.

Many of us grew up believing that keeping the peace and making peace were the same thing. They are not. Keeping the peace often means staying quiet while resentment grows underground. Making peace means walking toward the tension, naming what is true with love, and staying at the table until something real is repaired. It is slower, harder, and far more costly than silence.

Notice what Jesus calls peacemakers: children of God. Not merely people who behave well, but people who resemble their Father. This is a striking claim. When we choose to pursue reconciliation instead of retreat, we are not just being nice, we are reflecting the very character of God, who reconciled a broken world to himself at great cost.

As we begin these five days, it helps to ask honestly where we tend to hide from conflict rather than engage it with grace. Perhaps there is a friendship gone cold, a family member we have quietly written off, or a community relationship strained by an old misunderstanding. Today is simply an invitation to notice, without yet needing to fix anything.","Dari semua berkat yang Yesus sebutkan di awal Khotbah di Bukit, berkat bagi pembawa damai adalah yang paling mudah kita lewati begitu saja. Kita mengangguk setuju pada 'berbahagialah orang yang berdukacita' dan 'berbahagialah orang yang murah hati,' tetapi menjadi pembawa damai menuntut sesuatu yang lebih aktif dari kita. Ini bukan sekadar merasa damai. Ini adalah mengerjakan damai, sering kali dengan biaya nyata bagi kenyamanan dan harga diri kita.

Banyak dari kita dibesarkan dengan keyakinan bahwa menjaga kedamaian dan mewujudkan kedamaian adalah hal yang sama. Ternyata tidak. Menjaga kedamaian sering berarti diam sementara kepahitan tumbuh diam-diam di bawah permukaan. Mewujudkan kedamaian berarti melangkah menuju ketegangan itu, menyatakan kebenaran dengan kasih, dan tetap tinggal di meja perundingan sampai sesuatu yang nyata diperbaiki. Ini lebih lambat, lebih sukar, dan jauh lebih mahal daripada diam.

Perhatikan apa yang Yesus sebut bagi para pembawa damai: anak-anak Allah. Bukan sekadar orang yang berperilaku baik, tetapi orang yang menyerupai Bapa mereka. Ini pernyataan yang mengejutkan. Ketika kita memilih mengejar pemulihan hubungan alih-alih menghindar, kita bukan sekadar bersikap ramah, kita sedang mencerminkan karakter Allah sendiri, yang mendamaikan dunia yang rusak dengan diri-Nya dengan harga yang begitu besar.

Saat kita memulai lima hari ini, ada baiknya bertanya dengan jujur di mana kita cenderung menghindar dari konflik alih-alih menghadapinya dengan anugerah. Mungkin ada persahabatan yang mendingin, anggota keluarga yang diam-diam kita jauhi, atau hubungan dalam komunitas yang tegang karena kesalahpahaman lama. Hari ini hanyalah undangan untuk menyadarinya, tanpa perlu segera memperbaikinya.","Matthew 5:9 | Blessed are the peacemakers, for they will be called children of God.","Matius 5:9 | Berbahagialah orang yang membawa damai, karena mereka akan disebut anak-anak Allah.","Where in your life have you settled for keeping the peace instead of making it?","Di bagian hidupmu manakah engkau selama ini puas dengan sekadar menjaga kedamaian, bukan mewujudkannya?","Lord Jesus, you called peacemakers blessed, not comfortable. Give me the courage today to notice where I have chosen silence over honest, loving engagement, and prepare my heart for the harder, holier road ahead. Amen.","Tuhan Yesus, Engkau menyebut para pembawa damai berbahagia, bukan nyaman. Berilah aku keberanian hari ini untuk menyadari di mana aku telah memilih diam ketimbang keterlibatan yang jujur dan penuh kasih, dan siapkan hatiku untuk jalan yang lebih sukar namun lebih kudus di depan. Amin."
"Peace","Damai","Peace in Relationships","Damai dalam Hubungan","Blessed Are the Peacemakers","Berbahagialah Pembawa Damai","Five days learning to step into conflict with a gentle heart","Lima hari belajar melangkah ke dalam konflik dengan hati yang lembut","5","A five-day devotional for anyone who finds themselves standing between two sides of an argument, or caught in tension they didn't start. Drawing on Jesus's words in the Beatitudes and the wisdom of Proverbs and James, this plan gently trains the heart to choose the harder, holier road of peacemaking over the easier roads of silence, gossip, or retaliation.","Renungan lima hari bagi siapa saja yang mendapati dirinya berdiri di antara dua pihak yang bertikai, atau terjebak dalam ketegangan yang bukan ia mulai. Bersandar pada perkataan Yesus dalam Ucapan Bahagia serta hikmat Amsal dan Yakobus, renungan ini melatih hati dengan lembut untuk memilih jalan yang lebih sukar namun lebih kudus, yaitu menjadi pembawa damai, ketimbang jalan yang lebih mudah seperti diam, bergosip, atau membalas.","A gentle watercolor illustration in portrait orientation, aspect ratio 3:4. Two pairs of hands reach toward each other from opposite lower corners of the composition, not quite touching, with a small white dove gliding in the soft space between them, wings catching warm light. Behind the hands, a loose wash of dawn colors blends dusty rose, muted gold, and pale sage green, with faint watercolor blooms suggesting olive branches drifting upward at the edges. The brushwork is loose and translucent, with visible paper texture and soft bleeding edges typical of wet-on-wet watercolor, giving the whole scene a tender, unresolved, hopeful quality. All lettering is grouped together at the very top of the composition for maximum legibility, stacked on a soft solid-color band or gentle scrim so it stays readable against the artwork behind it: the title ""Blessed Are the Peacemakers"" first, largest, in a warm hand-lettered serif script with slightly uneven, human strokes; directly beneath it the smaller subtitle ""Five days learning to step into conflict with a gentle heart""; and directly beneath the subtitle a compact rounded pill reading ""5 DAYS"" in bold small caps. Nothing else overlaps the illustration below. Mood: tender, hopeful, quietly courageous.","","2","A Gentle Answer","Jawaban yang Lembut","There is a particular kind of moment we all know well: someone says something sharp, and we feel the immediate pull to answer just as sharply back. It happens in family group chats, in meetings, in the car after a long day. In that split second, we choose the temperature of what happens next.

The book of Proverbs is full of blunt, practical wisdom, and few lines are as immediately useful as this one about the gentle answer. It does not promise that gentleness will always dissolve anger instantly. It simply observes a pattern true across generations and cultures: harsh words feed a fire, and gentle words often starve it of the oxygen it needs to spread.

Gentleness is frequently mistaken for weakness, especially in moments of conflict. But choosing a soft answer when we could justify a hard one takes far more strength than lashing out. It requires us to set our pride aside for a moment, to absorb a little sting without needing to return it, and to trust that peace is worth more than winning the exchange.

This is not a call to suppress every honest feeling or to become a doormat in every disagreement. There is a difference between gentle honesty and silent avoidance. Today's invitation is simply to practice one small pause before responding to whatever friction the day brings, giving ourselves a breath to choose gentleness over an automatic, wounded reply.","Ada satu jenis momen yang kita semua kenal baik: seseorang mengucapkan sesuatu yang tajam, dan kita merasakan dorongan segera untuk membalasnya dengan sama tajamnya. Ini terjadi di grup chat keluarga, dalam rapat, di dalam mobil setelah hari yang panjang. Pada detik itu, kita sebenarnya sedang memilih suhu dari apa yang terjadi selanjutnya.

Kitab Amsal penuh dengan hikmat yang lugas dan praktis, dan sedikit ayat yang sesegera ini bermanfaat seperti ayat tentang jawaban yang lembut ini. Ayat ini tidak menjanjikan bahwa kelembutan akan selalu langsung meredakan kemarahan. Ayat ini hanya mengamati pola yang terbukti benar lintas generasi dan budaya: kata-kata kasar menyulut api, sementara kata-kata lembut sering kali membuat api itu kehabisan udara untuk menyala.

Kelembutan sering disalahartikan sebagai kelemahan, terutama pada saat konflik. Padahal memilih jawaban yang lembut ketika kita bisa saja membenarkan jawaban yang keras justru membutuhkan kekuatan yang jauh lebih besar daripada meledak marah. Ini menuntut kita menyisihkan kesombongan sejenak, menahan sedikit sakit hati tanpa harus membalasnya, dan percaya bahwa kedamaian lebih bernilai daripada memenangkan perdebatan.

Ini bukan ajakan untuk memendam setiap perasaan yang jujur atau menjadi keset yang diinjak dalam setiap perselisihan. Ada perbedaan antara kejujuran yang lembut dan penghindaran yang diam. Ajakan hari ini sederhana: praktikkan satu jeda kecil sebelum menanggapi gesekan apa pun yang dibawa hari ini, memberi diri kita ruang bernapas untuk memilih kelembutan daripada balasan otomatis yang terluka.","Proverbs 15:1 | A gentle answer turns away wrath, but a harsh word stirs up anger.","Amsal 15:1 | Jawaban yang lemah lembut meredakan kegeraman, tetapi perkataan yang pedas membangkitkan marah.","What would change in your closest relationship if you built in one breath before responding to sharp words?","Apa yang akan berubah dalam hubunganmu yang paling dekat jika engkau memberi satu tarikan napas sebelum menanggapi kata-kata yang tajam?","Father, in the small frictions of today, teach me to answer gently. Slow my tongue and soften my heart before I speak, so that my words might turn away wrath instead of feeding it. Amen.","Bapa, dalam gesekan-gesekan kecil hari ini, ajarku menjawab dengan lembut. Perlambat lidahku dan lembutkan hatiku sebelum aku berbicara, agar perkataanku meredakan kegeraman, bukan menyulutnya. Amin."
"Peace","Damai","Peace in Relationships","Damai dalam Hubungan","Blessed Are the Peacemakers","Berbahagialah Pembawa Damai","Five days learning to step into conflict with a gentle heart","Lima hari belajar melangkah ke dalam konflik dengan hati yang lembut","5","A five-day devotional for anyone who finds themselves standing between two sides of an argument, or caught in tension they didn't start. Drawing on Jesus's words in the Beatitudes and the wisdom of Proverbs and James, this plan gently trains the heart to choose the harder, holier road of peacemaking over the easier roads of silence, gossip, or retaliation.","Renungan lima hari bagi siapa saja yang mendapati dirinya berdiri di antara dua pihak yang bertikai, atau terjebak dalam ketegangan yang bukan ia mulai. Bersandar pada perkataan Yesus dalam Ucapan Bahagia serta hikmat Amsal dan Yakobus, renungan ini melatih hati dengan lembut untuk memilih jalan yang lebih sukar namun lebih kudus, yaitu menjadi pembawa damai, ketimbang jalan yang lebih mudah seperti diam, bergosip, atau membalas.","A gentle watercolor illustration in portrait orientation, aspect ratio 3:4. Two pairs of hands reach toward each other from opposite lower corners of the composition, not quite touching, with a small white dove gliding in the soft space between them, wings catching warm light. Behind the hands, a loose wash of dawn colors blends dusty rose, muted gold, and pale sage green, with faint watercolor blooms suggesting olive branches drifting upward at the edges. The brushwork is loose and translucent, with visible paper texture and soft bleeding edges typical of wet-on-wet watercolor, giving the whole scene a tender, unresolved, hopeful quality. All lettering is grouped together at the very top of the composition for maximum legibility, stacked on a soft solid-color band or gentle scrim so it stays readable against the artwork behind it: the title ""Blessed Are the Peacemakers"" first, largest, in a warm hand-lettered serif script with slightly uneven, human strokes; directly beneath it the smaller subtitle ""Five days learning to step into conflict with a gentle heart""; and directly beneath the subtitle a compact rounded pill reading ""5 DAYS"" in bold small caps. Nothing else overlaps the illustration below. Mood: tender, hopeful, quietly courageous.","","3","As Far As It Depends on You","Sejauh Hal Itu Bergantung Padamu","Paul's instruction to the Romans is refreshingly honest. He does not say 'always live at peace with everyone,' full stop, as though peace is entirely within our control. He says, 'if it is possible, as far as it depends on you.' Tucked inside that qualifier is a quiet permission: some relationships will not fully heal, no matter how hard we try, and that is not always our failure.

But notice what the qualifier does not release us from. It still calls us to do our part fully. It is easy to use 'it takes two' as an excuse to do nothing, to fold our arms and wait for the other person to move first. Paul is asking something more demanding: examine your own part of the conflict, and make sure nothing on your side is left undone.

This might mean apologizing for a real fault even if the other person never apologizes for theirs. It might mean sending the first message after a long silence, or choosing not to speak badly of someone even when they have spoken badly of you. Doing our part does not guarantee reconciliation, but it does guarantee that if peace does not come, it will not be because we withheld it.

There is real freedom here too. We are not responsible for another person's heart, their pride, or their willingness to reconcile. We are only responsible for our own honesty, humility, and effort. Letting go of what is not ours to control is itself an act of peace, both toward others and toward our own anxious hearts.","Pengajaran Paulus kepada jemaat di Roma terasa jujur dan menyegarkan. Ia tidak berkata 'hiduplah damai dengan semua orang' begitu saja, seolah kedamaian sepenuhnya ada dalam kendali kita. Ia berkata, 'jika mungkin, sejauh hal itu bergantung padamu.' Tersembunyi dalam kalimat pengandaian itu ada semacam izin yang tenang: beberapa hubungan tidak akan pulih sepenuhnya, sekeras apa pun kita berusaha, dan itu tidak selalu berarti kita gagal.

Namun perhatikan apa yang tidak dibebaskan oleh pengandaian itu dari kita. Ayat ini tetap memanggil kita untuk mengerjakan bagian kita secara penuh. Sangat mudah menjadikan 'perlu dua pihak' sebagai alasan untuk tidak berbuat apa-apa, melipat tangan dan menunggu pihak lain bergerak lebih dulu. Paulus meminta sesuatu yang lebih menuntut: periksa bagianmu sendiri dalam konflik itu, dan pastikan tidak ada yang tersisa di pihakmu yang belum diselesaikan.

Ini mungkin berarti meminta maaf atas kesalahan nyata meski pihak lain tidak pernah meminta maaf atas kesalahannya. Ini mungkin berarti mengirim pesan pertama setelah kesunyian yang panjang, atau memilih untuk tidak membicarakan keburukan seseorang meski ia telah membicarakan keburukanmu. Mengerjakan bagian kita tidak menjamin pemulihan hubungan, tetapi ini menjamin bahwa jika kedamaian tidak datang, itu bukan karena kita yang menahannya.

Ada kebebasan sejati di sini juga. Kita tidak bertanggung jawab atas hati orang lain, kesombongan mereka, atau kesediaan mereka untuk berdamai. Kita hanya bertanggung jawab atas kejujuran, kerendahan hati, dan usaha kita sendiri. Melepaskan apa yang bukan menjadi kendali kita adalah tindakan damai itu sendiri, baik terhadap orang lain maupun terhadap hati kita sendiri yang gelisah.","Romans 12:18 | If it is possible, as far as it depends on you, live at peace with everyone.","Roma 12:18 | Sedapat-dapatnya, kalau hal itu bergantung padamu, hiduplah dalam perdamaian dengan semua orang!","Is there a part of a strained relationship that is genuinely yours to make right, that you have been avoiding?","Adakah bagian dari suatu hubungan yang tegang yang sesungguhnya menjadi tanggung jawabmu untuk diperbaiki, namun selama ini kau hindari?","Lord, show me clearly what is mine to do and release me from what is not. Give me the humility to do my part fully, and the peace to trust you with what remains outside my hands. Amen.","Tuhan, tunjukkan dengan jelas apa yang menjadi tanggung jawabku dan lepaskan aku dari apa yang bukan. Berilah aku kerendahan hati untuk mengerjakan bagianku sepenuhnya, dan kedamaian untuk memercayakan kepada-Mu apa yang berada di luar jangkauanku. Amin."
"Peace","Damai","Peace in Relationships","Damai dalam Hubungan","Blessed Are the Peacemakers","Berbahagialah Pembawa Damai","Five days learning to step into conflict with a gentle heart","Lima hari belajar melangkah ke dalam konflik dengan hati yang lembut","5","A five-day devotional for anyone who finds themselves standing between two sides of an argument, or caught in tension they didn't start. Drawing on Jesus's words in the Beatitudes and the wisdom of Proverbs and James, this plan gently trains the heart to choose the harder, holier road of peacemaking over the easier roads of silence, gossip, or retaliation.","Renungan lima hari bagi siapa saja yang mendapati dirinya berdiri di antara dua pihak yang bertikai, atau terjebak dalam ketegangan yang bukan ia mulai. Bersandar pada perkataan Yesus dalam Ucapan Bahagia serta hikmat Amsal dan Yakobus, renungan ini melatih hati dengan lembut untuk memilih jalan yang lebih sukar namun lebih kudus, yaitu menjadi pembawa damai, ketimbang jalan yang lebih mudah seperti diam, bergosip, atau membalas.","A gentle watercolor illustration in portrait orientation, aspect ratio 3:4. Two pairs of hands reach toward each other from opposite lower corners of the composition, not quite touching, with a small white dove gliding in the soft space between them, wings catching warm light. Behind the hands, a loose wash of dawn colors blends dusty rose, muted gold, and pale sage green, with faint watercolor blooms suggesting olive branches drifting upward at the edges. The brushwork is loose and translucent, with visible paper texture and soft bleeding edges typical of wet-on-wet watercolor, giving the whole scene a tender, unresolved, hopeful quality. All lettering is grouped together at the very top of the composition for maximum legibility, stacked on a soft solid-color band or gentle scrim so it stays readable against the artwork behind it: the title ""Blessed Are the Peacemakers"" first, largest, in a warm hand-lettered serif script with slightly uneven, human strokes; directly beneath it the smaller subtitle ""Five days learning to step into conflict with a gentle heart""; and directly beneath the subtitle a compact rounded pill reading ""5 DAYS"" in bold small caps. Nothing else overlaps the illustration below. Mood: tender, hopeful, quietly courageous.","","4","Restoring Gently","Memulihkan dengan Lembut","Paul's letter to the Galatians was written to a real, quarreling community, and in it he gives surprisingly specific instructions for how to handle a fellow believer caught in wrongdoing. He does not say ignore it, and he does not say expose it harshly. He says restore that person gently, and then immediately warns the one doing the restoring to watch their own heart too.

This is such a needed correction for how many of us handle conflict. We often approach someone else's fault with a kind of righteous edge, quietly enjoying being the one who is right. Paul strips that satisfaction away by reminding us that we too are capable of falling. The peacemaker is never above the person they are trying to help; they are simply further along the road at that particular moment.

Gentleness here is not softness that avoids the truth. It is strength under control, care wrapped around honesty. A gentle correction still names what is wrong, but it does so in a way that protects the dignity of the person hearing it, the way a doctor sets a broken bone carefully rather than carelessly, because the goal is healing, not harm.

As you think of someone whose behavior has hurt you or others, ask what it would look like to approach them the way Paul describes: honest about the wrong, humble about your own capacity to fail, and gentle enough that the person feels cared for rather than attacked. That combination is rare, and it is exactly what restores relationships instead of ending them.","Surat Paulus kepada jemaat di Galatia ditulis untuk komunitas nyata yang sedang berselisih, dan di dalamnya ia memberikan instruksi yang mengejutkan detailnya tentang cara menangani sesama orang percaya yang terjatuh dalam kesalahan. Ia tidak berkata untuk mengabaikannya, dan ia tidak berkata untuk mempermalukannya secara kasar. Ia berkata, pulihkanlah orang itu dengan lemah lembut, dan segera setelah itu ia mengingatkan orang yang memulihkan untuk juga menjaga hatinya sendiri.

Ini adalah koreksi yang sangat dibutuhkan bagi cara banyak dari kita menghadapi konflik. Kita sering mendekati kesalahan orang lain dengan semacam kebenaran diri yang tajam, diam-diam menikmati posisi sebagai pihak yang benar. Paulus melucuti kepuasan itu dengan mengingatkan bahwa kita pun sanggup jatuh. Pembawa damai tidak pernah berada di atas orang yang ia coba tolong; ia hanya berada sedikit lebih jauh di jalan itu pada saat tersebut.

Kelembutan di sini bukan kelunakan yang menghindari kebenaran. Ini adalah kekuatan yang terkendali, kepedulian yang membungkus kejujuran. Teguran yang lembut tetap menyebut apa yang salah, tetapi dilakukan dengan cara yang menjaga martabat orang yang mendengarnya, seperti seorang dokter yang menyambung tulang yang patah dengan hati-hati, bukan sembarangan, karena tujuannya adalah kesembuhan, bukan luka baru.

Saat engkau memikirkan seseorang yang perilakunya telah menyakitimu atau orang lain, tanyakan seperti apa jadinya jika engkau mendekatinya seperti yang Paulus gambarkan: jujur tentang kesalahan itu, rendah hati tentang kemampuanmu sendiri untuk jatuh, dan cukup lembut sehingga orang itu merasa dipedulikan, bukan diserang. Kombinasi itu jarang, dan itulah tepatnya yang memulihkan hubungan, bukan mengakhirinya.","Galatians 6:1 | Brothers and sisters, if someone is caught in a sin, you who live by the Spirit should restore that person gently. But watch yourselves, or you also may be tempted.","Galatia 6:1 | Saudara-saudara, kalaupun seorang kedapatan melakukan suatu pelanggaran, maka kamu yang rohani, harus memimpin orang itu ke jalan yang benar dalam roh lemah lembut, sambil menjaga dirimu sendiri, supaya kamu juga jangan kena pencobaan.","How can you hold both honesty and gentleness when addressing someone who has done wrong?","Bagaimana engkau dapat menjunjung kejujuran sekaligus kelembutan ketika menegur seseorang yang telah berbuat salah?","Spirit of God, keep me humble as I deal with others' faults, aware that I too can stumble. Teach me to correct with gentleness that heals rather than words that wound. Amen.","Roh Allah, jagalah aku tetap rendah hati saat menghadapi kesalahan orang lain, sadar bahwa aku pun bisa tersandung. Ajarku menegur dengan kelembutan yang menyembuhkan, bukan kata-kata yang melukai. Amin."
"Peace","Damai","Peace in Relationships","Damai dalam Hubungan","Blessed Are the Peacemakers","Berbahagialah Pembawa Damai","Five days learning to step into conflict with a gentle heart","Lima hari belajar melangkah ke dalam konflik dengan hati yang lembut","5","A five-day devotional for anyone who finds themselves standing between two sides of an argument, or caught in tension they didn't start. Drawing on Jesus's words in the Beatitudes and the wisdom of Proverbs and James, this plan gently trains the heart to choose the harder, holier road of peacemaking over the easier roads of silence, gossip, or retaliation.","Renungan lima hari bagi siapa saja yang mendapati dirinya berdiri di antara dua pihak yang bertikai, atau terjebak dalam ketegangan yang bukan ia mulai. Bersandar pada perkataan Yesus dalam Ucapan Bahagia serta hikmat Amsal dan Yakobus, renungan ini melatih hati dengan lembut untuk memilih jalan yang lebih sukar namun lebih kudus, yaitu menjadi pembawa damai, ketimbang jalan yang lebih mudah seperti diam, bergosip, atau membalas.","A gentle watercolor illustration in portrait orientation, aspect ratio 3:4. Two pairs of hands reach toward each other from opposite lower corners of the composition, not quite touching, with a small white dove gliding in the soft space between them, wings catching warm light. Behind the hands, a loose wash of dawn colors blends dusty rose, muted gold, and pale sage green, with faint watercolor blooms suggesting olive branches drifting upward at the edges. The brushwork is loose and translucent, with visible paper texture and soft bleeding edges typical of wet-on-wet watercolor, giving the whole scene a tender, unresolved, hopeful quality. All lettering is grouped together at the very top of the composition for maximum legibility, stacked on a soft solid-color band or gentle scrim so it stays readable against the artwork behind it: the title ""Blessed Are the Peacemakers"" first, largest, in a warm hand-lettered serif script with slightly uneven, human strokes; directly beneath it the smaller subtitle ""Five days learning to step into conflict with a gentle heart""; and directly beneath the subtitle a compact rounded pill reading ""5 DAYS"" in bold small caps. Nothing else overlaps the illustration below. Mood: tender, hopeful, quietly courageous.","","5","The Harvest of Righteousness","Buah Kebenaran","James, ever the practical writer, closes his teaching on wisdom with a picture of two very different kinds of leadership and character. One kind sows envy and selfish ambition and reaps disorder. The other is pure, then peace-loving, considerate, submissive, full of mercy and good fruit, impartial and sincere. It is worth reading slowly, because it describes exactly what a peacemaker looks like from the inside.

What strikes me most is that peace-loving comes second on the list, right after purity. It is not the first virtue, and it is not built on compromise or avoidance. True peace grows out of a heart that has already been shaped by honesty and integrity. We cannot manufacture real peace by simply agreeing to disagree about everything; it has to be rooted in something deeper and truer than convenience.

James also promises a harvest for those who sow this way: a harvest of righteousness, planted by peacemakers, and grown in an atmosphere of peace. This is farming language, and farming takes patience. Seeds planted in peace do not sprout overnight. The reconciled relationship, the healed friendship, the restored family bond, these often take seasons, not a single conversation, to fully grow.

As we close this five-day journey, take heart. Every gentle answer, every honest apology, every moment you chose the harder road of engagement over the easier road of avoidance, these are seeds. You may not see the harvest immediately. But Scripture promises that peace faithfully sown does not return empty. Keep sowing.","Yakobus, penulis yang selalu praktis, menutup ajarannya tentang hikmat dengan gambaran dua jenis kepemimpinan dan karakter yang sangat berbeda. Yang satu menabur iri hati dan ambisi mementingkan diri sendiri lalu menuai kekacauan. Yang lain murni, kemudian pendamai, peramah, mau mengalah, penuh belas kasihan dan buah-buah yang baik, tidak memihak dan tidak munafik. Ayat ini layak dibaca perlahan, karena ia menggambarkan persis seperti apa seorang pembawa damai dari dalam.

Yang paling mengena bagiku adalah bahwa sifat pendamai berada di urutan kedua dalam daftar itu, tepat setelah kemurnian. Ini bukan kebajikan pertama, dan ini tidak dibangun di atas kompromi atau penghindaran. Kedamaian sejati tumbuh dari hati yang telah dibentuk lebih dahulu oleh kejujuran dan integritas. Kita tidak bisa menciptakan kedamaian sejati hanya dengan sepakat untuk tidak sepakat tentang segala hal; kedamaian itu harus berakar pada sesuatu yang lebih dalam dan lebih benar daripada sekadar kenyamanan.

Yakobus juga menjanjikan hasil panen bagi mereka yang menabur dengan cara ini: buah kebenaran, yang ditabur oleh para pembawa damai, dan tumbuh dalam suasana damai. Ini adalah bahasa pertanian, dan pertanian memerlukan kesabaran. Benih yang ditanam dalam damai tidak bertunas dalam semalam. Hubungan yang dipulihkan, persahabatan yang disembuhkan, ikatan keluarga yang dipulihkan kembali, semuanya sering membutuhkan musim, bukan satu percakapan saja, untuk benar-benar tumbuh.

Saat kita menutup perjalanan lima hari ini, teguhkanlah hatimu. Setiap jawaban yang lembut, setiap permintaan maaf yang jujur, setiap saat engkau memilih jalan yang lebih sukar untuk terlibat ketimbang jalan yang lebih mudah untuk menghindar, semua itu adalah benih. Engkau mungkin belum melihat hasilnya segera. Tetapi Kitab Suci menjanjikan bahwa damai yang ditabur dengan setia tidak akan kembali dengan sia-sia. Teruslah menabur.","James 3:17-18 | But the wisdom that comes from heaven is first of all pure; then peace-loving, considerate, submissive, full of mercy and good fruit, impartial and sincere. Peacemakers who sow in peace reap a harvest of righteousness.","Yakobus 3:17-18 | Tetapi hikmat yang dari atas adalah pertama-tama murni, selanjutnya pendamai, peramah, penurut, penuh belas kasihan dan buah-buah yang baik, tidak memihak dan tidak munafik. Dan buah yang terdiri dari kebenaran ditaburkan dalam damai untuk mereka yang mengadakan damai.","What small seed of peace can you plant today, trusting the harvest to God's timing?","Benih damai kecil apa yang dapat kau tanam hari ini, sambil memercayakan waktu penuaiannya kepada Allah?","Heavenly Father, thank you for the promise that peace faithfully sown bears fruit. Give me patience for the seasons ahead, and keep me faithful in sowing gentleness, honesty, and mercy in every relationship you place before me. Amen.","Bapa di surga, terima kasih atas janji bahwa damai yang ditabur dengan setia akan berbuah. Berilah aku kesabaran untuk musim-musim yang akan datang, dan jadikan aku setia menabur kelembutan, kejujuran, dan belas kasihan dalam setiap hubungan yang Kau tempatkan di hadapanku. Amin."
"Peace","Damai","Peace in Relationships","Damai dalam Hubungan","Peace With the Difficult One","Damai dengan Orang yang Sulit","Three days of grace for the relationship that costs you the most","Tiga hari anugerah untuk hubungan yang paling menguras hatimu","3","A short, focused three-day devotional for the one relationship that drains you most, a coworker, an in-law, a friend who keeps disappointing you, or a family member whose patterns never seem to change. Rooted in Christ's teaching on love for enemies and Paul's call to bear with one another, this plan offers not a formula for changing the other person, but a path toward a softened, freer heart.","Renungan singkat dan terarah selama tiga hari untuk satu hubungan yang paling menguras energimu, entah itu rekan kerja, ipar, sahabat yang terus mengecewakan, atau anggota keluarga yang polanya tak kunjung berubah. Berakar pada ajaran Kristus tentang mengasihi musuh dan seruan Paulus untuk saling menyabarkan, renungan ini menawarkan bukan rumus untuk mengubah orang lain, melainkan jalan menuju hati yang lebih lembut dan lebih bebas.","A bold linocut-style print illustration in portrait orientation, aspect ratio 3:4, carved in the manner of a traditional relief print with visible tool marks and slightly imperfect registration. The central image shows two olive branches growing from opposite sides of the composition, their leaves interlacing awkwardly in the middle rather than mirroring perfectly, some leaves overlapping and some leaving gaps, suggesting an imperfect but real connection. The print uses a limited palette of deep terracotta, ink black, and warm cream paper tone, with one small accent of muted teal on a single dove silhouette perched where the branches meet. The texture is rough, hand-carved, and earthy, avoiding any polished or glossy digital feel. All lettering is grouped together at the very top of the composition for maximum legibility, stacked on a soft solid-color band or gentle scrim so it stays readable against the artwork behind it: the title ""Peace With the Difficult One"" first, largest, in a bold woodblock-style display letterform with slightly rough carved edges; directly beneath it the smaller subtitle ""Three days of grace for the relationship that costs you the most""; and directly beneath the subtitle a compact rounded pill reading ""3 DAYS"" in bold small caps. Nothing else overlaps the illustration below. Mood: weary, earthy, quietly resilient.","","1","Naming the Weight","Menyebut Beban Itu","Almost everyone carries one relationship that feels heavier than the rest. It might not be dramatic or headline-worthy; often it is quiet and ordinary, a slow accumulation of small hurts, misunderstandings, and disappointments with the same person over years. We brace ourselves before their name appears on our phone. We rehearse conversations in our heads that never quite happen the way we imagined.

Scripture never pretends that community is easy. Paul writes to the Colossians, a real church full of real friction, and tells them to bear with each other and forgive whatever grievances they may have against one another. The phrase 'bear with' is telling. It does not say resolve instantly, or feel warmly toward, or forget entirely. It says bear with, which implies weight, patience, and ongoing effort.

There is comfort in this honesty. The Christian call is not to pretend difficult people are not difficult, or to force a feeling of closeness that is not there. It is to keep choosing forgiveness and patience even while the difficulty remains real. This is a relief for anyone who has felt guilty for still finding a certain relationship hard, even after years of trying.

Today, simply name the relationship you are carrying into these three days. You do not need a plan yet, and you do not need to fix anything today. Bring it honestly before God, the way you would hand someone a heavy bag you have been carrying alone for too long.","Hampir setiap orang membawa satu hubungan yang terasa lebih berat daripada yang lain. Mungkin tidak dramatis atau layak jadi berita besar; sering kali justru sunyi dan biasa, kumpulan luka kecil, kesalahpahaman, dan kekecewaan yang menumpuk perlahan bersama orang yang sama selama bertahun-tahun. Kita menyiapkan diri sebelum namanya muncul di ponsel. Kita berlatih percakapan dalam pikiran yang tak pernah benar-benar terjadi seperti yang kita bayangkan.

Kitab Suci tidak pernah berpura-pura bahwa hidup bersama itu mudah. Paulus menulis kepada jemaat Kolose, gereja nyata yang penuh gesekan nyata, dan mengatakan kepada mereka untuk sabar menyabarkan seorang akan yang lain dan saling mengampuni apabila yang seorang menaruh dendam terhadap yang lain. Frasa 'sabar menyabarkan' sangat bermakna. Ayat itu tidak berkata segera selesaikan, atau rasakan kehangatan, atau lupakan sepenuhnya. Ayat itu berkata sabar menyabarkan, yang menyiratkan beban, kesabaran, dan usaha yang berkelanjutan.

Ada penghiburan dalam kejujuran ini. Panggilan Kristen bukanlah berpura-pura bahwa orang yang sulit itu tidak sulit, atau memaksakan perasaan dekat yang sebenarnya tidak ada. Panggilan itu adalah terus memilih pengampunan dan kesabaran meski kesulitan itu tetap nyata. Ini melegakan bagi siapa saja yang merasa bersalah karena masih menganggap suatu hubungan itu sulit, bahkan setelah bertahun-tahun mencoba.

Hari ini, sebutlah saja hubungan yang kau bawa masuk ke dalam tiga hari ini. Kau belum perlu rencana, dan kau belum perlu memperbaiki apa pun hari ini. Bawalah itu dengan jujur di hadapan Allah, seperti menyerahkan tas berat yang telah lama kau pikul sendirian.","Colossians 3:13 | Bear with each other and forgive one another if any of you has a grievance against someone. Forgive as the Lord forgave you.","Kolose 3:13 | Sabarlah kamu seorang terhadap yang lain, dan ampunilah seorang akan yang lain apabila yang seorang menaruh dendam terhadap yang lain, sama seperti Tuhan telah mengampuni kamu, kamu perlu juga saling mengampuni.","Can you name, without judging yourself, the one relationship that feels heaviest right now?","Dapatkah engkau menyebut, tanpa menghakimi dirimu sendiri, satu hubungan yang terasa paling berat saat ini?","Lord, you already know the name I am carrying. I bring this relationship to you honestly today, weight and all, and ask for your patience to fill the places where mine runs out. Amen.","Tuhan, Engkau sudah tahu nama yang kubawa ini. Hari ini aku membawa hubungan ini di hadapan-Mu dengan jujur, beserta segala bebannya, dan memohon kesabaran-Mu memenuhi tempat-tempat di mana kesabaranku habis. Amin."
"Peace","Damai","Peace in Relationships","Damai dalam Hubungan","Peace With the Difficult One","Damai dengan Orang yang Sulit","Three days of grace for the relationship that costs you the most","Tiga hari anugerah untuk hubungan yang paling menguras hatimu","3","A short, focused three-day devotional for the one relationship that drains you most, a coworker, an in-law, a friend who keeps disappointing you, or a family member whose patterns never seem to change. Rooted in Christ's teaching on love for enemies and Paul's call to bear with one another, this plan offers not a formula for changing the other person, but a path toward a softened, freer heart.","Renungan singkat dan terarah selama tiga hari untuk satu hubungan yang paling menguras energimu, entah itu rekan kerja, ipar, sahabat yang terus mengecewakan, atau anggota keluarga yang polanya tak kunjung berubah. Berakar pada ajaran Kristus tentang mengasihi musuh dan seruan Paulus untuk saling menyabarkan, renungan ini menawarkan bukan rumus untuk mengubah orang lain, melainkan jalan menuju hati yang lebih lembut dan lebih bebas.","A bold linocut-style print illustration in portrait orientation, aspect ratio 3:4, carved in the manner of a traditional relief print with visible tool marks and slightly imperfect registration. The central image shows two olive branches growing from opposite sides of the composition, their leaves interlacing awkwardly in the middle rather than mirroring perfectly, some leaves overlapping and some leaving gaps, suggesting an imperfect but real connection. The print uses a limited palette of deep terracotta, ink black, and warm cream paper tone, with one small accent of muted teal on a single dove silhouette perched where the branches meet. The texture is rough, hand-carved, and earthy, avoiding any polished or glossy digital feel. All lettering is grouped together at the very top of the composition for maximum legibility, stacked on a soft solid-color band or gentle scrim so it stays readable against the artwork behind it: the title ""Peace With the Difficult One"" first, largest, in a bold woodblock-style display letterform with slightly rough carved edges; directly beneath it the smaller subtitle ""Three days of grace for the relationship that costs you the most""; and directly beneath the subtitle a compact rounded pill reading ""3 DAYS"" in bold small caps. Nothing else overlaps the illustration below. Mood: weary, earthy, quietly resilient.","","2","Loving Without a Guarantee","Mengasihi Tanpa Jaminan","Jesus's teaching to love our enemies and pray for those who persecute us is one of the most quoted and least practiced verses in all of Scripture. It is easy to admire from a distance and very hard to apply to the specific person who irritates us at dinner, dismisses us at work, or hurts us again and again in the same familiar way.

Notice that Jesus does not say 'love your enemies until they change' or 'pray for those who persecute you so that they will stop.' The command has no guarantee attached to it. We are called to love and pray regardless of outcome, which frees us from the exhausting job of trying to engineer someone else's transformation through our own effort or affection.

Praying for a difficult person can feel strange at first, almost like it does them a favor they have not earned. But prayer often changes the one praying more than the one prayed for. It is very hard to stay bitter toward someone you are consistently, sincerely praying for. Something in our own heart softens even when nothing about them changes at all.

Try this today: instead of rehearsing the last argument or planning your defense for the next one, spend two minutes in honest prayer for that person's wellbeing, not their apology, not their change of heart, just their wellbeing. Let God handle the rest.","Ajaran Yesus untuk mengasihi musuh dan mendoakan orang yang menganiaya kita adalah salah satu ayat yang paling sering dikutip namun paling jarang dipraktikkan dalam seluruh Kitab Suci. Mudah untuk dikagumi dari kejauhan dan sangat sukar untuk diterapkan pada orang tertentu yang membuat kita jengkel saat makan malam, meremehkan kita di tempat kerja, atau melukai kita berulang kali dengan cara yang sama.

Perhatikan bahwa Yesus tidak berkata 'kasihilah musuhmu sampai mereka berubah' atau 'doakanlah orang yang menganiaya kamu supaya mereka berhenti.' Perintah itu tidak melekatkan jaminan apa pun. Kita dipanggil untuk mengasihi dan mendoakan terlepas dari hasilnya, yang membebaskan kita dari pekerjaan melelahkan mencoba merekayasa perubahan orang lain melalui usaha atau kasih sayang kita sendiri.

Mendoakan orang yang sulit bisa terasa aneh pada awalnya, seolah itu memberi mereka kebaikan yang belum pantas mereka terima. Tetapi doa sering kali lebih mengubah orang yang berdoa daripada orang yang didoakan. Sangat sulit tetap pahit terhadap seseorang yang secara konsisten dan tulus kita doakan. Sesuatu dalam hati kita sendiri melunak bahkan ketika tidak ada apa pun pada mereka yang berubah.

Cobalah ini hari ini: alih-alih mengulang-ulang perdebatan terakhir atau menyiapkan pembelaan untuk perdebatan berikutnya, luangkan dua menit dalam doa yang jujur untuk kesejahteraan orang itu, bukan permintaan maafnya, bukan perubahan hatinya, hanya kesejahteraannya. Biarkan Allah yang menangani sisanya.","Matthew 5:44 | But I tell you, love your enemies and pray for those who persecute you.","Matius 5:44 | Tetapi Aku berkata kepadamu: Kasihilah musuhmu dan berdoalah bagi mereka yang menganiaya kamu.","What might change in you, not them, if you prayed sincerely for this person for the next week?","Apa yang mungkin berubah dalam dirimu, bukan pada mereka, jika engkau berdoa dengan tulus bagi orang ini selama seminggu ke depan?","Jesus, you loved and prayed for people who never deserved it. Teach me to pray sincerely for the person I find hardest to love, not to change them, but to free my own heart. Amen.","Yesus, Engkau mengasihi dan mendoakan orang-orang yang tak pernah pantas menerimanya. Ajarku mendoakan dengan tulus orang yang paling sulit kukasihi, bukan untuk mengubah mereka, tetapi untuk membebaskan hatiku sendiri. Amin."
"Peace","Damai","Peace in Relationships","Damai dalam Hubungan","Peace With the Difficult One","Damai dengan Orang yang Sulit","Three days of grace for the relationship that costs you the most","Tiga hari anugerah untuk hubungan yang paling menguras hatimu","3","A short, focused three-day devotional for the one relationship that drains you most, a coworker, an in-law, a friend who keeps disappointing you, or a family member whose patterns never seem to change. Rooted in Christ's teaching on love for enemies and Paul's call to bear with one another, this plan offers not a formula for changing the other person, but a path toward a softened, freer heart.","Renungan singkat dan terarah selama tiga hari untuk satu hubungan yang paling menguras energimu, entah itu rekan kerja, ipar, sahabat yang terus mengecewakan, atau anggota keluarga yang polanya tak kunjung berubah. Berakar pada ajaran Kristus tentang mengasihi musuh dan seruan Paulus untuk saling menyabarkan, renungan ini menawarkan bukan rumus untuk mengubah orang lain, melainkan jalan menuju hati yang lebih lembut dan lebih bebas.","A bold linocut-style print illustration in portrait orientation, aspect ratio 3:4, carved in the manner of a traditional relief print with visible tool marks and slightly imperfect registration. The central image shows two olive branches growing from opposite sides of the composition, their leaves interlacing awkwardly in the middle rather than mirroring perfectly, some leaves overlapping and some leaving gaps, suggesting an imperfect but real connection. The print uses a limited palette of deep terracotta, ink black, and warm cream paper tone, with one small accent of muted teal on a single dove silhouette perched where the branches meet. The texture is rough, hand-carved, and earthy, avoiding any polished or glossy digital feel. All lettering is grouped together at the very top of the composition for maximum legibility, stacked on a soft solid-color band or gentle scrim so it stays readable against the artwork behind it: the title ""Peace With the Difficult One"" first, largest, in a bold woodblock-style display letterform with slightly rough carved edges; directly beneath it the smaller subtitle ""Three days of grace for the relationship that costs you the most""; and directly beneath the subtitle a compact rounded pill reading ""3 DAYS"" in bold small caps. Nothing else overlaps the illustration below. Mood: weary, earthy, quietly resilient.","","3","Overcoming With Good","Mengalahkan dengan Kebaikan","Paul's instruction near the end of Romans 12 lands like a challenge and a promise at once: do not be overcome by evil, but overcome evil with good. It assumes something important, that in any hard relationship, there is a real risk of being overcome, of letting bitterness, cynicism, or a hardened heart become the lasting mark that person leaves on us.

This verse reframes the whole struggle. The goal is not simply to survive the difficult relationship or to endure it with gritted teeth. The goal is to overcome, and the weapon for overcoming is startlingly simple: good. Not cleverness, not a perfectly worded confrontation, not winning the argument, just consistent, ordinary good, offered again and again.

This might look like a genuine compliment offered even when it is not returned, patience extended one more time than feels fair, or simply refusing to speak badly of someone even in private conversation with others. None of these guarantee the relationship will become easy. But they guarantee that whatever happens, evil will not have gotten the last word in you.

As you close these three days, consider one concrete act of good you can offer the person you named on day one, not because they have earned it, but because this is how peace is actually built, one deliberate act of goodness at a time, refusing to let another person's difficulty determine the shape of your own heart.","Instruksi Paulus menjelang akhir Roma 12 terasa seperti tantangan sekaligus janji sekaligus: janganlah kalah terhadap kejahatan, tetapi kalahkanlah kejahatan dengan kebaikan. Ayat ini mengasumsikan sesuatu yang penting, bahwa dalam hubungan mana pun yang sulit, ada risiko nyata untuk dikalahkan, membiarkan kepahitan, sinisme, atau hati yang mengeras menjadi jejak yang tertinggal dari orang itu pada diri kita.

Ayat ini membingkai ulang seluruh perjuangan tersebut. Tujuannya bukan sekadar bertahan dari hubungan yang sulit itu atau menanggungnya dengan gigi mengatup. Tujuannya adalah mengalahkan, dan senjata untuk mengalahkan itu sungguh sederhana: kebaikan. Bukan kecerdikan, bukan konfrontasi dengan kata-kata yang sempurna, bukan memenangkan perdebatan, hanya kebaikan yang konsisten dan biasa, yang ditawarkan berulang-ulang.

Ini bisa berupa pujian yang tulus meski tidak dibalas, kesabaran yang diulurkan sekali lagi meski terasa tidak adil, atau sekadar menolak membicarakan keburukan seseorang bahkan dalam percakapan pribadi dengan orang lain. Tak satu pun dari ini menjamin hubungan itu akan menjadi mudah. Tetapi semua ini menjamin bahwa apa pun yang terjadi, kejahatan tidak akan mendapatkan kata terakhir dalam dirimu.

Saat menutup tiga hari ini, pikirkanlah satu tindakan kebaikan konkret yang dapat kau berikan kepada orang yang kau sebut pada hari pertama, bukan karena mereka pantas menerimanya, tetapi karena begitulah kedamaian sesungguhnya dibangun, satu tindakan kebaikan yang disengaja pada satu waktu, menolak membiarkan kesulitan orang lain menentukan bentuk hatimu sendiri.","Romans 12:21 | Do not be overcome by evil, but overcome evil with good.","Roma 12:21 | Janganlah kamu kalah terhadap kejahatan, tetapi kalahkanlah kejahatan dengan kebaikan!","What is one concrete act of good you can offer today to the person who is hardest to love?","Apa satu tindakan kebaikan konkret yang dapat kau berikan hari ini kepada orang yang paling sulit kau kasihi?","Father, I do not want this relationship to harden my heart. Give me the strength to keep choosing good, even unreturned, and trust that in you, good always outlasts evil. Amen.","Bapa, aku tidak ingin hubungan ini mengeraskan hatiku. Berilah aku kekuatan untuk terus memilih kebaikan, sekalipun tidak dibalas, dan percaya bahwa di dalam-Mu, kebaikan selalu bertahan mengalahkan kejahatan. Amin."
"Peace","Damai","Peace in Relationships","Damai dalam Hubungan","A House at Peace","Rumah yang Damai","Seven days tending peace at home and in community amid ordinary tension","Tujuh hari merawat kedamaian di rumah dan komunitas di tengah ketegangan sehari-hari","7","A seven-day devotional for households and communities that are not in crisis, just quietly worn thin by ordinary friction: differing opinions, old habits that grate, the daily negotiation of shared space and shared life. Drawing on the wisdom literature, the Psalms, and the letters of Paul, this plan offers practical, faith-rooted habits for letting peace rule in the ordinary rooms and relationships where we actually live.","Renungan tujuh hari bagi keluarga dan komunitas yang tidak sedang dalam krisis besar, hanya perlahan terkikis oleh gesekan sehari-hari: perbedaan pendapat, kebiasaan lama yang menjengkelkan, negosiasi harian atas ruang dan hidup bersama. Bersandar pada kitab hikmat, Mazmur, dan surat-surat Paulus, renungan ini menawarkan kebiasaan praktis yang berakar pada iman untuk membiarkan damai sejahtera memerintah di ruang-ruang dan hubungan-hubungan biasa tempat kita sungguh hidup.","A charming folk-art gouache illustration in portrait orientation, aspect ratio 3:4, in the flattened, decorative style of traditional folk painting. A small cross-section of a cozy home is shown like a dollhouse cutaway, warm lamplight glowing in several rooms, with a family of simple, stylized figures going about ordinary evening life: one setting a table, one reading, two sitting close in quiet conversation. Outside the windows, a stylized garden with neat rows of flowers and a single dove resting on the rooftop peak. The palette is warm and matte: mustard yellow, brick red, cream, and forest green, painted in flat, confident shapes with visible brush texture and no gradients, evoking a hand-painted storybook quality. All lettering is grouped together at the very top of the composition for maximum legibility, stacked on a soft solid-color band or gentle scrim so it stays readable against the artwork behind it: the title ""A House at Peace"" first, largest, in a warm rounded folk-art display lettering; directly beneath it the smaller subtitle ""Seven days tending peace at home and in community amid ordinary tension""; and directly beneath the subtitle a compact rounded pill reading ""7 DAYS"" in bold small caps. Nothing else overlaps the illustration below. Mood: cozy, steady, quietly reassuring.","","1","Letting Peace Rule","Membiarkan Damai Sejahtera Memerintah","Paul's short instruction to the Colossians, to let the peace of Christ rule in your hearts, uses an interesting word. Rule suggests something like an umpire or a referee, a governing presence that settles disputes and has the final say. In a household or community, there is rarely a shortage of things competing to rule instead: irritation, exhaustion, old grudges, the need to be right.

Most households are not undone by dramatic betrayals. They are worn down slowly by unrefereed small things: whose turn it was, a tone of voice, a chore left undone again, a comment that stung more than it was meant to. Over months and years, these tiny unrefereed disputes accumulate into a kind of low-grade static that makes home feel less like rest and more like negotiation.

Letting peace rule does not mean nothing ever bothers us again. It means that when irritation rises, as it will, we have already decided in advance what gets the final word. Peace as referee does not eliminate the disagreement; it decides how the disagreement gets handled, with patience rather than escalation, with a decision to stay soft rather than harden.

As you begin this seven-day week focused on your household or community, consider naming peace as the referee out loud, even just to yourself, before the day's small frictions begin. It is a simple decision, made in advance, that changes how you meet whatever the day brings.","Instruksi singkat Paulus kepada jemaat Kolose, agar damai sejahtera Kristus memerintah dalam hatimu, menggunakan kata yang menarik. Memerintah menyiratkan sesuatu seperti wasit atau hakim garis, sebuah kehadiran yang mengatur, yang menyelesaikan perselisihan dan memiliki kata akhir. Dalam sebuah keluarga atau komunitas, jarang sekali kekurangan hal-hal yang bersaing untuk memerintah alih-alih damai: kejengkelan, kelelahan, dendam lama, kebutuhan untuk selalu benar.

Sebagian besar keluarga tidak hancur oleh pengkhianatan besar yang dramatis. Mereka terkikis perlahan oleh hal-hal kecil yang tak terwasiti: giliran siapa, nada suara, pekerjaan rumah yang lagi-lagi belum selesai, komentar yang menyakitkan lebih dari yang dimaksudkan. Selama berbulan-bulan dan bertahun-tahun, perselisihan kecil yang tak terwasiti ini menumpuk menjadi semacam gangguan tingkat rendah yang membuat rumah terasa lebih seperti negosiasi ketimbang tempat beristirahat.

Membiarkan damai sejahtera memerintah bukan berarti tidak akan pernah ada lagi yang mengganggu kita. Ini berarti bahwa ketika kejengkelan muncul, dan itu pasti akan muncul, kita telah lebih dahulu memutuskan apa yang mendapat kata akhir. Damai sebagai wasit tidak menghapus perselisihan itu; ia menentukan bagaimana perselisihan itu ditangani, dengan kesabaran alih-alih eskalasi, dengan keputusan untuk tetap lembut alih-alih mengeras.

Saat kau memulai minggu tujuh hari ini yang berfokus pada rumah tanggamu atau komunitasmu, pertimbangkan untuk menyebut damai sebagai wasit secara terucap, bahkan hanya kepada dirimu sendiri, sebelum gesekan kecil hari itu dimulai. Ini adalah keputusan sederhana, dibuat lebih dahulu, yang mengubah bagaimana kau menghadapi apa pun yang dibawa oleh hari itu.","Colossians 3:15 | Let the peace of Christ rule in your hearts, since as members of one body you were called to peace.","Kolose 3:15 | Hendaklah damai sejahtera Kristus memerintah dalam hatimu, karena untuk itulah kamu telah dipanggil menjadi satu tubuh.","What usually gets the final say in your household's small conflicts, and what would it look like to let peace be the referee instead?","Apa yang biasanya mendapat kata akhir dalam perselisihan kecil di rumahmu, dan seperti apa jadinya jika damai yang menjadi wasitnya?","Lord Christ, let your peace rule in my heart and in my home today. When irritation rises, remind me who I have decided will have the final say. Amen.","Tuhan Yesus, biarlah damai sejahtera-Mu memerintah dalam hatiku dan di rumahku hari ini. Ketika kejengkelan muncul, ingatkan aku siapa yang telah kuputuskan akan memiliki kata akhir. Amin."
"Peace","Damai","Peace in Relationships","Damai dalam Hubungan","A House at Peace","Rumah yang Damai","Seven days tending peace at home and in community amid ordinary tension","Tujuh hari merawat kedamaian di rumah dan komunitas di tengah ketegangan sehari-hari","7","A seven-day devotional for households and communities that are not in crisis, just quietly worn thin by ordinary friction: differing opinions, old habits that grate, the daily negotiation of shared space and shared life. Drawing on the wisdom literature, the Psalms, and the letters of Paul, this plan offers practical, faith-rooted habits for letting peace rule in the ordinary rooms and relationships where we actually live.","Renungan tujuh hari bagi keluarga dan komunitas yang tidak sedang dalam krisis besar, hanya perlahan terkikis oleh gesekan sehari-hari: perbedaan pendapat, kebiasaan lama yang menjengkelkan, negosiasi harian atas ruang dan hidup bersama. Bersandar pada kitab hikmat, Mazmur, dan surat-surat Paulus, renungan ini menawarkan kebiasaan praktis yang berakar pada iman untuk membiarkan damai sejahtera memerintah di ruang-ruang dan hubungan-hubungan biasa tempat kita sungguh hidup.","A charming folk-art gouache illustration in portrait orientation, aspect ratio 3:4, in the flattened, decorative style of traditional folk painting. A small cross-section of a cozy home is shown like a dollhouse cutaway, warm lamplight glowing in several rooms, with a family of simple, stylized figures going about ordinary evening life: one setting a table, one reading, two sitting close in quiet conversation. Outside the windows, a stylized garden with neat rows of flowers and a single dove resting on the rooftop peak. The palette is warm and matte: mustard yellow, brick red, cream, and forest green, painted in flat, confident shapes with visible brush texture and no gradients, evoking a hand-painted storybook quality. All lettering is grouped together at the very top of the composition for maximum legibility, stacked on a soft solid-color band or gentle scrim so it stays readable against the artwork behind it: the title ""A House at Peace"" first, largest, in a warm rounded folk-art display lettering; directly beneath it the smaller subtitle ""Seven days tending peace at home and in community amid ordinary tension""; and directly beneath the subtitle a compact rounded pill reading ""7 DAYS"" in bold small caps. Nothing else overlaps the illustration below. Mood: cozy, steady, quietly reassuring.","","2","Better a Dry Crust","Lebih Baik Sekerat Roti Kering","Proverbs is unusually blunt about the cost of a contentious home. It says plainly that a dry crust eaten in peace is better than a feast eaten in a house full of strife. This is not romanticizing poverty or suggesting comfort does not matter. It is a sober warning that no amount of material abundance compensates for a home where people are constantly at war with each other.

Many of us have lived in both kinds of houses, sometimes under the same roof in different seasons. A home can have every material blessing and still feel unbearable if tension hangs in the air, if everyone is careful about what they say, if joy has to be measured out cautiously to avoid setting someone off. And a modest home, even one with real financial strain, can feel like shelter if peace genuinely lives there.

This proverb invites an honest audit. What are we actually protecting in our homes and communities: harmony, or our own need to be right? Comfort, or the atmosphere everyone breathes? It is tempting to justify strife as the price of standing our ground on something important, but Scripture suggests we often overvalue winning the argument and undervalue the peace we are trading away for it.

Today, consider one small habit in your home or community that trades peace for something lesser, a need to have the last word, a refusal to let a small thing go, a running commentary on someone else's shortcomings. Notice it without shame, and simply ask God for the wisdom to choose the dry crust eaten in peace.","Amsal berbicara dengan sangat lugas tentang harga dari rumah yang penuh perselisihan. Ayat itu berkata jelas bahwa sekerat roti kering yang dimakan dalam damai lebih baik daripada perjamuan yang dimakan dalam rumah yang penuh perbantahan. Ini bukan mengagungkan kemiskinan atau menyiratkan bahwa kenyamanan tidak penting. Ini adalah peringatan yang serius bahwa tidak ada jumlah kelimpahan materi yang bisa mengganti rumah tempat orang-orang terus-menerus berperang satu sama lain.

Banyak dari kita pernah tinggal di kedua jenis rumah itu, kadang di bawah atap yang sama pada musim yang berbeda. Sebuah rumah bisa memiliki setiap berkat materi dan tetap terasa tak tertahankan jika ketegangan menggantung di udara, jika setiap orang harus berhati-hati dengan apa yang dikatakan, jika sukacita harus diukur secara hati-hati agar tidak memicu seseorang. Dan rumah yang sederhana, bahkan yang mengalami kesulitan keuangan yang nyata, bisa terasa seperti tempat berlindung jika damai sungguh hidup di sana.

Amsal ini mengundang pemeriksaan diri yang jujur. Apa yang sebenarnya kita lindungi di rumah dan komunitas kita: keharmonisan, atau kebutuhan kita sendiri untuk selalu benar? Kenyamanan, atau suasana yang dihirup semua orang? Sangat menggoda untuk membenarkan perselisihan sebagai harga bertahan pada sesuatu yang kita anggap penting, tetapi Kitab Suci menunjukkan bahwa kita sering terlalu menghargai kemenangan dalam perdebatan dan meremehkan damai yang kita korbankan untuk itu.

Hari ini, pertimbangkan satu kebiasaan kecil di rumah atau komunitasmu yang menukar damai dengan sesuatu yang lebih rendah nilainya, kebutuhan untuk selalu memiliki kata terakhir, penolakan untuk melepaskan hal kecil, komentar yang terus-menerus tentang kekurangan orang lain. Sadarilah tanpa rasa malu, dan mintalah kepada Allah hikmat untuk memilih sekerat roti kering yang dimakan dalam damai.","Proverbs 17:1 | Better a dry crust with peace and quiet than a house full of feasting, with strife.","Amsal 17:1 | Lebih baik sekerat roti kering disertai dengan ketenteraman, dari pada makanan daging serumah disertai dengan perbantahan.","What small habit in your home trades peace for the satisfaction of being right?","Kebiasaan kecil apa di rumahmu yang menukar damai demi kepuasan merasa selalu benar?","Lord, help me value the peace of my home more than my own need to win. Show me where I have been trading harmony for something lesser, and give me the wisdom to choose differently. Amen.","Tuhan, tolong aku lebih menghargai kedamaian rumahku daripada kebutuhanku sendiri untuk menang. Tunjukkan di mana aku telah menukar keharmonisan dengan sesuatu yang lebih rendah nilainya, dan berilah aku hikmat untuk memilih dengan cara yang berbeda. Amin."
"Peace","Damai","Peace in Relationships","Damai dalam Hubungan","A House at Peace","Rumah yang Damai","Seven days tending peace at home and in community amid ordinary tension","Tujuh hari merawat kedamaian di rumah dan komunitas di tengah ketegangan sehari-hari","7","A seven-day devotional for households and communities that are not in crisis, just quietly worn thin by ordinary friction: differing opinions, old habits that grate, the daily negotiation of shared space and shared life. Drawing on the wisdom literature, the Psalms, and the letters of Paul, this plan offers practical, faith-rooted habits for letting peace rule in the ordinary rooms and relationships where we actually live.","Renungan tujuh hari bagi keluarga dan komunitas yang tidak sedang dalam krisis besar, hanya perlahan terkikis oleh gesekan sehari-hari: perbedaan pendapat, kebiasaan lama yang menjengkelkan, negosiasi harian atas ruang dan hidup bersama. Bersandar pada kitab hikmat, Mazmur, dan surat-surat Paulus, renungan ini menawarkan kebiasaan praktis yang berakar pada iman untuk membiarkan damai sejahtera memerintah di ruang-ruang dan hubungan-hubungan biasa tempat kita sungguh hidup.","A charming folk-art gouache illustration in portrait orientation, aspect ratio 3:4, in the flattened, decorative style of traditional folk painting. A small cross-section of a cozy home is shown like a dollhouse cutaway, warm lamplight glowing in several rooms, with a family of simple, stylized figures going about ordinary evening life: one setting a table, one reading, two sitting close in quiet conversation. Outside the windows, a stylized garden with neat rows of flowers and a single dove resting on the rooftop peak. The palette is warm and matte: mustard yellow, brick red, cream, and forest green, painted in flat, confident shapes with visible brush texture and no gradients, evoking a hand-painted storybook quality. All lettering is grouped together at the very top of the composition for maximum legibility, stacked on a soft solid-color band or gentle scrim so it stays readable against the artwork behind it: the title ""A House at Peace"" first, largest, in a warm rounded folk-art display lettering; directly beneath it the smaller subtitle ""Seven days tending peace at home and in community amid ordinary tension""; and directly beneath the subtitle a compact rounded pill reading ""7 DAYS"" in bold small caps. Nothing else overlaps the illustration below. Mood: cozy, steady, quietly reassuring.","","3","Speed to Listen","Cepat untuk Mendengar","James's practical wisdom for community life begins with something deceptively simple: be quick to listen, slow to speak, and slow to become angry. In households and close communities, we often do the exact opposite. We are quick to speak, especially when we feel misunderstood, and slow to actually listen, because we are usually busy composing our response while the other person is still talking.

Real listening, the kind James is describing, is more than waiting for our turn. It means genuinely trying to understand another person's perspective before defending our own, even when we are fairly sure we already know what they are going to say. This is especially hard with people we live closely with, because familiarity can make us assume we have heard it all before.

Slowness to anger follows naturally from genuine listening. Much of our anger in close relationships comes from feeling unheard or misjudged. When we slow down enough to actually understand someone, even someone we disagree with, the sharp edge of our anger often softens on its own, not because the issue disappears, but because we no longer feel alone in facing it.

Practice this today in one ordinary conversation at home or in your community. Before responding to whatever someone says, whether it frustrates you or not, pause long enough to genuinely restate what you heard them say. This small discipline, repeated daily, slowly reshapes the whole climate of a household.","Hikmat praktis Yakobus bagi kehidupan komunitas dimulai dengan sesuatu yang tampak sederhana namun ternyata dalam: hendaklah setiap orang cepat untuk mendengar, tetapi lambat untuk berkata-kata, dan juga lambat untuk marah. Dalam keluarga dan komunitas yang dekat, kita sering melakukan hal yang justru sebaliknya. Kita cepat berbicara, terutama saat merasa disalahpahami, dan lambat untuk benar-benar mendengarkan, karena kita biasanya sibuk menyusun tanggapan sementara orang lain masih berbicara.

Mendengarkan yang sejati, seperti yang digambarkan Yakobus, lebih dari sekadar menunggu giliran bicara. Itu berarti benar-benar berusaha memahami sudut pandang orang lain sebelum membela sudut pandang kita sendiri, bahkan ketika kita cukup yakin sudah tahu apa yang akan mereka katakan. Ini sangat sulit dengan orang-orang yang hidup dekat dengan kita, karena kedekatan bisa membuat kita menganggap kita sudah pernah mendengar semuanya sebelumnya.

Lambat untuk marah mengalir secara alami dari mendengarkan yang sejati. Sebagian besar kemarahan kita dalam hubungan dekat berasal dari perasaan tidak didengar atau dinilai keliru. Ketika kita cukup melambat untuk benar-benar memahami seseorang, bahkan seseorang yang kita tidak setujui, ujung tajam kemarahan kita sering melunak dengan sendirinya, bukan karena persoalannya lenyap, tetapi karena kita tak lagi merasa sendirian menghadapinya.

Praktikkan ini hari ini dalam satu percakapan biasa di rumah atau di komunitasmu. Sebelum menanggapi apa pun yang dikatakan seseorang, entah itu membuatmu frustrasi atau tidak, berhentilah sejenak cukup lama untuk sungguh-sungguh mengulang apa yang kau dengar mereka katakan. Disiplin kecil ini, jika diulang setiap hari, perlahan membentuk ulang seluruh suasana sebuah rumah tangga.","James 1:19 | My dear brothers and sisters, take note of this: Everyone should be quick to listen, slow to speak and slow to become angry.","Yakobus 1:19 | Hai saudara-saudara yang kukasihi, ingatlah hal ini: setiap orang hendaklah cepat untuk mendengar, tetapi lambat untuk berkata-kata, dan juga lambat untuk marah.","In your closest relationships, are you usually the first to speak or the first to truly listen?","Dalam hubungan-hubunganmu yang paling dekat, apakah engkau biasanya yang pertama berbicara atau yang pertama sungguh-sungguh mendengar?","Father, slow me down today. Teach me to listen before I speak, and to speak gently when my turn comes, so that my home becomes a place where people feel truly heard. Amen.","Bapa, perlambat aku hari ini. Ajarku mendengar sebelum berbicara, dan berbicara dengan lembut ketika giliranku tiba, agar rumahku menjadi tempat orang-orang sungguh merasa didengar. Amin."
"Peace","Damai","Peace in Relationships","Damai dalam Hubungan","A House at Peace","Rumah yang Damai","Seven days tending peace at home and in community amid ordinary tension","Tujuh hari merawat kedamaian di rumah dan komunitas di tengah ketegangan sehari-hari","7","A seven-day devotional for households and communities that are not in crisis, just quietly worn thin by ordinary friction: differing opinions, old habits that grate, the daily negotiation of shared space and shared life. Drawing on the wisdom literature, the Psalms, and the letters of Paul, this plan offers practical, faith-rooted habits for letting peace rule in the ordinary rooms and relationships where we actually live.","Renungan tujuh hari bagi keluarga dan komunitas yang tidak sedang dalam krisis besar, hanya perlahan terkikis oleh gesekan sehari-hari: perbedaan pendapat, kebiasaan lama yang menjengkelkan, negosiasi harian atas ruang dan hidup bersama. Bersandar pada kitab hikmat, Mazmur, dan surat-surat Paulus, renungan ini menawarkan kebiasaan praktis yang berakar pada iman untuk membiarkan damai sejahtera memerintah di ruang-ruang dan hubungan-hubungan biasa tempat kita sungguh hidup.","A charming folk-art gouache illustration in portrait orientation, aspect ratio 3:4, in the flattened, decorative style of traditional folk painting. A small cross-section of a cozy home is shown like a dollhouse cutaway, warm lamplight glowing in several rooms, with a family of simple, stylized figures going about ordinary evening life: one setting a table, one reading, two sitting close in quiet conversation. Outside the windows, a stylized garden with neat rows of flowers and a single dove resting on the rooftop peak. The palette is warm and matte: mustard yellow, brick red, cream, and forest green, painted in flat, confident shapes with visible brush texture and no gradients, evoking a hand-painted storybook quality. All lettering is grouped together at the very top of the composition for maximum legibility, stacked on a soft solid-color band or gentle scrim so it stays readable against the artwork behind it: the title ""A House at Peace"" first, largest, in a warm rounded folk-art display lettering; directly beneath it the smaller subtitle ""Seven days tending peace at home and in community amid ordinary tension""; and directly beneath the subtitle a compact rounded pill reading ""7 DAYS"" in bold small caps. Nothing else overlaps the illustration below. Mood: cozy, steady, quietly reassuring.","","4","Not Letting the Sun Go Down","Jangan Sampai Matahari Terbenam","Paul's instruction to the Ephesians is startlingly specific for something written two thousand years ago: in your anger, do not sin, and do not let the sun go down while you are still angry. He assumes anger will happen, even among believers living in close community. But he sets a boundary around how long we let it fester unresolved.

Many households develop an unspoken habit of going to bed angry, assuming things will simply blow over by morning. Sometimes they do. But more often, unresolved tension carried overnight hardens by morning into something colder and harder to name, a low hum of distance that neither person quite acknowledges but both can feel.

This verse does not demand full resolution before sleep, which is not always realistic for a complicated issue. It demands something more modest and more achievable: do not let the sun go down on unaddressed anger. That might mean a short conversation before bed, a simple 'I'm still upset, but I love you and we'll talk more tomorrow,' or even a brief prayer together, anything that keeps the door open rather than letting silence quietly close it.

Tonight, before the day ends, consider whether there is any small anger lingering in your household that has gone unaddressed. It does not need a full solution tonight. It simply needs enough acknowledgment that the sun does not set on a door quietly shutting between you and someone you love.","Instruksi Paulus kepada jemaat Efesus terasa mengejutkan spesifiknya untuk sesuatu yang ditulis dua ribu tahun lalu: dalam kemarahanmu, janganlah berbuat dosa, dan janganlah matahari terbenam sebelum padam marahmu. Ia mengasumsikan kemarahan akan terjadi, bahkan di antara orang percaya yang hidup dalam komunitas yang dekat. Tetapi ia menetapkan batasan tentang berapa lama kita membiarkannya membusuk tanpa terselesaikan.

Banyak rumah tangga mengembangkan kebiasaan yang tak terucap untuk tidur dalam keadaan marah, mengira semuanya akan berlalu begitu saja pada pagi hari. Kadang memang begitu. Tetapi lebih sering, ketegangan yang belum terselesaikan yang dibawa semalaman mengeras di pagi hari menjadi sesuatu yang lebih dingin dan lebih sulit diberi nama, dengungan jarak yang samar yang tak sepenuhnya diakui kedua pihak tetapi dirasakan oleh keduanya.

Ayat ini tidak menuntut penyelesaian penuh sebelum tidur, yang memang tidak selalu realistis untuk persoalan yang rumit. Ayat ini menuntut sesuatu yang lebih sederhana dan lebih terjangkau: jangan biarkan matahari terbenam atas kemarahan yang belum ditangani. Itu bisa berarti percakapan singkat sebelum tidur, ucapan sederhana 'Aku masih kesal, tapi aku mengasihimu dan kita akan bicara lagi besok,' atau bahkan doa singkat bersama, apa pun yang menjaga pintu tetap terbuka alih-alih membiarkan kesunyian diam-diam menutupnya.

Malam ini, sebelum hari berakhir, pertimbangkan apakah ada kemarahan kecil yang tersisa di rumahmu yang belum ditangani. Itu tidak perlu solusi penuh malam ini. Itu hanya perlu pengakuan yang cukup agar matahari tidak terbenam di atas pintu yang diam-diam menutup di antara dirimu dan orang yang kau kasihi.","Ephesians 4:26 | In your anger do not sin: Do not let the sun go down while you are still angry.","Efesus 4:26 | Apabila kamu menjadi marah, janganlah kamu berbuat dosa: janganlah matahari terbenam, sebelum padam marahmu.","Is there a small unresolved tension in your home tonight that simply needs to be acknowledged before you sleep?","Adakah ketegangan kecil yang belum terselesaikan di rumahmu malam ini yang hanya perlu diakui sebelum kau tidur?","Lord, give me the courage to close today's small angers with honesty rather than silence. Help me not to let unresolved tension harden overnight into distance. Amen.","Tuhan, berilah aku keberanian untuk menutup kemarahan kecil hari ini dengan kejujuran, bukan kesunyian. Tolong aku agar ketegangan yang belum selesai tidak mengeras semalaman menjadi jarak. Amin."
"Peace","Damai","Peace in Relationships","Damai dalam Hubungan","A House at Peace","Rumah yang Damai","Seven days tending peace at home and in community amid ordinary tension","Tujuh hari merawat kedamaian di rumah dan komunitas di tengah ketegangan sehari-hari","7","A seven-day devotional for households and communities that are not in crisis, just quietly worn thin by ordinary friction: differing opinions, old habits that grate, the daily negotiation of shared space and shared life. Drawing on the wisdom literature, the Psalms, and the letters of Paul, this plan offers practical, faith-rooted habits for letting peace rule in the ordinary rooms and relationships where we actually live.","Renungan tujuh hari bagi keluarga dan komunitas yang tidak sedang dalam krisis besar, hanya perlahan terkikis oleh gesekan sehari-hari: perbedaan pendapat, kebiasaan lama yang menjengkelkan, negosiasi harian atas ruang dan hidup bersama. Bersandar pada kitab hikmat, Mazmur, dan surat-surat Paulus, renungan ini menawarkan kebiasaan praktis yang berakar pada iman untuk membiarkan damai sejahtera memerintah di ruang-ruang dan hubungan-hubungan biasa tempat kita sungguh hidup.","A charming folk-art gouache illustration in portrait orientation, aspect ratio 3:4, in the flattened, decorative style of traditional folk painting. A small cross-section of a cozy home is shown like a dollhouse cutaway, warm lamplight glowing in several rooms, with a family of simple, stylized figures going about ordinary evening life: one setting a table, one reading, two sitting close in quiet conversation. Outside the windows, a stylized garden with neat rows of flowers and a single dove resting on the rooftop peak. The palette is warm and matte: mustard yellow, brick red, cream, and forest green, painted in flat, confident shapes with visible brush texture and no gradients, evoking a hand-painted storybook quality. All lettering is grouped together at the very top of the composition for maximum legibility, stacked on a soft solid-color band or gentle scrim so it stays readable against the artwork behind it: the title ""A House at Peace"" first, largest, in a warm rounded folk-art display lettering; directly beneath it the smaller subtitle ""Seven days tending peace at home and in community amid ordinary tension""; and directly beneath the subtitle a compact rounded pill reading ""7 DAYS"" in bold small caps. Nothing else overlaps the illustration below. Mood: cozy, steady, quietly reassuring.","","5","Devoted to One Another","Saling Mengasihi dengan Tulus","Paul's picture of community in Romans 12 includes an image worth sitting with: be devoted to one another in love, honor one another above yourselves. This is not sentimental language about warm feelings. Devotion and honor are choices, postures we take toward the people around us regardless of how we feel about them on a given day.

Honoring someone above ourselves runs directly against how most households and communities actually operate under stress. When resources, attention, or patience are limited, our instinct is to protect our own share first. Paul's instruction flips that instinct, suggesting the health of a community depends on people actively looking out for each other's needs even before their own.

This does not mean constant self-sacrifice to the point of exhaustion, which Scripture never actually asks of us. It means a habit of noticing: who in this house or community seems tired today, overlooked, or quietly struggling, and choosing to extend honor to them, a kind word, a small act of service, genuine attention, before insisting on our own needs being met first.

Communities that practice this kind of mutual honor tend to weather ordinary tension far better than communities that do not, because everyone trusts that someone is looking out for them. Consider one person in your home or community today who could use a small, deliberate act of honor, and offer it without expecting anything in return.","Gambaran Paulus tentang komunitas dalam Roma 12 memuat sebuah citra yang layak direnungkan: hendaklah kamu saling mengasihi sebagai saudara, saling mendahului dalam memberi hormat. Ini bukan bahasa sentimental tentang perasaan hangat. Kasih dan hormat adalah pilihan, sikap yang kita ambil terhadap orang-orang di sekitar kita terlepas dari bagaimana perasaan kita terhadap mereka pada hari tertentu.

Mendahului dalam memberi hormat kepada orang lain bertentangan langsung dengan cara sebagian besar rumah tangga dan komunitas sesungguhnya beroperasi di bawah tekanan. Ketika sumber daya, perhatian, atau kesabaran terbatas, naluri kita adalah melindungi bagian kita sendiri terlebih dahulu. Instruksi Paulus membalikkan naluri itu, menunjukkan bahwa kesehatan sebuah komunitas bergantung pada orang-orang yang secara aktif memperhatikan kebutuhan satu sama lain bahkan sebelum kebutuhan mereka sendiri.

Ini bukan berarti pengorbanan diri terus-menerus hingga kelelahan, yang sebenarnya tidak pernah dituntut Kitab Suci dari kita. Ini berarti kebiasaan memperhatikan: siapa di rumah atau komunitas ini yang tampak lelah hari ini, terabaikan, atau diam-diam bergumul, dan memilih untuk memberi hormat kepada mereka, kata-kata yang baik, tindakan pelayanan kecil, perhatian yang tulus, sebelum bersikeras kebutuhan kita sendiri harus dipenuhi lebih dulu.

Komunitas yang mempraktikkan penghormatan timbal balik seperti ini cenderung lebih tahan menghadapi ketegangan sehari-hari dibandingkan komunitas yang tidak, karena setiap orang percaya ada yang memperhatikan mereka. Pikirkan satu orang di rumah atau komunitasmu hari ini yang bisa menerima tindakan hormat kecil yang disengaja, dan berikanlah tanpa mengharapkan balasan apa pun.","Romans 12:10 | Be devoted to one another in love. Honor one another above yourselves.","Roma 12:10 | Hendaklah kamu saling mengasihi sebagai saudara dan saling mendahului dalam memberi hormat.","Who in your household or community could use a small, deliberate act of honor today?","Siapa di rumah atau komunitasmu yang bisa menerima tindakan hormat kecil yang disengaja hari ini?","Lord, teach me to honor those around me before insisting on my own needs. Help me notice who is quietly struggling today, and give me a generous heart toward them. Amen.","Tuhan, ajarku menghormati orang-orang di sekitarku sebelum bersikeras memenuhi kebutuhanku sendiri. Tolong aku menyadari siapa yang diam-diam bergumul hari ini, dan berilah aku hati yang murah untuk mereka. Amin."
"Peace","Damai","Peace in Relationships","Damai dalam Hubungan","A House at Peace","Rumah yang Damai","Seven days tending peace at home and in community amid ordinary tension","Tujuh hari merawat kedamaian di rumah dan komunitas di tengah ketegangan sehari-hari","7","A seven-day devotional for households and communities that are not in crisis, just quietly worn thin by ordinary friction: differing opinions, old habits that grate, the daily negotiation of shared space and shared life. Drawing on the wisdom literature, the Psalms, and the letters of Paul, this plan offers practical, faith-rooted habits for letting peace rule in the ordinary rooms and relationships where we actually live.","Renungan tujuh hari bagi keluarga dan komunitas yang tidak sedang dalam krisis besar, hanya perlahan terkikis oleh gesekan sehari-hari: perbedaan pendapat, kebiasaan lama yang menjengkelkan, negosiasi harian atas ruang dan hidup bersama. Bersandar pada kitab hikmat, Mazmur, dan surat-surat Paulus, renungan ini menawarkan kebiasaan praktis yang berakar pada iman untuk membiarkan damai sejahtera memerintah di ruang-ruang dan hubungan-hubungan biasa tempat kita sungguh hidup.","A charming folk-art gouache illustration in portrait orientation, aspect ratio 3:4, in the flattened, decorative style of traditional folk painting. A small cross-section of a cozy home is shown like a dollhouse cutaway, warm lamplight glowing in several rooms, with a family of simple, stylized figures going about ordinary evening life: one setting a table, one reading, two sitting close in quiet conversation. Outside the windows, a stylized garden with neat rows of flowers and a single dove resting on the rooftop peak. The palette is warm and matte: mustard yellow, brick red, cream, and forest green, painted in flat, confident shapes with visible brush texture and no gradients, evoking a hand-painted storybook quality. All lettering is grouped together at the very top of the composition for maximum legibility, stacked on a soft solid-color band or gentle scrim so it stays readable against the artwork behind it: the title ""A House at Peace"" first, largest, in a warm rounded folk-art display lettering; directly beneath it the smaller subtitle ""Seven days tending peace at home and in community amid ordinary tension""; and directly beneath the subtitle a compact rounded pill reading ""7 DAYS"" in bold small caps. Nothing else overlaps the illustration below. Mood: cozy, steady, quietly reassuring.","","6","Pursuing What Builds Up","Mengejar Apa yang Membangun","Paul writes to the Romans about disputes over disputable matters, disagreements that were dividing the early church over things like food and holy days. His counsel is refreshingly practical: let us therefore make every effort to do what leads to peace and to mutual edification. Notice that peace and building each other up are named together, as if they are naturally linked.

Many household and community conflicts are, if we are honest, over genuinely disputable matters: how to load a dishwasher, how loudly to celebrate a holiday, whose way of doing things is the right way. Very few of our daily frictions are actual matters of moral principle. Most are simply differences in preference that we have elevated into battles.

Making every effort toward peace means actively choosing, again and again, to ask a different question than 'who is right here.' Instead we might ask, 'what would build this relationship up rather than tear it down.' Sometimes the answer is compromise. Sometimes it is simply letting a preference go because the relationship matters more than being right about something small.

As this seven-day week nears its close, consider one recurring disagreement in your household or community that is more about preference than principle. Ask what it would look like to make every effort toward peace there, not by pretending the difference does not exist, but by choosing, deliberately, what actually builds the relationship up.","Paulus menulis kepada jemaat Roma tentang perselisihan atas hal-hal yang dapat diperdebatkan, ketidaksepakatan yang memecah belah gereja mula-mula tentang hal-hal seperti makanan dan hari-hari suci. Nasihatnya terasa menyegarkan karena praktis: sebab itu marilah kita mengejar apa yang mendatangkan damai sejahtera dan yang berguna untuk saling membangun. Perhatikan bahwa damai dan saling membangun disebutkan bersama, seolah keduanya secara alami terkait.

Banyak konflik rumah tangga dan komunitas, kalau kita jujur, sesungguhnya tentang hal-hal yang memang dapat diperdebatkan: bagaimana menyusun piring di mesin pencuci, seberapa keras merayakan sebuah hari raya, cara siapa yang dianggap paling benar dalam melakukan sesuatu. Sangat sedikit dari gesekan harian kita yang sungguh-sungguh persoalan prinsip moral. Sebagian besar hanyalah perbedaan preferensi yang telah kita naikkan menjadi pertempuran.

Mengejar damai sejahtera berarti secara aktif memilih, berulang-ulang, untuk bertanya pertanyaan yang berbeda dari 'siapa yang benar di sini.' Sebaliknya kita bisa bertanya, 'apa yang akan membangun hubungan ini alih-alih meruntuhkannya.' Kadang jawabannya adalah kompromi. Kadang jawabannya hanyalah melepaskan preferensi karena hubungan itu lebih berarti daripada menjadi benar tentang sesuatu yang kecil.

Saat minggu tujuh hari ini mendekati akhirnya, pikirkan satu ketidaksepakatan yang berulang di rumah atau komunitasmu yang lebih tentang preferensi daripada prinsip. Tanyakan seperti apa jadinya mengejar damai sejahtera di sana, bukan dengan berpura-pura perbedaan itu tidak ada, tetapi dengan memilih secara sengaja apa yang sungguh membangun hubungan itu.","Romans 14:19 | Let us therefore make every effort to do what leads to peace and to mutual edification.","Roma 14:19 | Sebab itu marilah kita mengejar apa yang mendatangkan damai sejahtera dan yang berguna untuk saling membangun.","What recurring disagreement at home is really about preference, not principle, and could be released for the sake of peace?","Ketidaksepakatan berulang apa di rumahmu yang sebenarnya soal preferensi, bukan prinsip, dan bisa dilepaskan demi kedamaian?","Lord, help me tell the difference between what truly matters and what is merely my preference. Give me the grace to pursue what builds up rather than what merely proves me right. Amen.","Tuhan, tolong aku membedakan antara apa yang sungguh penting dan apa yang hanyalah preferensiku. Berilah aku anugerah untuk mengejar apa yang membangun, bukan sekadar membuktikan diriku benar. Amin."
"Peace","Damai","Peace in Relationships","Damai dalam Hubungan","A House at Peace","Rumah yang Damai","Seven days tending peace at home and in community amid ordinary tension","Tujuh hari merawat kedamaian di rumah dan komunitas di tengah ketegangan sehari-hari","7","A seven-day devotional for households and communities that are not in crisis, just quietly worn thin by ordinary friction: differing opinions, old habits that grate, the daily negotiation of shared space and shared life. Drawing on the wisdom literature, the Psalms, and the letters of Paul, this plan offers practical, faith-rooted habits for letting peace rule in the ordinary rooms and relationships where we actually live.","Renungan tujuh hari bagi keluarga dan komunitas yang tidak sedang dalam krisis besar, hanya perlahan terkikis oleh gesekan sehari-hari: perbedaan pendapat, kebiasaan lama yang menjengkelkan, negosiasi harian atas ruang dan hidup bersama. Bersandar pada kitab hikmat, Mazmur, dan surat-surat Paulus, renungan ini menawarkan kebiasaan praktis yang berakar pada iman untuk membiarkan damai sejahtera memerintah di ruang-ruang dan hubungan-hubungan biasa tempat kita sungguh hidup.","A charming folk-art gouache illustration in portrait orientation, aspect ratio 3:4, in the flattened, decorative style of traditional folk painting. A small cross-section of a cozy home is shown like a dollhouse cutaway, warm lamplight glowing in several rooms, with a family of simple, stylized figures going about ordinary evening life: one setting a table, one reading, two sitting close in quiet conversation. Outside the windows, a stylized garden with neat rows of flowers and a single dove resting on the rooftop peak. The palette is warm and matte: mustard yellow, brick red, cream, and forest green, painted in flat, confident shapes with visible brush texture and no gradients, evoking a hand-painted storybook quality. All lettering is grouped together at the very top of the composition for maximum legibility, stacked on a soft solid-color band or gentle scrim so it stays readable against the artwork behind it: the title ""A House at Peace"" first, largest, in a warm rounded folk-art display lettering; directly beneath it the smaller subtitle ""Seven days tending peace at home and in community amid ordinary tension""; and directly beneath the subtitle a compact rounded pill reading ""7 DAYS"" in bold small caps. Nothing else overlaps the illustration below. Mood: cozy, steady, quietly reassuring.","","7","Pursuing Peace With Everyone","Mengejar Perdamaian dengan Semua Orang","The letter to the Hebrews closes its teaching with a phrase worth carrying with us long after this week ends: make every effort to live in peace with everyone. Once again the language is active, effort, pursuit, not passive hope that peace will simply happen to us if we wait long enough. Peace in a home or community is built, day after ordinary day, by people who keep choosing to pursue it.

Over these seven days, we have looked at letting peace rule, valuing peace over strife, listening before speaking, closing the day honestly, honoring one another, and choosing what builds up over what merely wins. None of these are dramatic, one-time fixes. They are small, repeatable habits, the kind that quietly shape a household's character over years, the way water shapes stone.

It is worth remembering that pursuing peace does not mean pursuing perfection. Every household and community will have hard days, unresolved disagreements, and moments where patience runs thin. The call is not to arrive at a conflict-free home, which does not exist this side of heaven, but to keep pursuing peace faithfully, again and again, even after imperfect days.

As you close this week, consider choosing one or two of these seven practices to carry forward as an ongoing habit, not as a finished project but as a lifelong pursuit. Peace in our homes and communities is never something we finish achieving. It is something we keep choosing, one ordinary day at a time, trusting God to bless the effort.","Surat Ibrani menutup ajarannya dengan sebuah frasa yang layak kita bawa jauh melampaui akhir minggu ini: berusahalah untuk hidup damai dengan semua orang. Sekali lagi bahasanya aktif, usaha, pengejaran, bukan harapan pasif bahwa damai akan datang dengan sendirinya jika kita cukup lama menunggu. Damai dalam rumah atau komunitas dibangun, hari demi hari yang biasa, oleh orang-orang yang terus memilih untuk mengejarnya.

Selama tujuh hari ini, kita telah melihat tentang membiarkan damai memerintah, menghargai damai di atas perbantahan, mendengar sebelum berbicara, menutup hari dengan jujur, saling menghormati, dan memilih apa yang membangun ketimbang apa yang sekadar menang. Tak satu pun dari ini adalah perbaikan dramatis satu kali jadi. Semuanya adalah kebiasaan kecil yang dapat diulang, jenis kebiasaan yang diam-diam membentuk karakter sebuah rumah tangga selama bertahun-tahun, seperti air yang membentuk batu.

Perlu diingat bahwa mengejar damai bukan berarti mengejar kesempurnaan. Setiap rumah tangga dan komunitas akan mengalami hari-hari yang sulit, ketidaksepakatan yang belum terselesaikan, dan saat-saat kesabaran menipis. Panggilan itu bukan untuk mencapai rumah yang bebas konflik, yang tidak ada di sisi bumi ini, tetapi untuk terus mengejar damai dengan setia, berulang-ulang, bahkan setelah hari-hari yang tidak sempurna.

Saat kau menutup minggu ini, pertimbangkan untuk memilih satu atau dua dari tujuh praktik ini untuk terus kau bawa sebagai kebiasaan yang berkelanjutan, bukan sebagai proyek yang selesai tetapi sebagai pengejaran seumur hidup. Damai di rumah dan komunitas kita tidak pernah menjadi sesuatu yang selesai kita capai. Itu adalah sesuatu yang terus kita pilih, satu hari biasa pada satu waktu, memercayakan usaha itu kepada berkat Allah.","Hebrews 12:14 | Make every effort to live in peace with everyone and to be holy; without holiness no one will see the Lord.","Ibrani 12:14 | Berusahalah hidup damai dengan semua orang dan kejarlah kekudusan, sebab tanpa kekudusan tidak seorang pun akan melihat Tuhan.","Which one or two practices from this week will you carry forward as an ongoing habit in your home or community?","Praktik mana satu atau dua dari minggu ini yang akan kau bawa terus sebagai kebiasaan berkelanjutan di rumah atau komunitasmu?","Father, thank you for walking with me through this week. Keep me faithful in the ongoing, ordinary pursuit of peace in my home and community, trusting you to bless every small effort along the way. Amen.","Bapa, terima kasih telah berjalan bersamaku sepanjang minggu ini. Jadikan aku setia dalam pengejaran damai yang berkelanjutan dan biasa di rumah dan komunitasku, dengan percaya Engkau memberkati setiap usaha kecil di sepanjang jalan. Amin."
"Peace","Damai","Peace in Life's Storms","Damai di Tengah Badai","Peace When the Storm Hits Suddenly","Damai Saat Badai Tiba-Tiba","Finding your footing in the first shock of crisis","Menemukan pijakan saat guncangan pertama krisis datang","7","A seven-day walk for the moment everything changes without warning — a phone call, a diagnosis, a loss, a sudden reversal. These devotions don't promise the storm will stop; they point to the One who is already in the boat with you, steady even while the waves are still rising.","Perjalanan tujuh hari untuk saat segalanya berubah tanpa peringatan — sebuah telepon, sebuah diagnosis, sebuah kehilangan, sebuah pembalikan mendadak. Renungan ini tidak menjanjikan badai akan berhenti; renungan ini menunjuk pada Dia yang sudah ada di dalam perahu bersamamu, tetap teguh sekalipun gelombang masih naik.","A portrait-orientation 3:4 gouache painting of a small wooden fishing boat tilted on a dark, wind-torn sea at night, one lantern glowing warm gold at its bow as the only source of light against churning indigo and slate-grey waves; loose, textured brushwork in the style of expressive gouache illustration, thick confident strokes for the water, soft glowing halo around the lantern light. Palette: deep indigo, charcoal grey, slate blue, with warm amber-gold and a touch of muted rose where the light catches the spray. Mood is tense but not hopeless — a single point of steady light holding its own against the chaos. All lettering is grouped together at the very top of the composition for maximum legibility, stacked on a soft solid-color band or gentle scrim so it stays readable against the artwork behind it: the title ""Peace When the Storm Hits Suddenly"" first, largest, in a bold hand-painted brush-lettering style with slightly uneven, storm-tossed strokes; directly beneath it the smaller subtitle ""Finding your footing in the first shock of crisis""; and directly beneath the subtitle a compact rounded pill reading ""7 DAYS"" in bold small caps. Nothing else overlaps the illustration below. Mood: steady lantern-light calm inside sudden chaos.","","1","When the Waves Rise Without Warning","Ketika Gelombang Naik Tanpa Peringatan","There is a particular kind of disorientation that comes with sudden crisis. One moment life is moving along in its ordinary rhythm, and the next, the ground has shifted beneath us. A phone rings. A test result comes back. A relationship ends without warning. In that first hour, most of us are not thinking clearly at all — we are simply trying to breathe, trying to make sense of a world that has rearranged itself in an instant.

The disciples knew this feeling. They had been on the Sea of Galilee many times before, and they knew its waters could turn violent without much notice. But this storm was different — the kind that made grown fishermen, men who had spent their whole lives on that lake, believe they were about to drown. What strikes us most about the story in Mark's Gospel is not the storm itself, but where Jesus was during it: asleep, in the stern, on a cushion, while the boat took on water around Him.

It would be easy to read that detail as indifference. It is not. It is trust so complete that it looks like rest. Jesus was not unaware of the storm; He was simply not undone by it, because He knew who He was and where His peace came from. When the disciples woke Him, His first words were not a scolding but a question about their fear — and then, with a word, He stilled the wind and the waves. 'Peace, be still,' He said, and the sea obeyed instantly.

That same voice speaks into whatever storm has caught you off guard today. You may not feel the wind die down immediately — sometimes the calm comes to us before it comes to our circumstances. But the same Jesus who spoke over that lake is present in your boat right now. He is not asleep to your situation, and He is not far away. Today, simply let yourself be honest about the shock of what has happened, and know that honesty is not the opposite of faith — it is often where faith begins.","Ada semacam kebingungan tertentu yang datang bersama krisis mendadak. Satu saat hidup berjalan dalam ritme biasanya, dan saat berikutnya, tanah di bawah kaki kita seolah bergeser. Telepon berdering. Hasil tes keluar. Sebuah hubungan berakhir tanpa peringatan. Pada jam pertama itu, kebanyakan dari kita bahkan tidak bisa berpikir jernih — kita hanya berusaha bernapas, berusaha memahami dunia yang tiba-tiba tersusun ulang.

Para murid mengenal perasaan ini. Mereka telah berlayar di Danau Galilea berkali-kali sebelumnya, dan mereka tahu airnya bisa mengganas tanpa banyak tanda. Tetapi badai kali ini berbeda — jenis badai yang membuat nelayan-nelayan berpengalaman, yang telah menghabiskan seumur hidup di danau itu, yakin bahwa mereka akan tenggelam. Yang paling mencolok dari kisah dalam Injil Markus bukanlah badainya, melainkan di mana Yesus berada saat itu terjadi: tertidur, di buritan, di atas bantal, sementara perahu itu mulai kemasukan air.

Akan mudah untuk membaca detail itu sebagai ketidakpedulian. Padahal bukan. Itu adalah kepercayaan yang begitu utuh sehingga tampak seperti istirahat. Yesus bukannya tidak menyadari badai itu; Ia hanya tidak goyah karenanya, sebab Ia tahu siapa diri-Nya dan dari mana damai-Nya berasal. Ketika para murid membangunkan-Nya, kata-kata pertama-Nya bukanlah teguran, melainkan pertanyaan tentang ketakutan mereka — lalu, dengan satu kata, Ia menenangkan angin dan gelombang. 'Diam, tenanglah!' kata-Nya, dan laut itu pun taat seketika.

Suara yang sama itu berbicara ke dalam badai apa pun yang mengejutkanmu hari ini. Kau mungkin tidak langsung merasakan angin itu reda — kadang ketenangan datang kepada kita lebih dulu daripada kepada keadaan kita. Tetapi Yesus yang sama yang berbicara atas danau itu hadir di perahumu sekarang. Ia tidak tertidur terhadap situasimu, dan Ia tidak jauh. Hari ini, izinkan dirimu jujur tentang keterkejutan atas apa yang terjadi, dan ketahuilah bahwa kejujuran itu bukan lawan dari iman — seringkali justru di situlah iman dimulai.","Mark 4:39 | He got up, rebuked the wind and said to the waves, ""Quiet! Be still!"" Then the wind died down and it was completely calm.","Markus 4:39 | Lalu Ia bangun dan menghardik angin itu, serta berkata kepada danau itu: ""Diam! Tenanglah!"" Angin itu pun redalah dan danau itu menjadi teduh sekali.","Naming the shock out loud to God is not weak faith — it is often the first honest step toward peace.","Menyebut keterkejutan itu dengan jujur kepada Tuhan bukanlah iman yang lemah — itu seringkali langkah jujur pertama menuju damai.","Lord Jesus, I am still catching my breath from what has hit me. I don't need You to explain the storm right now — I just need to know You are in the boat with me. Speak Your peace over my fear, even before my circumstances change. Amen.","Tuhan Yesus, aku masih berusaha mengatur napas dari apa yang baru saja terjadi. Aku tidak butuh Engkau menjelaskan badai ini sekarang — aku hanya perlu tahu Engkau ada di perahu bersamaku. Ucapkanlah damai-Mu atas ketakutanku, bahkan sebelum keadaanku berubah. Amin."
"Peace","Damai","Peace in Life's Storms","Damai di Tengah Badai","Peace When the Storm Hits Suddenly","Damai Saat Badai Tiba-Tiba","Finding your footing in the first shock of crisis","Menemukan pijakan saat guncangan pertama krisis datang","7","A seven-day walk for the moment everything changes without warning — a phone call, a diagnosis, a loss, a sudden reversal. These devotions don't promise the storm will stop; they point to the One who is already in the boat with you, steady even while the waves are still rising.","Perjalanan tujuh hari untuk saat segalanya berubah tanpa peringatan — sebuah telepon, sebuah diagnosis, sebuah kehilangan, sebuah pembalikan mendadak. Renungan ini tidak menjanjikan badai akan berhenti; renungan ini menunjuk pada Dia yang sudah ada di dalam perahu bersamamu, tetap teguh sekalipun gelombang masih naik.","A portrait-orientation 3:4 gouache painting of a small wooden fishing boat tilted on a dark, wind-torn sea at night, one lantern glowing warm gold at its bow as the only source of light against churning indigo and slate-grey waves; loose, textured brushwork in the style of expressive gouache illustration, thick confident strokes for the water, soft glowing halo around the lantern light. Palette: deep indigo, charcoal grey, slate blue, with warm amber-gold and a touch of muted rose where the light catches the spray. Mood is tense but not hopeless — a single point of steady light holding its own against the chaos. All lettering is grouped together at the very top of the composition for maximum legibility, stacked on a soft solid-color band or gentle scrim so it stays readable against the artwork behind it: the title ""Peace When the Storm Hits Suddenly"" first, largest, in a bold hand-painted brush-lettering style with slightly uneven, storm-tossed strokes; directly beneath it the smaller subtitle ""Finding your footing in the first shock of crisis""; and directly beneath the subtitle a compact rounded pill reading ""7 DAYS"" in bold small caps. Nothing else overlaps the illustration below. Mood: steady lantern-light calm inside sudden chaos.","","2","God Is Our Refuge, Even Now","Allah Tempat Perlindungan Kita, Bahkan Sekarang","Psalm 46 was likely written during a season of real national upheaval — the kind of crisis that made the earth itself feel unstable, mountains slipping into the heart of the sea. The psalmist doesn't write from a place of hypothetical fear; he writes from inside genuine chaos, and yet the opening line is a declaration, not a question: God IS our refuge and strength, a very present help in trouble. Not a refuge we hope for. Not a help that might show up eventually. Present. Already here.

There is something important in the phrase 'very present.' It doesn't just mean nearby — it means available, accessible, close enough to reach in the middle of the emergency. Many of us picture God's help arriving after the crisis has passed, like a rescue team showing up once the fire is out. But Scripture consistently describes a God who is present help in the middle of the trouble itself, not only in its aftermath.

This is why the psalmist can say, a few verses later, 'therefore will not we fear, though the earth be removed.' That is a staggering statement. He is not claiming the earth won't shake — he is claiming that even if it does, fear does not have to be the final word, because refuge has already been established before the shaking started. Peace in a sudden crisis rarely comes from a change in the crisis. It comes from remembering where refuge has already been placed.

If today feels like the ground is genuinely moving under you, you are in good company with a psalmist who felt the same and still wrote 'we will not fear.' That is not denial. It is a decision, made in the middle of real upheaval, to locate your safety in Someone steadier than the ground itself. Let that be your prayer today — not that the earth stops shaking, but that you remember exactly where your refuge is.","Mazmur 46 kemungkinan ditulis pada masa gejolak nasional yang nyata — jenis krisis yang membuat bumi sendiri terasa tidak stabil, gunung-gunung bergeser ke dalam laut. Pemazmur tidak menulis dari tempat ketakutan yang hipotetis; ia menulis dari dalam kekacauan yang sungguh nyata, namun kalimat pembukanya adalah pernyataan, bukan pertanyaan: Allah ADALAH tempat perlindungan dan kekuatan kita, penolong yang sangat dekat dalam kesesakan. Bukan perlindungan yang kita harapkan. Bukan pertolongan yang mungkin datang suatu saat. Sangat dekat. Sudah ada di sini.

Ada sesuatu yang penting dalam frasa 'sangat dekat.' Itu bukan hanya berarti berada di sekitar — itu berarti tersedia, dapat dijangkau, cukup dekat untuk diraih di tengah keadaan darurat. Banyak dari kita membayangkan pertolongan Allah datang setelah krisis berlalu, seperti tim penyelamat yang muncul setelah api padam. Tetapi Alkitab secara konsisten menggambarkan Allah sebagai penolong yang hadir di tengah kesesakan itu sendiri, bukan hanya sesudahnya.

Inilah sebabnya pemazmur bisa berkata, beberapa ayat kemudian, 'sebab itu kami tidak akan takut, sekalipun bumi berubah.' Itu adalah pernyataan yang luar biasa. Ia tidak mengklaim bumi tidak akan berguncang — ia mengklaim bahwa sekalipun berguncang, ketakutan tidak harus menjadi kata terakhir, sebab perlindungan sudah ditetapkan sebelum guncangan dimulai. Damai di tengah krisis mendadak jarang datang dari perubahan pada krisisnya. Damai datang dari mengingat di mana perlindungan itu sudah ditempatkan.

Jika hari ini rasanya tanah benar-benar bergerak di bawahmu, kau berada dalam kebersamaan yang baik dengan seorang pemazmur yang merasakan hal yang sama dan tetap menulis 'kami tidak akan takut.' Itu bukan penyangkalan. Itu adalah keputusan, yang dibuat di tengah gejolak yang nyata, untuk menempatkan keselamatanmu pada Seseorang yang lebih teguh daripada tanah itu sendiri. Biarlah itu menjadi doamu hari ini — bukan agar bumi berhenti berguncang, tetapi agar kau ingat persis di mana perlindunganmu berada.","Psalm 46:1-3 | God is our refuge and strength, an ever-present help in trouble. Therefore we will not fear, though the earth give way and the mountains fall into the heart of the sea, though its waters roar and foam and the mountains quake with their surging.","Mazmur 46:2-4 | Allah itu bagi kita tempat perlindungan dan kekuatan, sebagai penolong dalam kesesakan sangat terbukti. Sebab itu kami tidak akan takut, sekalipun bumi berubah, sekalipun gunung-gunung goncang di dalam laut, sekalipun air-air laut ribut dan berbual dan gunung-gunung gemetar karena keangkuhannya.","Refuge doesn't stop the shaking; it simply gives you somewhere unshakable to stand while it happens.","Perlindungan tidak menghentikan guncangan; itu hanya memberimu tempat yang tak tergoyahkan untuk berdiri selagi guncangan itu terjadi.","Father, the ground under me feels unstable today, but You are my refuge before You are my rescue. Help me stand on that truth even while the waters are still roaring. Amen.","Bapa, tanah di bawahku terasa tidak stabil hari ini, tetapi Engkau adalah perlindunganku sebelum Engkau menjadi penyelamatku. Tolong aku berdiri di atas kebenaran itu bahkan selagi air masih bergemuruh. Amin."
"Peace","Damai","Peace in Life's Storms","Damai di Tengah Badai","Peace When the Storm Hits Suddenly","Damai Saat Badai Tiba-Tiba","Finding your footing in the first shock of crisis","Menemukan pijakan saat guncangan pertama krisis datang","7","A seven-day walk for the moment everything changes without warning — a phone call, a diagnosis, a loss, a sudden reversal. These devotions don't promise the storm will stop; they point to the One who is already in the boat with you, steady even while the waves are still rising.","Perjalanan tujuh hari untuk saat segalanya berubah tanpa peringatan — sebuah telepon, sebuah diagnosis, sebuah kehilangan, sebuah pembalikan mendadak. Renungan ini tidak menjanjikan badai akan berhenti; renungan ini menunjuk pada Dia yang sudah ada di dalam perahu bersamamu, tetap teguh sekalipun gelombang masih naik.","A portrait-orientation 3:4 gouache painting of a small wooden fishing boat tilted on a dark, wind-torn sea at night, one lantern glowing warm gold at its bow as the only source of light against churning indigo and slate-grey waves; loose, textured brushwork in the style of expressive gouache illustration, thick confident strokes for the water, soft glowing halo around the lantern light. Palette: deep indigo, charcoal grey, slate blue, with warm amber-gold and a touch of muted rose where the light catches the spray. Mood is tense but not hopeless — a single point of steady light holding its own against the chaos. All lettering is grouped together at the very top of the composition for maximum legibility, stacked on a soft solid-color band or gentle scrim so it stays readable against the artwork behind it: the title ""Peace When the Storm Hits Suddenly"" first, largest, in a bold hand-painted brush-lettering style with slightly uneven, storm-tossed strokes; directly beneath it the smaller subtitle ""Finding your footing in the first shock of crisis""; and directly beneath the subtitle a compact rounded pill reading ""7 DAYS"" in bold small caps. Nothing else overlaps the illustration below. Mood: steady lantern-light calm inside sudden chaos.","","3","Do Not Fear, I Am With You","Jangan Takut, Aku Menyertaimu","Fear has a way of arriving before we invite it. In sudden crisis, it often shows up within seconds — the mind racing to worst-case scenarios, the body tensing as if danger is right in front of us, even when the actual threat has already passed or hasn't fully arrived yet. This is simply how we are made. Fear is not a sign of weak faith; it is a normal human response to a world that has just proven itself unpredictable.

God's word to Israel through Isaiah didn't come during a peaceful season. It came to a people who were exiled, displaced, and facing real threats from powerful nations. And notice what God does not say: He does not say 'do not fear, because nothing bad will happen.' He says something far more grounded — 'do not fear, for I am with you.' The command not to fear is tied directly to a promise of presence, not a promise of ease.

This distinction matters enormously for anyone standing in the wreckage of a sudden crisis. We often wait to feel peace until we are convinced the outcome will be good. But God offers something available now, before the outcome is known: His presence, His strengthening, His upholding right hand. 'I will strengthen you and help you,' He says — active verbs, present tense, happening in the middle of the uncertainty, not after it resolves.

Today, try this simple exercise: instead of asking God to remove the crisis, ask Him to make His presence felt within it. That is a prayer He delights to answer, because it is exactly what He has already promised. You do not have to manufacture courage on your own. He is holding you with His righteous right hand, even in this exact moment of not knowing how things will turn out.","Ketakutan memiliki cara untuk datang sebelum kita mengundangnya. Dalam krisis mendadak, ketakutan sering muncul dalam hitungan detik — pikiran berpacu ke skenario terburuk, tubuh menegang seolah bahaya ada tepat di depan, bahkan ketika ancaman sesungguhnya sudah berlalu atau belum sepenuhnya tiba. Begitulah cara kita diciptakan. Ketakutan bukanlah tanda iman yang lemah; itu adalah respons manusiawi yang wajar terhadap dunia yang baru saja membuktikan dirinya tidak dapat diprediksi.

Firman Allah kepada Israel melalui Yesaya tidak datang di masa yang damai. Firman itu datang kepada umat yang terbuang, terusir, dan menghadapi ancaman nyata dari bangsa-bangsa yang kuat. Dan perhatikan apa yang tidak dikatakan Allah: Ia tidak berkata 'jangan takut, sebab tidak akan terjadi apa-apa yang buruk.' Ia mengatakan sesuatu yang jauh lebih mendasar — 'janganlah takut, sebab Aku menyertai engkau.' Perintah untuk tidak takut terikat langsung pada janji kehadiran, bukan janji kemudahan.

Perbedaan ini sangat penting bagi siapa pun yang berdiri di antara puing-puing krisis mendadak. Kita sering menunggu untuk merasakan damai sampai kita yakin hasilnya akan baik. Tetapi Allah menawarkan sesuatu yang tersedia sekarang, sebelum hasilnya diketahui: kehadiran-Nya, penguatan-Nya, tangan kanan-Nya yang menopang. 'Aku akan meneguhkan, bahkan akan menolong engkau,' kata-Nya — kata kerja yang aktif, waktu kini, terjadi di tengah ketidakpastian, bukan setelah ketidakpastian itu selesai.

Hari ini, cobalah latihan sederhana ini: alih-alih meminta Allah menghilangkan krisis itu, mintalah Ia membuat kehadiran-Nya terasa di dalamnya. Itu adalah doa yang senang Ia jawab, karena itulah tepatnya yang sudah Ia janjikan. Kau tidak perlu menciptakan keberanianmu sendiri. Ia sedang menopangmu dengan tangan kanan-Nya yang membawa kemenangan, bahkan pada saat ini, saat kau belum tahu bagaimana semuanya akan berakhir.","Isaiah 41:10 | So do not fear, for I am with you; do not be dismayed, for I am your God. I will strengthen you and help you; I will uphold you with my righteous right hand.","Yesaya 41:10 | Janganlah takut, sebab Aku menyertai engkau, janganlah bimbang, sebab Aku ini Allahmu; Aku akan meneguhkan, bahkan akan menolong engkau; Aku akan memegang engkau dengan tangan kanan-Ku yang membawa kemenangan.","God's promise is not the absence of a threat, but the certainty of His presence within it.","Janji Allah bukanlah ketiadaan ancaman, melainkan kepastian kehadiran-Nya di dalamnya.","God, I don't know how this will turn out, but I am asking You now to make Your presence real to me in the middle of not knowing. Hold me with Your right hand today. Amen.","Allah, aku tidak tahu bagaimana ini akan berakhir, tetapi aku memohon sekarang agar Engkau membuat kehadiran-Mu nyata bagiku di tengah ketidaktahuan ini. Peganglah aku dengan tangan kanan-Mu hari ini. Amin."
"Peace","Damai","Peace in Life's Storms","Damai di Tengah Badai","Peace When the Storm Hits Suddenly","Damai Saat Badai Tiba-Tiba","Finding your footing in the first shock of crisis","Menemukan pijakan saat guncangan pertama krisis datang","7","A seven-day walk for the moment everything changes without warning — a phone call, a diagnosis, a loss, a sudden reversal. These devotions don't promise the storm will stop; they point to the One who is already in the boat with you, steady even while the waves are still rising.","Perjalanan tujuh hari untuk saat segalanya berubah tanpa peringatan — sebuah telepon, sebuah diagnosis, sebuah kehilangan, sebuah pembalikan mendadak. Renungan ini tidak menjanjikan badai akan berhenti; renungan ini menunjuk pada Dia yang sudah ada di dalam perahu bersamamu, tetap teguh sekalipun gelombang masih naik.","A portrait-orientation 3:4 gouache painting of a small wooden fishing boat tilted on a dark, wind-torn sea at night, one lantern glowing warm gold at its bow as the only source of light against churning indigo and slate-grey waves; loose, textured brushwork in the style of expressive gouache illustration, thick confident strokes for the water, soft glowing halo around the lantern light. Palette: deep indigo, charcoal grey, slate blue, with warm amber-gold and a touch of muted rose where the light catches the spray. Mood is tense but not hopeless — a single point of steady light holding its own against the chaos. All lettering is grouped together at the very top of the composition for maximum legibility, stacked on a soft solid-color band or gentle scrim so it stays readable against the artwork behind it: the title ""Peace When the Storm Hits Suddenly"" first, largest, in a bold hand-painted brush-lettering style with slightly uneven, storm-tossed strokes; directly beneath it the smaller subtitle ""Finding your footing in the first shock of crisis""; and directly beneath the subtitle a compact rounded pill reading ""7 DAYS"" in bold small caps. Nothing else overlaps the illustration below. Mood: steady lantern-light calm inside sudden chaos.","","4","Rebuking the Panic Within","Menghardik Kepanikan di Dalam","There is a second storm in Matthew's version of this same event that is easy to miss — the storm inside the boat. The wind and waves were real and dangerous, but so was the panic spreading among the disciples, feeding on itself, each man's fear amplifying the next. Jesus addresses both storms, but notice the order: He speaks to the disciples first — 'Why are you so afraid, you of little faith?' — and only then does He rebuke the wind and the waves.

This ordering is not incidental. Sometimes the most urgent storm to address is not the one out on the water but the one racing through our own minds. Sudden crisis has a way of triggering not just fear but a kind of catastrophizing — imagining every possible bad outcome at once, running through worst-case scenarios on a loop, losing the ability to think clearly about the actual next step in front of us.

Notice that Jesus doesn't shame the disciples for being afraid; He gently confronts the smallness of their faith relative to who He is. Their fear wasn't the problem exactly — their forgetting who was in the boat with them was. When we find our own minds spiraling in a crisis, the corrective is rarely 'stop feeling scared.' It is closer to 'remember who is here.' Faith doesn't mean the absence of fear; it means fear no longer gets the final vote.

Today, if your mind has been racing through every worst-case scenario, try naming it honestly to God the way the disciples' fear was named. Then, deliberately, turn your attention back to who is actually in the boat with you. The inner storm often calms the moment we stop trying to manage every possible outcome and simply rest our attention on Christ's presence instead.","Ada badai kedua dalam versi Injil Matius dari peristiwa yang sama ini yang mudah terlewat — badai di dalam perahu. Angin dan gelombang itu nyata dan berbahaya, tetapi begitu pula kepanikan yang menyebar di antara para murid, memberi makan dirinya sendiri, ketakutan seorang menambah ketakutan yang lain. Yesus menangani kedua badai itu, tetapi perhatikan urutannya: Ia berbicara kepada para murid lebih dulu — 'Mengapa kamu takut, hai orang yang kurang percaya?' — dan baru kemudian Ia menghardik angin dan gelombang itu.

Urutan ini bukan kebetulan. Kadang badai yang paling mendesak untuk ditangani bukanlah yang ada di atas air, melainkan yang berpacu di dalam pikiran kita sendiri. Krisis mendadak memiliki cara untuk memicu bukan hanya ketakutan, tetapi semacam pikiran bencana — membayangkan setiap kemungkinan hasil buruk sekaligus, memutar skenario terburuk berulang-ulang, kehilangan kemampuan untuk berpikir jernih tentang langkah nyata berikutnya di depan kita.

Perhatikan bahwa Yesus tidak mempermalukan para murid karena takut; Ia dengan lembut menghadapkan mereka pada kecilnya iman mereka dibandingkan dengan siapa diri-Nya. Ketakutan mereka sebenarnya bukan masalah utamanya — kelalaian mereka mengingat siapa yang ada di perahu bersama mereka itulah masalahnya. Ketika pikiran kita sendiri berputar-putar dalam krisis, koreksi yang tepat jarang berupa 'berhenti merasa takut.' Lebih dekat pada 'ingatlah siapa yang ada di sini.' Iman bukan berarti ketiadaan rasa takut; iman berarti rasa takut tidak lagi mendapat suara terakhir.

Hari ini, jika pikiranmu terus berpacu melalui setiap skenario terburuk, cobalah menyebutkannya dengan jujur kepada Allah, sebagaimana ketakutan para murid disebutkan. Kemudian, dengan sengaja, alihkan perhatianmu kembali kepada siapa yang sesungguhnya ada di perahu bersamamu. Badai batin sering mereda saat kita berhenti berusaha mengendalikan setiap kemungkinan hasil dan sebaliknya mengistirahatkan perhatian kita pada kehadiran Kristus.","Matthew 8:26 | He replied, ""You of little faith, why are you so afraid?"" Then he got up and rebuked the winds and the waves, and it was completely calm.","Matius 8:26 | Ia berkata kepada mereka: ""Mengapa kamu takut, hai orang yang kurang percaya?"" Lalu bangunlah Ia menghardik angin dan danau itu, maka danau itu menjadi teduh sekali.","The inner storm often quiets the moment we stop managing outcomes and simply remember who is in the boat.","Badai batin sering mereda saat kita berhenti mengendalikan hasil dan sekadar mengingat siapa yang ada di perahu.","Jesus, my mind keeps racing to every worst outcome. I bring that racing to You now. Quiet the storm inside me the same way You quieted the one on the water. Amen.","Yesus, pikiranku terus berpacu ke setiap hasil terburuk. Aku membawa kegelisahan itu kepada-Mu sekarang. Tenangkanlah badai di dalam diriku sebagaimana Engkau menenangkan badai di atas air. Amin."
"Peace","Damai","Peace in Life's Storms","Damai di Tengah Badai","Peace When the Storm Hits Suddenly","Damai Saat Badai Tiba-Tiba","Finding your footing in the first shock of crisis","Menemukan pijakan saat guncangan pertama krisis datang","7","A seven-day walk for the moment everything changes without warning — a phone call, a diagnosis, a loss, a sudden reversal. These devotions don't promise the storm will stop; they point to the One who is already in the boat with you, steady even while the waves are still rising.","Perjalanan tujuh hari untuk saat segalanya berubah tanpa peringatan — sebuah telepon, sebuah diagnosis, sebuah kehilangan, sebuah pembalikan mendadak. Renungan ini tidak menjanjikan badai akan berhenti; renungan ini menunjuk pada Dia yang sudah ada di dalam perahu bersamamu, tetap teguh sekalipun gelombang masih naik.","A portrait-orientation 3:4 gouache painting of a small wooden fishing boat tilted on a dark, wind-torn sea at night, one lantern glowing warm gold at its bow as the only source of light against churning indigo and slate-grey waves; loose, textured brushwork in the style of expressive gouache illustration, thick confident strokes for the water, soft glowing halo around the lantern light. Palette: deep indigo, charcoal grey, slate blue, with warm amber-gold and a touch of muted rose where the light catches the spray. Mood is tense but not hopeless — a single point of steady light holding its own against the chaos. All lettering is grouped together at the very top of the composition for maximum legibility, stacked on a soft solid-color band or gentle scrim so it stays readable against the artwork behind it: the title ""Peace When the Storm Hits Suddenly"" first, largest, in a bold hand-painted brush-lettering style with slightly uneven, storm-tossed strokes; directly beneath it the smaller subtitle ""Finding your footing in the first shock of crisis""; and directly beneath the subtitle a compact rounded pill reading ""7 DAYS"" in bold small caps. Nothing else overlaps the illustration below. Mood: steady lantern-light calm inside sudden chaos.","","5","Close to the Brokenhearted","Dekat dengan yang Patah Hati","Some sudden crises don't just frighten us — they break something in us. Grief, loss, betrayal, a diagnosis that changes everything: these carry a weight that goes beyond fear into genuine heartbreak. It can feel, in those moments, like God must be distant, as if such raw pain would put Him off, as if we need to get ourselves together before we're fit to approach Him.

The psalmist says the opposite is true. The Lord is close to the brokenhearted — not close to those who have already processed their pain into something tidy and presentable, but close to those still in the middle of the breaking. Brokenness, in the language of this psalm, is not a barrier to God's nearness. It is, remarkably, the very condition in which His nearness is promised.

This means you do not need to wait until you feel composed to bring your crisis to God. You do not need to have your theology sorted out, your emotions regulated, your questions answered. The crushed spirit, the psalm says, is exactly who God saves — not the spiritually put-together, but the genuinely undone. There is no performance required to receive His nearness; there is only honesty about your condition.

If today finds you not just shaken but genuinely brokenhearted, let this verse be less an instruction and more an invitation: come as you are, exactly as crushed as you feel, because that is precisely where He has promised to meet you. Peace in this kind of storm doesn't start with feeling better. It starts with realizing you were never too broken to be found close to Him.","Beberapa krisis mendadak tidak hanya membuat kita takut — krisis itu meretakkan sesuatu di dalam diri kita. Duka, kehilangan, pengkhianatan, diagnosis yang mengubah segalanya: semua ini membawa beban yang melampaui ketakutan menuju kepedihan hati yang sesungguhnya. Pada saat-saat itu, bisa terasa seolah Allah pasti jauh, seolah rasa sakit yang begitu mentah akan membuat-Nya menjauh, seolah kita perlu memperbaiki diri dahulu sebelum layak menghampiri-Nya.

Pemazmur mengatakan yang sebaliknya justru benar. TUHAN dekat dengan orang-orang yang patah hati — bukan dekat dengan mereka yang sudah mengolah rasa sakitnya menjadi sesuatu yang rapi dan pantas ditampilkan, melainkan dekat dengan mereka yang masih berada di tengah keretakan itu. Kepatahan, dalam bahasa mazmur ini, bukanlah penghalang bagi kedekatan Allah. Justru, secara mengejutkan, itulah kondisi yang menjadi janji kedekatan-Nya.

Ini berarti kau tidak perlu menunggu sampai merasa tenang untuk membawa krisismu kepada Allah. Kau tidak perlu memiliki teologi yang rapi, emosi yang terkendali, pertanyaan yang terjawab. Roh yang remuk, kata mazmur ini, justru itulah yang diselamatkan Allah — bukan yang secara rohani sudah tersusun rapi, melainkan yang benar-benar hancur. Tidak ada tuntutan tampil sempurna untuk menerima kedekatan-Nya; yang ada hanyalah kejujuran tentang keadaanmu.

Jika hari ini kau tidak hanya terguncang tetapi benar-benar patah hati, biarlah ayat ini bukan sekadar instruksi melainkan undangan: datanglah apa adanya, sehancur apa pun perasaanmu, sebab justru di situlah Ia berjanji untuk menemuimu. Damai dalam jenis badai ini tidak dimulai dari merasa lebih baik. Damai dimulai dari menyadari bahwa kau tidak pernah terlalu hancur untuk ditemukan dekat dengan-Nya.","Psalm 34:17-18 | The righteous cry out, and the Lord hears them; he delivers them from all their troubles. The Lord is close to the brokenhearted and saves those who are crushed in spirit.","Mazmur 34:18-19 | Apabila orang benar berseru-seru, TUHAN mendengar, dan Ia melepaskan mereka dari segala kesesakannya. TUHAN dekat dengan orang-orang yang patah hati, dan menyelamatkan orang-orang yang remuk jiwanya.","God's nearness has never required you to be composed first — brokenness is where He promises to meet you.","Kedekatan Allah tidak pernah menuntutmu untuk tenang dahulu — kepatahan justru tempat Ia berjanji untuk menemuimu.","Lord, I am not put together right now, and I don't want to pretend I am. Meet me in this brokenness the way You promised, and let me feel how close You really are. Amen.","Tuhan, aku tidak baik-baik saja sekarang, dan aku tidak ingin berpura-pura. Temuilah aku dalam kepatahan ini seperti yang Kau janjikan, dan biarkan aku merasakan betapa dekatnya Engkau. Amin."
"Peace","Damai","Peace in Life's Storms","Damai di Tengah Badai","Peace When the Storm Hits Suddenly","Damai Saat Badai Tiba-Tiba","Finding your footing in the first shock of crisis","Menemukan pijakan saat guncangan pertama krisis datang","7","A seven-day walk for the moment everything changes without warning — a phone call, a diagnosis, a loss, a sudden reversal. These devotions don't promise the storm will stop; they point to the One who is already in the boat with you, steady even while the waves are still rising.","Perjalanan tujuh hari untuk saat segalanya berubah tanpa peringatan — sebuah telepon, sebuah diagnosis, sebuah kehilangan, sebuah pembalikan mendadak. Renungan ini tidak menjanjikan badai akan berhenti; renungan ini menunjuk pada Dia yang sudah ada di dalam perahu bersamamu, tetap teguh sekalipun gelombang masih naik.","A portrait-orientation 3:4 gouache painting of a small wooden fishing boat tilted on a dark, wind-torn sea at night, one lantern glowing warm gold at its bow as the only source of light against churning indigo and slate-grey waves; loose, textured brushwork in the style of expressive gouache illustration, thick confident strokes for the water, soft glowing halo around the lantern light. Palette: deep indigo, charcoal grey, slate blue, with warm amber-gold and a touch of muted rose where the light catches the spray. Mood is tense but not hopeless — a single point of steady light holding its own against the chaos. All lettering is grouped together at the very top of the composition for maximum legibility, stacked on a soft solid-color band or gentle scrim so it stays readable against the artwork behind it: the title ""Peace When the Storm Hits Suddenly"" first, largest, in a bold hand-painted brush-lettering style with slightly uneven, storm-tossed strokes; directly beneath it the smaller subtitle ""Finding your footing in the first shock of crisis""; and directly beneath the subtitle a compact rounded pill reading ""7 DAYS"" in bold small caps. Nothing else overlaps the illustration below. Mood: steady lantern-light calm inside sudden chaos.","","6","Through the Waters, Not Around Them","Melalui Air, Bukan Mengelilinginya","It would be easy to wish God's promise in Isaiah 43 said something different — that when we pass through the waters, He would part them, keep us dry, spare us the crossing altogether. Instead, the promise is more honest than that: 'when you pass through the waters, I will be with you.' Not around. Not instead of. Through. The crisis is not always avoided; it is accompanied.

There is real mercy in this honesty. A God who only promised to remove every hard thing from our path would be a God we could only trust when life was going well. But a God who promises presence in the middle of the passing-through is a God available in exactly the moments we need Him most — including this one, whatever storm brought you to this devotional today.

Notice too the specificity of the promise: waters that will not overwhelm you, rivers that will not sweep you away, fire that will not consume you. God is not promising an easy path; He is promising a survivable one, with Him. The crisis may still be real, costly, painful — and yet it will not have the final say over you, because you are being carried through it rather than left to face it alone.

Whatever waters you are currently passing through, let today's word settle into you slowly: you are being accompanied, not abandoned. The water is real. So is the promise that it will not overwhelm you. Ask God today to help you feel the difference between passing through a storm alone and passing through it held.","Akan mudah untuk berharap janji Allah dalam Yesaya 43 berkata sesuatu yang berbeda — bahwa ketika kita melalui air, Ia akan membelahnya, menjaga kita tetap kering, membebaskan kita sepenuhnya dari penyeberangan itu. Sebaliknya, janji itu lebih jujur dari itu: 'apabila engkau menyeberangi air, Aku akan menyertai engkau.' Bukan mengelilingi. Bukan menggantikan. Melalui. Krisis itu tidak selalu dihindarkan; krisis itu didampingi.

Ada belas kasihan yang nyata dalam kejujuran ini. Allah yang hanya menjanjikan untuk menyingkirkan setiap hal yang sulit dari jalan kita akan menjadi Allah yang hanya bisa kita percaya ketika hidup berjalan baik. Tetapi Allah yang menjanjikan kehadiran-Nya di tengah proses menyeberang adalah Allah yang tersedia justru pada saat-saat kita paling membutuhkan-Nya — termasuk saat ini, badai apa pun yang membawamu ke renungan ini hari ini.

Perhatikan juga kekhususan janji ini: air yang tidak akan menghanyutkanmu, sungai yang tidak akan menenggelamkanmu, api yang tidak akan membakarmu. Allah tidak menjanjikan jalan yang mudah; Ia menjanjikan jalan yang dapat dilalui, bersama-Nya. Krisis itu mungkin masih nyata, mahal harganya, menyakitkan — namun krisis itu tidak akan memiliki kata akhir atasmu, sebab kau sedang dibawa melaluinya, bukan ditinggalkan sendirian menghadapinya.

Air apa pun yang sedang kau lalui saat ini, biarkan firman hari ini meresap perlahan ke dalam dirimu: kau sedang didampingi, bukan ditinggalkan. Air itu nyata. Begitu pula janji bahwa air itu tidak akan menghanyutkanmu. Mintalah kepada Allah hari ini untuk membantumu merasakan perbedaan antara melewati badai sendirian dan melewatinya sambil digenggam.","Isaiah 43:2 | When you pass through the waters, I will be with you; and when you pass through the rivers, they will not sweep over you. When you walk through the fire, you will not be burned; the flames will not set you ablaze.","Yesaya 43:2 | Apabila engkau menyeberangi air, Aku akan menyertai engkau, atau menyeberangi sungai, engkau tidak akan dihanyutkan; apabila engkau berjalan melalui api, engkau tidak akan hangus, dan nyala api itu tidak akan membakarmu.","God's promise was never a dry path; it was His presence in the water itself.","Janji Allah tidak pernah berupa jalan yang kering; itu adalah kehadiran-Nya di dalam air itu sendiri.","Father, I wish You would just part these waters, but I trust that You are with me as I walk through them. Keep them from overwhelming me. Carry me across. Amen.","Bapa, aku berharap Engkau tinggal membelah air ini, tetapi aku percaya Engkau menyertaiku saat aku melewatinya. Jagalah agar air itu tidak menghanyutkanku. Bawalah aku menyeberang. Amin."
"Peace","Damai","Peace in Life's Storms","Damai di Tengah Badai","Peace When the Storm Hits Suddenly","Damai Saat Badai Tiba-Tiba","Finding your footing in the first shock of crisis","Menemukan pijakan saat guncangan pertama krisis datang","7","A seven-day walk for the moment everything changes without warning — a phone call, a diagnosis, a loss, a sudden reversal. These devotions don't promise the storm will stop; they point to the One who is already in the boat with you, steady even while the waves are still rising.","Perjalanan tujuh hari untuk saat segalanya berubah tanpa peringatan — sebuah telepon, sebuah diagnosis, sebuah kehilangan, sebuah pembalikan mendadak. Renungan ini tidak menjanjikan badai akan berhenti; renungan ini menunjuk pada Dia yang sudah ada di dalam perahu bersamamu, tetap teguh sekalipun gelombang masih naik.","A portrait-orientation 3:4 gouache painting of a small wooden fishing boat tilted on a dark, wind-torn sea at night, one lantern glowing warm gold at its bow as the only source of light against churning indigo and slate-grey waves; loose, textured brushwork in the style of expressive gouache illustration, thick confident strokes for the water, soft glowing halo around the lantern light. Palette: deep indigo, charcoal grey, slate blue, with warm amber-gold and a touch of muted rose where the light catches the spray. Mood is tense but not hopeless — a single point of steady light holding its own against the chaos. All lettering is grouped together at the very top of the composition for maximum legibility, stacked on a soft solid-color band or gentle scrim so it stays readable against the artwork behind it: the title ""Peace When the Storm Hits Suddenly"" first, largest, in a bold hand-painted brush-lettering style with slightly uneven, storm-tossed strokes; directly beneath it the smaller subtitle ""Finding your footing in the first shock of crisis""; and directly beneath the subtitle a compact rounded pill reading ""7 DAYS"" in bold small caps. Nothing else overlaps the illustration below. Mood: steady lantern-light calm inside sudden chaos.","","7","Peace That Guards Instead of Explains","Damai yang Menjaga, Bukan Menjelaskan","By the seventh day of walking through the shock of sudden crisis, most of us are not looking for more information — we are looking for a way to actually function again, to make decisions, to sleep, to show up for the people who need us. Paul's letter to the Philippians offers something remarkably practical here: he does not promise that anxiety's questions will all be answered. He promises a peace that stands guard over our hearts and minds regardless.

The instruction he gives is simple and repeatable: do not be anxious about anything, but in every situation, through prayer and petition, with thanksgiving, present your requests to God. Notice thanksgiving is included even here, even in crisis — not thanksgiving that denies the pain, but thanksgiving that remembers God has been faithful before and will be again. Gratitude in crisis is not pretending; it is remembering.

What follows this simple act of prayer is not necessarily an answer. It is a peace 'which transcends all understanding.' That phrase matters — this peace doesn't come from having things figured out. It surpasses understanding, meaning it can be present even while the mystery remains, even while the outcome is still unknown. That is exactly the kind of peace a sudden crisis calls for, because sudden crisis rarely resolves on our timeline or according to our questions.

As you close this seven-day journey, take Paul's instruction literally: name your specific requests to God today, out loud if you can, with whatever thanksgiving you can genuinely muster. Then trust that the peace which follows will do its quiet work of guarding your heart and mind — not because the storm has ended, but because you are no longer facing it without a guard posted at the door.","Pada hari ketujuh berjalan melalui keterkejutan krisis mendadak, kebanyakan dari kita tidak lagi mencari lebih banyak informasi — kita mencari cara untuk benar-benar bisa berfungsi lagi, mengambil keputusan, tidur, hadir bagi orang-orang yang membutuhkan kita. Surat Paulus kepada jemaat di Filipi menawarkan sesuatu yang sangat praktis di sini: ia tidak menjanjikan bahwa semua pertanyaan kecemasan akan terjawab. Ia menjanjikan damai sejahtera yang menjaga hati dan pikiran kita apa pun yang terjadi.

Instruksi yang ia berikan sederhana dan bisa diulang: janganlah khawatir tentang apa pun juga, tetapi dalam segala hal, melalui doa dan permohonan, dengan ucapan syukur, sampaikanlah permintaanmu kepada Allah. Perhatikan bahwa ucapan syukur disertakan bahkan di sini, bahkan dalam krisis — bukan ucapan syukur yang menyangkal rasa sakit, melainkan ucapan syukur yang mengingat bahwa Allah pernah setia dan akan setia lagi. Syukur dalam krisis bukanlah berpura-pura; itu adalah mengingat.

Yang mengikuti tindakan doa yang sederhana ini bukanlah selalu sebuah jawaban. Itu adalah damai sejahtera 'yang melampaui segala akal.' Frasa itu penting — damai ini tidak datang dari memahami segalanya dengan jelas. Damai ini melampaui akal, artinya damai itu bisa hadir bahkan ketika misteri itu tetap ada, bahkan ketika hasilnya masih belum diketahui. Itulah tepatnya jenis damai yang dibutuhkan oleh krisis mendadak, sebab krisis mendadak jarang selesai sesuai jadwal kita atau sesuai pertanyaan kita.

Saat kau menutup perjalanan tujuh hari ini, ambillah instruksi Paulus secara harfiah: sebutkan permintaanmu yang spesifik kepada Allah hari ini, dengan suara keras jika bisa, dengan ucapan syukur setulus yang bisa kau kumpulkan. Kemudian percayalah bahwa damai sejahtera yang mengikutinya akan melakukan pekerjaannya yang tenang untuk menjaga hati dan pikiranmu — bukan karena badainya telah berakhir, tetapi karena kau tidak lagi menghadapinya tanpa penjaga di depan pintu.","Philippians 4:6-7 | Do not be anxious about anything, but in every situation, by prayer and petition, with thanksgiving, present your requests to God. And the peace of God, which transcends all understanding, will guard your hearts and your minds in Christ Jesus.","Filipi 4:6-7 | Janganlah hendaknya kamu kuatir tentang apa pun juga, tetapi nyatakanlah dalam segala hal keinginanmu kepada Allah dalam doa dan permohonan dengan ucapan syukur. Damai sejahtera Allah, yang melampaui segala akal, akan memelihara hati dan pikiranmu dalam Kristus Yesus.","This peace does not require your questions to be answered first — it stands guard over you while they remain open.","Damai ini tidak menuntut pertanyaanmu terjawab lebih dulu — damai ini berjaga atasmu selagi pertanyaan itu masih terbuka.","Lord, here are my requests, spoken plainly, with whatever thanksgiving I can offer today. I ask now for the peace that guards, even without every answer. Station it over my heart and mind. Amen.","Tuhan, inilah permintaanku, kuucapkan dengan jelas, dengan ucapan syukur sebisa yang aku bisa berikan hari ini. Aku memohon sekarang damai sejahtera yang menjaga, bahkan tanpa semua jawaban. Tempatkanlah damai itu atas hati dan pikiranku. Amin."
"Peace","Damai","Peace in Life's Storms","Damai di Tengah Badai","Steady Through the Ongoing Chaos","Teguh di Tengah Kekacauan yang Berkepanjangan","Peace for the season that won't let up","Damai untuk musim yang tak kunjung mereda","5","For the exhausting stretch when the crisis isn't a single event but a whole season — juggling too much, carrying too many people, running on too little rest. This five-day devotion is about learning to stay calm not because the chaos has ended, but because your mind has been trained on something steadier than the noise.","Untuk masa yang melelahkan ketika krisis bukan lagi satu peristiwa tetapi satu musim penuh — menyeimbangkan terlalu banyak hal, menanggung terlalu banyak orang, berjalan dengan istirahat yang terlalu sedikit. Renungan lima hari ini tentang belajar tetap tenang bukan karena kekacauan telah berakhir, tetapi karena pikiran kita telah dilatih untuk tertuju pada sesuatu yang lebih teguh daripada kebisingan itu.","A portrait-orientation 3:4 minimalist linocut print of a single tall lighthouse standing on a rocky outcrop, surrounded by swirling, densely hatched linocut waves and windblown rain marks that fill most of the composition with chaotic energy, while the lighthouse itself is rendered in bold, calm, uncluttered black outlines with one warm-toned beam of light cutting steadily across the storm. Traditional linocut texture: visible carved gouge marks, high contrast, limited color blocks. Palette: deep prussian blue, off-white paper texture, charcoal black linework, with a single warm mustard-yellow for the lighthouse beam. Mood: worn but unmoved, steady amid constant motion. All lettering is grouped together at the very top of the composition for maximum legibility, stacked on a soft solid-color band or gentle scrim so it stays readable against the artwork behind it: the title ""Steady Through the Ongoing Chaos"" first, largest, in a clean bold woodblock-style serif lettering; directly beneath it the smaller subtitle ""Peace for the season that won't let up""; and directly beneath the subtitle a compact rounded pill reading ""5 DAYS"" in bold small caps. Nothing else overlaps the illustration below. Mood: weary steadiness · a lighthouse beam holding constant through an endless storm.","","1","When the Storm Doesn't Pass Overnight","Ketika Badai Tidak Berlalu Semalam","Some storms arrive and leave within an hour. Others move in and simply stay — a demanding season at work, a long illness in the family, a stretch of financial strain, caregiving that never quite lets up. This kind of chaos is different from a sudden crisis; it doesn't ask for one dramatic act of courage but for a thousand small ones, day after day, without an obvious finish line in sight.

Jesus' words to His disciples in John's Gospel were spoken on the night before His arrest — not a single bad evening, but the beginning of the most sustained trial of their lives. He knew what was coming was not a quick storm but a prolonged one, grief stacked on grief, uncertainty stretching out for days. And it is precisely into that kind of extended turmoil that He says, 'Peace I leave with you; my peace I give you.'

Notice what He does not say. He does not say 'I will remove the coming trial.' He says He is leaving something with them — a peace that is not dependent on the trial ending, a peace given as a possession they carry with them into whatever comes next. 'Not as the world gives,' He adds, because the world's peace usually requires circumstances to cooperate. His does not.

If you are in a season like this — not a single wave but a whole ocean that hasn't calmed for weeks or months — today's word is for you specifically. This peace was given to be carried through a long stretch, not just a single storm. You are allowed to still be tired. You are allowed to still be waiting. And you are allowed to hold His peace at the very same time.","Beberapa badai datang dan pergi dalam satu jam. Yang lain datang dan menetap begitu saja — musim yang menuntut di tempat kerja, sakit yang panjang dalam keluarga, masa kesulitan finansial, merawat orang lain yang tidak kunjung mereda. Kekacauan jenis ini berbeda dari krisis mendadak; ini tidak meminta satu tindakan keberanian yang dramatis, tetapi ribuan tindakan kecil, hari demi hari, tanpa garis akhir yang jelas terlihat.

Kata-kata Yesus kepada para murid-Nya dalam Injil Yohanes diucapkan pada malam sebelum penangkapan-Nya — bukan satu malam buruk saja, melainkan awal dari cobaan paling berkepanjangan dalam hidup mereka. Ia tahu apa yang akan datang bukanlah badai singkat melainkan badai yang panjang, duka bertumpuk duka, ketidakpastian yang membentang selama berhari-hari. Dan justru ke dalam kekacauan panjang semacam itulah Ia berkata, 'Damai sejahtera Kutinggalkan bagimu. Damai sejahtera-Ku Kuberikan kepadamu.'

Perhatikan apa yang tidak Ia katakan. Ia tidak berkata 'Aku akan menyingkirkan cobaan yang akan datang.' Ia berkata bahwa Ia meninggalkan sesuatu bersama mereka — damai yang tidak bergantung pada berakhirnya cobaan itu, damai yang diberikan sebagai milik yang mereka bawa ke dalam apa pun yang akan terjadi selanjutnya. 'Bukan seperti yang diberikan oleh dunia,' tambah-Nya, sebab damai dunia biasanya menuntut keadaan untuk bekerja sama. Damai-Nya tidak.

Jika kau sedang berada dalam musim semacam ini — bukan satu gelombang saja tetapi satu samudra penuh yang belum reda selama berminggu-minggu atau berbulan-bulan — firman hari ini khusus untukmu. Damai ini diberikan untuk dibawa melalui masa yang panjang, bukan hanya satu badai saja. Kau diperbolehkan untuk tetap lelah. Kau diperbolehkan untuk tetap menunggu. Dan kau diperbolehkan memegang damai-Nya pada saat yang sama.","John 14:27 | Peace I leave with you; my peace I give you. I do not give to you as the world gives. Do not let your hearts be troubled and do not be afraid.","Yohanes 14:27 | Damai sejahtera Kutinggalkan bagimu. Damai sejahtera-Ku Kuberikan kepadamu, dan apa yang Kuberikan tidak seperti yang diberikan oleh dunia kepadamu. Janganlah gelisah dan gentar hatimu.","His peace was never meant for the short storm alone — it was given to be carried through the long one.","Damai-Nya tidak pernah dimaksudkan hanya untuk badai singkat — damai itu diberikan untuk dibawa melalui badai yang panjang.","Lord Jesus, this season has gone on longer than I expected, and I am tired. Thank You that Your peace was never dependent on my circumstances changing first. Help me carry it today, one more day at a time. Amen.","Tuhan Yesus, musim ini berlangsung lebih lama dari yang kuduga, dan aku lelah. Terima kasih bahwa damai-Mu tidak pernah bergantung pada perubahan keadaanku lebih dulu. Tolong aku membawanya hari ini, sehari demi sehari. Amin."
"Peace","Damai","Peace in Life's Storms","Damai di Tengah Badai","Steady Through the Ongoing Chaos","Teguh di Tengah Kekacauan yang Berkepanjangan","Peace for the season that won't let up","Damai untuk musim yang tak kunjung mereda","5","For the exhausting stretch when the crisis isn't a single event but a whole season — juggling too much, carrying too many people, running on too little rest. This five-day devotion is about learning to stay calm not because the chaos has ended, but because your mind has been trained on something steadier than the noise.","Untuk masa yang melelahkan ketika krisis bukan lagi satu peristiwa tetapi satu musim penuh — menyeimbangkan terlalu banyak hal, menanggung terlalu banyak orang, berjalan dengan istirahat yang terlalu sedikit. Renungan lima hari ini tentang belajar tetap tenang bukan karena kekacauan telah berakhir, tetapi karena pikiran kita telah dilatih untuk tertuju pada sesuatu yang lebih teguh daripada kebisingan itu.","A portrait-orientation 3:4 minimalist linocut print of a single tall lighthouse standing on a rocky outcrop, surrounded by swirling, densely hatched linocut waves and windblown rain marks that fill most of the composition with chaotic energy, while the lighthouse itself is rendered in bold, calm, uncluttered black outlines with one warm-toned beam of light cutting steadily across the storm. Traditional linocut texture: visible carved gouge marks, high contrast, limited color blocks. Palette: deep prussian blue, off-white paper texture, charcoal black linework, with a single warm mustard-yellow for the lighthouse beam. Mood: worn but unmoved, steady amid constant motion. All lettering is grouped together at the very top of the composition for maximum legibility, stacked on a soft solid-color band or gentle scrim so it stays readable against the artwork behind it: the title ""Steady Through the Ongoing Chaos"" first, largest, in a clean bold woodblock-style serif lettering; directly beneath it the smaller subtitle ""Peace for the season that won't let up""; and directly beneath the subtitle a compact rounded pill reading ""5 DAYS"" in bold small caps. Nothing else overlaps the illustration below. Mood: weary steadiness · a lighthouse beam holding constant through an endless storm.","","2","Casting the Weight You Were Never Meant to Carry","Melemparkan Beban yang Tidak Pernah Dirancang untuk Kau Pikul","There is a particular exhaustion that sets in when chaos becomes ongoing rather than momentary — a weariness less about any single burden and more about the sheer accumulation of carrying everything for so long without setting any of it down. Many of us respond to prolonged overwhelm by gripping tighter, believing that letting go of even one worry would mean things fall apart.

The psalmist offers a different instruction: cast your burden on the Lord, and He will sustain you. The word 'cast' is active and physical — it is not a gentle setting-down but a deliberate throwing, the same energy you might use to throw something you no longer intend to pick back up. This is not passive resignation; it is a decisive act of trust, repeated as often as the weight returns.

What follows the casting is not the disappearance of the burden but sustaining — God's ongoing strength to keep carrying what remains, even in a season that has no clear end date. This is important for anyone in prolonged chaos: the promise is not a single rescue that ends the difficulty. It is sustained strength, given in the exact measure needed for each day of an extended trial.

Today, consider what you have been gripping so tightly that you have forgotten it was ever meant to be shared. Practice the physical act the psalm describes — naming the specific weight, and consciously throwing it toward God rather than merely acknowledging it. Do this again tomorrow. And the day after. Sustaining grace tends to arrive in daily portions, not all at once.","Ada kelelahan tertentu yang muncul ketika kekacauan menjadi berkepanjangan alih-alih sesaat — kelelahan yang bukan tentang satu beban saja, melainkan tentang akumulasi murni dari memikul segalanya begitu lama tanpa pernah meletakkan satu pun. Banyak dari kita merespons kekacauan yang panjang dengan menggenggam lebih erat, meyakini bahwa melepaskan bahkan satu kekhawatiran akan membuat semuanya runtuh.

Pemazmur menawarkan instruksi yang berbeda: serahkanlah kuatirmu kepada TUHAN, maka Ia akan memelihara engkau. Kata 'serahkan' bersifat aktif dan fisik — ini bukan meletakkan dengan lembut, melainkan melemparkan dengan sengaja, energi yang sama seperti melemparkan sesuatu yang tidak lagi ingin kau ambil kembali. Ini bukan kepasrahan yang pasif; ini adalah tindakan percaya yang tegas, diulang sesering bebannya kembali.

Yang mengikuti tindakan melemparkan ini bukanlah hilangnya beban itu, melainkan pemeliharaan — kekuatan Allah yang terus-menerus untuk tetap memikul apa yang tersisa, bahkan dalam musim yang tidak memiliki tanggal akhir yang jelas. Ini penting bagi siapa pun dalam kekacauan yang berkepanjangan: janjinya bukanlah satu penyelamatan tunggal yang mengakhiri kesulitan. Itu adalah kekuatan yang dipelihara terus-menerus, diberikan dalam ukuran yang tepat untuk setiap hari dari cobaan yang panjang.

Hari ini, pertimbangkan apa yang telah kau genggam begitu erat sehingga kau lupa bahwa itu sebenarnya dimaksudkan untuk dibagikan. Praktikkan tindakan fisik yang digambarkan mazmur ini — sebutkan beban yang spesifik, dan dengan sadar lemparkanlah kepada Allah, bukan sekadar mengakuinya. Lakukan lagi besok. Dan hari berikutnya. Anugerah pemeliharaan cenderung datang dalam porsi harian, bukan sekaligus.","Psalm 55:22 | Cast your cares on the Lord and he will sustain you; he will never let the righteous be shaken.","Mazmur 55:23 | Serahkanlah kuatirmu kepada TUHAN, maka Ia akan memelihara engkau! Tidak untuk selama-lamanya dibiarkan-Nya orang benar itu goyah.","Casting your burden is a daily act, not a one-time decision — sustaining grace comes in daily portions.","Melemparkan bebanmu adalah tindakan harian, bukan keputusan sekali jadi — anugerah pemeliharaan datang dalam porsi harian.","Lord, I have been gripping this so tightly for so long. I throw it toward You now, not because it disappears, but because I trust You to sustain me as I keep going. Amen.","Tuhan, aku telah menggenggam ini begitu erat begitu lama. Aku melemparkannya kepada-Mu sekarang, bukan karena bebannya lenyap, tetapi karena aku percaya Engkau akan memeliharaku saat aku terus melangkah. Amin."
"Peace","Damai","Peace in Life's Storms","Damai di Tengah Badai","Steady Through the Ongoing Chaos","Teguh di Tengah Kekacauan yang Berkepanjangan","Peace for the season that won't let up","Damai untuk musim yang tak kunjung mereda","5","For the exhausting stretch when the crisis isn't a single event but a whole season — juggling too much, carrying too many people, running on too little rest. This five-day devotion is about learning to stay calm not because the chaos has ended, but because your mind has been trained on something steadier than the noise.","Untuk masa yang melelahkan ketika krisis bukan lagi satu peristiwa tetapi satu musim penuh — menyeimbangkan terlalu banyak hal, menanggung terlalu banyak orang, berjalan dengan istirahat yang terlalu sedikit. Renungan lima hari ini tentang belajar tetap tenang bukan karena kekacauan telah berakhir, tetapi karena pikiran kita telah dilatih untuk tertuju pada sesuatu yang lebih teguh daripada kebisingan itu.","A portrait-orientation 3:4 minimalist linocut print of a single tall lighthouse standing on a rocky outcrop, surrounded by swirling, densely hatched linocut waves and windblown rain marks that fill most of the composition with chaotic energy, while the lighthouse itself is rendered in bold, calm, uncluttered black outlines with one warm-toned beam of light cutting steadily across the storm. Traditional linocut texture: visible carved gouge marks, high contrast, limited color blocks. Palette: deep prussian blue, off-white paper texture, charcoal black linework, with a single warm mustard-yellow for the lighthouse beam. Mood: worn but unmoved, steady amid constant motion. All lettering is grouped together at the very top of the composition for maximum legibility, stacked on a soft solid-color band or gentle scrim so it stays readable against the artwork behind it: the title ""Steady Through the Ongoing Chaos"" first, largest, in a clean bold woodblock-style serif lettering; directly beneath it the smaller subtitle ""Peace for the season that won't let up""; and directly beneath the subtitle a compact rounded pill reading ""5 DAYS"" in bold small caps. Nothing else overlaps the illustration below. Mood: weary steadiness · a lighthouse beam holding constant through an endless storm.","","3","A Mind Fixed on You","Pikiran yang Tetap Terarah kepada-Mu","In a prolonged season of chaos, the mind is often the first casualty. Thoughts scatter across a dozen unresolved problems at once — the medical appointment, the budget, the relationship that needs mending, the deadline that won't wait. It becomes hard to think about any one thing clearly because everything is clamoring for attention simultaneously. Isaiah's promise speaks directly into this scattered state.

'You will keep in perfect peace those whose minds are steadfast, because they trust in you.' The Hebrew behind 'perfect peace' is literally 'shalom shalom' — peace doubled, peace upon peace, an intensified form used nowhere else quite like this in Scripture. It is peace at a depth that matches the depth of the chaos it is meant to counter.

But notice the condition attached: minds that are steadfast, fixed, trusting. This is not a passive promise that happens to us automatically; it describes a practiced posture, a mind that has been deliberately trained, again and again, to return its attention to God rather than to the swirling list of unresolved concerns. In an ongoing crisis, this training rarely happens once. It happens as a daily discipline, sometimes an hourly one.

Today, notice how often your mind drifts toward the whole tangled list of what's unresolved, and practice gently redirecting it — not by denying the list exists, but by fixing your attention, again, on the God who holds it all. This is not a technique for eliminating chaos from your circumstances. It is a practice for keeping your mind anchored while the chaos continues around you.","Dalam musim kekacauan yang berkepanjangan, pikiran sering kali menjadi korban pertama. Pikiran tercerai-berai ke selusin masalah yang belum terselesaikan sekaligus — janji dokter, anggaran, hubungan yang perlu diperbaiki, tenggat waktu yang tidak bisa menunggu. Menjadi sulit untuk memikirkan satu hal dengan jernih karena segalanya menuntut perhatian secara bersamaan. Janji Yesaya berbicara langsung ke dalam keadaan yang tercerai-berai ini.

'Yang hatinya teguh Kaujagai dengan damai sejahtera, sebab kepada-Mu-lah ia percaya.' Kata di balik 'damai sejahtera' dalam bahasa Ibrani secara harfiah adalah 'shalom shalom' — damai yang digandakan, damai atas damai, bentuk yang diperkuat yang tidak digunakan di tempat lain dalam Alkitab dengan cara seperti ini. Ini adalah damai pada kedalaman yang sepadan dengan kedalaman kekacauan yang dimaksudkan untuk dilawannya.

Namun perhatikan syarat yang menyertainya: hati yang teguh, tetap terarah, percaya. Ini bukan janji pasif yang terjadi secara otomatis pada kita; ini menggambarkan sikap yang dilatih, pikiran yang dengan sengaja dilatih, berulang kali, untuk mengembalikan perhatiannya kepada Allah alih-alih kepada daftar kekhawatiran yang berputar-putar dan belum terselesaikan. Dalam krisis yang berkepanjangan, pelatihan ini jarang terjadi sekali saja. Itu terjadi sebagai disiplin harian, kadang bahkan disiplin setiap jam.

Hari ini, perhatikan seberapa sering pikiranmu melayang ke seluruh daftar yang belum terselesaikan itu, dan berlatihlah dengan lembut mengarahkannya kembali — bukan dengan menyangkal bahwa daftar itu ada, tetapi dengan menetapkan perhatianmu, sekali lagi, kepada Allah yang memegang semuanya. Ini bukan teknik untuk menghilangkan kekacauan dari keadaanmu. Ini adalah praktik untuk menjaga pikiranmu tetap berlabuh selagi kekacauan itu terus berlangsung di sekitarmu.","Isaiah 26:3 | You will keep in perfect peace those whose minds are steadfast, because they trust in you.","Yesaya 26:3 | Yang hatinya teguh Kaujagai dengan damai sejahtera, sebab kepada-Mu-lah ia percaya.","Perfect peace is promised not to a chaos-free life, but to a mind repeatedly returned to trust.","Damai sejahtera yang sempurna dijanjikan bukan kepada hidup yang bebas kekacauan, melainkan kepada pikiran yang berulang kali dikembalikan pada kepercayaan.","Father, my mind keeps scattering to everything unresolved. Gently draw my attention back to You, again and again today, and keep me in the peace You promise to steadfast trust. Amen.","Bapa, pikiranku terus tercerai-berai ke segala hal yang belum selesai. Tariklah perhatianku kembali kepada-Mu dengan lembut, berulang kali hari ini, dan jagalah aku dalam damai sejahtera yang Kau janjikan bagi kepercayaan yang teguh. Amin."
"Peace","Damai","Peace in Life's Storms","Damai di Tengah Badai","Steady Through the Ongoing Chaos","Teguh di Tengah Kekacauan yang Berkepanjangan","Peace for the season that won't let up","Damai untuk musim yang tak kunjung mereda","5","For the exhausting stretch when the crisis isn't a single event but a whole season — juggling too much, carrying too many people, running on too little rest. This five-day devotion is about learning to stay calm not because the chaos has ended, but because your mind has been trained on something steadier than the noise.","Untuk masa yang melelahkan ketika krisis bukan lagi satu peristiwa tetapi satu musim penuh — menyeimbangkan terlalu banyak hal, menanggung terlalu banyak orang, berjalan dengan istirahat yang terlalu sedikit. Renungan lima hari ini tentang belajar tetap tenang bukan karena kekacauan telah berakhir, tetapi karena pikiran kita telah dilatih untuk tertuju pada sesuatu yang lebih teguh daripada kebisingan itu.","A portrait-orientation 3:4 minimalist linocut print of a single tall lighthouse standing on a rocky outcrop, surrounded by swirling, densely hatched linocut waves and windblown rain marks that fill most of the composition with chaotic energy, while the lighthouse itself is rendered in bold, calm, uncluttered black outlines with one warm-toned beam of light cutting steadily across the storm. Traditional linocut texture: visible carved gouge marks, high contrast, limited color blocks. Palette: deep prussian blue, off-white paper texture, charcoal black linework, with a single warm mustard-yellow for the lighthouse beam. Mood: worn but unmoved, steady amid constant motion. All lettering is grouped together at the very top of the composition for maximum legibility, stacked on a soft solid-color band or gentle scrim so it stays readable against the artwork behind it: the title ""Steady Through the Ongoing Chaos"" first, largest, in a clean bold woodblock-style serif lettering; directly beneath it the smaller subtitle ""Peace for the season that won't let up""; and directly beneath the subtitle a compact rounded pill reading ""5 DAYS"" in bold small caps. Nothing else overlaps the illustration below. Mood: weary steadiness · a lighthouse beam holding constant through an endless storm.","","4","Pressed but Not Crushed","Ditindas Namun Tidak Terjepit","Paul knew what it was to live inside an unrelenting season. His ministry was marked by ongoing hardship — hard pressed, persecuted, struck down — not a single crisis but a compounding series of them across years of travel and opposition. Yet in the middle of listing these very real difficulties, he adds a startling qualifier after each one: hard pressed, but not crushed; persecuted, but not abandoned; struck down, but not destroyed.

This is not toxic positivity dressed up in Scripture. Paul is not denying the pressure; he names it plainly. What he refuses is the conclusion that pressure automatically leads to crushing. There is a difference between being under weight and being flattened by it, and Paul lived that difference daily, under real and sustained hardship, not from a place of theory but of lived experience.

For anyone in an ongoing chaotic season, this distinction offers real hope. You may indeed be hard pressed right now — genuinely, not exaggeratedly. That does not mean you are being crushed. The pressure and the sustaining can coexist; in fact, Scripture suggests they usually do. The peace being offered here is not the absence of pressure but the assurance that pressure has a limit it cannot cross while you remain held.

Today, if you are feeling the weight of a season that has gone on too long, try naming both halves of Paul's pattern honestly: name the pressure without minimizing it, and then name the truth that you have not, in fact, been crushed — you are still here, still standing, still able to read these words. That itself is evidence of a sustaining grace already at work.","Paulus tahu bagaimana rasanya hidup dalam musim yang tak kunjung reda. Pelayanannya diwarnai oleh kesulitan yang berkepanjangan — ditindas, dianiaya, dihempaskan — bukan satu krisis saja, melainkan rangkaian krisis yang bertumpuk selama bertahun-tahun perjalanan dan perlawanan. Namun di tengah mendaftar kesulitan-kesulitan yang sungguh nyata ini, ia menambahkan kualifikasi yang mengejutkan setelah masing-masing: ditindas dari segala sudut, namun tidak terjepit; habis akal, namun tidak putus asa; dianiaya, namun tidak ditinggalkan sendirian.

Ini bukan positivitas semu yang dibungkus dengan Alkitab. Paulus tidak menyangkal tekanan itu; ia menyebutnya dengan jelas. Yang ia tolak adalah kesimpulan bahwa tekanan otomatis berujung pada keterjepitan. Ada perbedaan antara berada di bawah beban dan diratakan olehnya, dan Paulus menjalani perbedaan itu setiap hari, di bawah kesulitan yang nyata dan berkepanjangan, bukan dari tempat teori melainkan dari pengalaman yang dijalani.

Bagi siapa pun yang berada dalam musim kacau yang berkepanjangan, perbedaan ini menawarkan harapan yang nyata. Kau mungkin memang sedang ditindas sekarang — sungguh-sungguh, bukan dilebih-lebihkan. Itu tidak berarti kau sedang terjepit. Tekanan dan pemeliharaan bisa hidup berdampingan; bahkan, Alkitab menunjukkan biasanya memang begitu. Damai yang ditawarkan di sini bukanlah ketiadaan tekanan, melainkan jaminan bahwa tekanan itu memiliki batas yang tidak bisa dilampauinya selama kau tetap dipegang.

Hari ini, jika kau merasakan beratnya musim yang sudah berlangsung terlalu lama, cobalah menyebutkan kedua bagian dari pola Paulus dengan jujur: sebutkan tekanannya tanpa meremehkannya, lalu sebutkan kebenaran bahwa kau sesungguhnya belum terjepit — kau masih di sini, masih berdiri, masih mampu membaca kata-kata ini. Itu sendiri adalah bukti anugerah pemeliharaan yang sudah bekerja.","2 Corinthians 4:8-9 | We are hard pressed on every side, but not crushed; perplexed, but not in despair; persecuted, but not abandoned; struck down, but not destroyed.","2 Korintus 4:8-9 | Dalam segala hal kami ditindas, namun tidak terjepit; habis akal, namun tidak putus asa; dianiaya, namun tidak ditinggalkan; dihempaskan, namun tidak binasa.","Being under pressure and being sustained are not opposites — Paul lived proof they coexist.","Berada di bawah tekanan dan dipelihara bukanlah dua hal yang berlawanan — Paulus adalah bukti hidup bahwa keduanya bisa berdampingan.","Lord, I won't pretend the pressure isn't real. But thank You that pressed is not the same as crushed. Keep sustaining me in whatever this season still holds. Amen.","Tuhan, aku tidak akan berpura-pura bahwa tekanan ini tidak nyata. Tetapi terima kasih bahwa ditindas tidak sama dengan terjepit. Teruslah memeliharaku dalam apa pun yang masih ditahan musim ini. Amin."
"Peace","Damai","Peace in Life's Storms","Damai di Tengah Badai","Steady Through the Ongoing Chaos","Teguh di Tengah Kekacauan yang Berkepanjangan","Peace for the season that won't let up","Damai untuk musim yang tak kunjung mereda","5","For the exhausting stretch when the crisis isn't a single event but a whole season — juggling too much, carrying too many people, running on too little rest. This five-day devotion is about learning to stay calm not because the chaos has ended, but because your mind has been trained on something steadier than the noise.","Untuk masa yang melelahkan ketika krisis bukan lagi satu peristiwa tetapi satu musim penuh — menyeimbangkan terlalu banyak hal, menanggung terlalu banyak orang, berjalan dengan istirahat yang terlalu sedikit. Renungan lima hari ini tentang belajar tetap tenang bukan karena kekacauan telah berakhir, tetapi karena pikiran kita telah dilatih untuk tertuju pada sesuatu yang lebih teguh daripada kebisingan itu.","A portrait-orientation 3:4 minimalist linocut print of a single tall lighthouse standing on a rocky outcrop, surrounded by swirling, densely hatched linocut waves and windblown rain marks that fill most of the composition with chaotic energy, while the lighthouse itself is rendered in bold, calm, uncluttered black outlines with one warm-toned beam of light cutting steadily across the storm. Traditional linocut texture: visible carved gouge marks, high contrast, limited color blocks. Palette: deep prussian blue, off-white paper texture, charcoal black linework, with a single warm mustard-yellow for the lighthouse beam. Mood: worn but unmoved, steady amid constant motion. All lettering is grouped together at the very top of the composition for maximum legibility, stacked on a soft solid-color band or gentle scrim so it stays readable against the artwork behind it: the title ""Steady Through the Ongoing Chaos"" first, largest, in a clean bold woodblock-style serif lettering; directly beneath it the smaller subtitle ""Peace for the season that won't let up""; and directly beneath the subtitle a compact rounded pill reading ""5 DAYS"" in bold small caps. Nothing else overlaps the illustration below. Mood: weary steadiness · a lighthouse beam holding constant through an endless storm.","","5","Resting in the Rock That Doesn't Move","Berdiam di Gunung Batu yang Tidak Bergeser","There is a particular kind of soul-tiredness that comes from a chaos that just won't quit — not the sharp adrenaline of a single emergency, but the slow drain of month after month of managing, adapting, holding things together. By this point in a long season, most people are not looking for excitement or even answers. They are looking, simply, for a place to rest.

The psalmist's language here is unusually still for someone likely writing during real political danger: 'Truly my soul finds rest in God alone.' Not rest from God, as an occasional gift, but rest in Him, as a location, a dwelling place the soul can return to as often as needed, regardless of how unresolved the outer chaos remains. He calls God his rock, his salvation, his fortress — imagery of permanence in the middle of what was clearly not a stable season.

This kind of rest is not the same as the crisis resolving. The psalmist's enemies had not gone away; his circumstances had not necessarily improved. What had changed was where his soul had learned to go. Rest, in this sense, is less a feeling that arrives when everything settles and more a practiced return to an unmovable place, available at any hour, in the middle of any ongoing mess.

As you close this five-day journey through the long chaos, take a slow, deliberate moment to simply rest — not to solve, not to plan, not to manage, just for a few minutes to let your soul settle into the truth that God has been, and remains, your rock. The season may continue. But you now know a resting place that doesn't move with it.","Ada semacam kelelahan jiwa tertentu yang datang dari kekacauan yang tidak mau berhenti — bukan adrenalin tajam dari satu keadaan darurat, melainkan pengurasan perlahan dari bulan demi bulan mengelola, beradaptasi, menahan semuanya tetap utuh. Pada titik ini dalam musim yang panjang, kebanyakan orang tidak lagi mencari kegembiraan atau bahkan jawaban. Mereka mencari, sesederhana itu, tempat untuk beristirahat.

Bahasa pemazmur di sini terasa luar biasa tenang untuk seseorang yang kemungkinan menulis di tengah bahaya politik yang nyata: 'Hanya dekat Allah saja aku tenang.' Bukan istirahat dari Allah, sebagai pemberian sesekali, melainkan istirahat di dalam Dia, sebagai sebuah tempat, kediaman yang bisa didatangi jiwa sesering yang dibutuhkan, terlepas dari seberapa belum selesainya kekacauan di luar itu. Ia menyebut Allah gunung batunya, keselamatannya, kota bentengnya — gambaran keteguhan di tengah apa yang jelas bukanlah musim yang stabil.

Istirahat semacam ini tidak sama dengan krisis yang terselesaikan. Musuh-musuh pemazmur belum pergi; keadaannya belum tentu membaik. Yang berubah adalah ke mana jiwanya telah belajar untuk pergi. Istirahat, dalam pengertian ini, bukan sekadar perasaan yang datang ketika semuanya mereda, melainkan lebih pada kembalinya secara terlatih ke tempat yang tidak bergeser, tersedia pada jam berapa pun, di tengah kekacauan apa pun yang masih berlangsung.

Saat kau menutup perjalanan lima hari melalui kekacauan yang panjang ini, luangkan waktu perlahan dan sengaja untuk sekadar beristirahat — bukan untuk menyelesaikan, bukan untuk merencanakan, bukan untuk mengelola, hanya beberapa menit untuk membiarkan jiwamu berdiam dalam kebenaran bahwa Allah telah, dan tetap, menjadi gunung batumu. Musimnya mungkin akan berlanjut. Tetapi kini kau mengenal tempat istirahat yang tidak ikut bergeser bersamanya.","Psalm 62:1-2 | Truly my soul finds rest in God; my salvation comes from him. Truly he is my rock and my salvation; he is my fortress, I will never be shaken.","Mazmur 62:2-3 | Hanya dekat Allah saja aku tenang, dari pada-Nyalah keselamatanku. Hanya Dia gunung batuku dan keselamatanku, kota bentengku, aku takkan sangat goyah.","Rest here is not a feeling that arrives when chaos ends; it is a place your soul learns to return to while chaos continues.","Istirahat di sini bukan perasaan yang datang ketika kekacauan berakhir; itu adalah tempat yang dipelajari jiwa untuk didatangi kembali selagi kekacauan berlanjut.","Lord, my soul is tired of managing everything on its own. Let me rest in You now, not because the chaos has ended, but because You are the rock beneath all of it. Amen.","Tuhan, jiwaku lelah mengelola segalanya sendirian. Biarkan aku beristirahat di dalam-Mu sekarang, bukan karena kekacauan telah berakhir, melainkan karena Engkaulah gunung batu di bawah semuanya itu. Amin."
"Peace","Damai","Peace in Life's Storms","Damai di Tengah Badai","An Anchor That Cannot Be Shaken","Sauh yang Tak Tergoyahkan","Three days on peace that lives inside you, not around you","Tiga hari tentang damai yang hidup di dalam dirimu, bukan di sekitarmu","3","A short, focused three-day reset for anyone who has noticed their peace rising and falling with their circumstances. These devotions explore peace as an inner anchor — settled deep enough that it holds steady no matter what the outer weather is doing.","Penyegaran singkat dan terfokus selama tiga hari bagi siapa pun yang menyadari damainya naik turun mengikuti keadaan. Renungan ini menjelajahi damai sebagai sauh batin — tertanam cukup dalam sehingga tetap teguh apa pun cuaca di luar sana.","A portrait-orientation 3:4 ink-wash (sumi-e style) illustration of a single heavy iron ship's anchor resting motionless on the seabed, rendered in soft graduated black and grey ink washes, while above it the water's surface is suggested with a few loose, energetic brushstrokes showing turbulence and foam, sunlight breaking through in pale washes toward the top. The anchor itself is drawn with confident, minimal, deliberate linework, contrasted against the looser, more chaotic strokes of the water above. Palette: charcoal black ink, soft warm grey washes, pale parchment cream background, one restrained touch of muted gold where light reaches the anchor. Mood: quiet, grounded, unmoved. All lettering is grouped together at the very top of the composition for maximum legibility, stacked on a soft solid-color band or gentle scrim so it stays readable against the artwork behind it: the title ""An Anchor That Cannot Be Shaken"" first, largest, in an elegant thin-stroke serif lettering with calligraphic restraint; directly beneath it the smaller subtitle ""Three days on peace that lives inside you, not around you""; and directly beneath the subtitle a compact rounded pill reading ""3 DAYS"" in bold small caps. Nothing else overlaps the illustration below. Mood: grounded stillness · deep, unmoved calm beneath a restless surface.","","1","Hope That Holds the Soul Still","Pengharapan yang Menenangkan Jiwa","Most of us have noticed by now that peace which depends entirely on our circumstances is not very durable peace at all. It rises when things go well and collapses the moment they don't, which means we spend a great deal of energy simply trying to manage the outer weather so our inner state can stay calm. The letter to the Hebrews offers a different picture entirely — hope described as an anchor for the soul, firm and secure.

An anchor does something specific: it does not calm the sea above it. Waves can still roll, currents can still pull, the surface can still churn with real turbulence. What an anchor does is hold the vessel steady regardless, because it is fastened to something beneath the visible chaos, something the storm cannot reach or move. This is precisely the image Hebrews uses for the hope Christians hold — not a hope that stops the waves, but one that reaches behind the curtain, into the very presence of God, and holds there.

This distinction matters for anyone trying to build a peace that lasts. If your peace is anchored to your circumstances — the diagnosis clearing, the relationship healing, the finances stabilizing — it will move every time those things move. But an anchor set behind the curtain, in the unshakable presence of God Himself, does not rise and fall with the visible surface at all. It simply holds.

Today, consider where your soul's anchor is actually set. If it has drifted toward circumstances, gently begin resetting it toward the place Hebrews describes — not into an outcome you're hoping for, but into the steady, unchanging presence of God Himself, which no storm can reach.","Kebanyakan dari kita sudah menyadari bahwa damai yang sepenuhnya bergantung pada keadaan bukanlah damai yang tahan lama. Damai itu naik ketika segalanya berjalan baik dan runtuh begitu saja ketika tidak, yang berarti kita menghabiskan banyak energi hanya untuk mengelola cuaca di luar agar keadaan batin kita bisa tetap tenang. Surat Ibrani menawarkan gambaran yang sama sekali berbeda — pengharapan yang digambarkan sebagai sauh bagi jiwa, kokoh dan aman.

Sauh melakukan sesuatu yang spesifik: ia tidak menenangkan laut di atasnya. Gelombang masih bisa bergulung, arus masih bisa menarik, permukaan masih bisa bergolak dengan turbulensi yang nyata. Yang dilakukan sauh adalah menjaga kapal tetap teguh apa pun yang terjadi, sebab sauh itu terikat pada sesuatu di bawah kekacauan yang terlihat, sesuatu yang tidak bisa dijangkau atau digerakkan oleh badai. Inilah tepatnya gambaran yang digunakan Ibrani untuk pengharapan yang dipegang orang percaya — bukan pengharapan yang menghentikan gelombang, melainkan yang menembus tabir, masuk ke dalam hadirat Allah sendiri, dan berlabuh di sana.

Perbedaan ini penting bagi siapa pun yang berusaha membangun damai yang bertahan lama. Jika damaimu berlabuh pada keadaanmu — diagnosis yang membaik, hubungan yang pulih, keuangan yang stabil — damai itu akan bergerak setiap kali hal-hal itu bergerak. Tetapi sauh yang ditetapkan di balik tabir, dalam hadirat Allah sendiri yang tak tergoyahkan, tidak naik turun bersama permukaan yang terlihat sama sekali. Sauh itu hanya berlabuh.

Hari ini, pertimbangkan di mana sebenarnya sauh jiwamu ditetapkan. Jika ia telah bergeser ke arah keadaan, mulailah dengan lembut menetapkannya kembali ke tempat yang digambarkan Ibrani — bukan ke dalam hasil yang kau harapkan, melainkan ke dalam hadirat Allah sendiri yang tetap dan teguh, yang tidak dapat dijangkau badai apa pun.","Hebrews 6:19 | We have this hope as an anchor for the soul, firm and secure. It enters the inner sanctuary behind the curtain.","Ibrani 6:19 | Pengharapan itu adalah sauh yang kuat dan aman bagi jiwa kita, yang masuk sampai ke belakang tabir.","An anchor doesn't calm the waves — it holds you steady beneath them, fastened to something the storm cannot touch.","Sauh tidak menenangkan gelombang — sauh menjagamu tetap teguh di bawahnya, terikat pada sesuatu yang tidak dapat disentuh badai.","Lord, I confess my peace has been rising and falling with things I cannot control. Reset my anchor today, deep into Your unshakable presence, behind whatever curtain my circumstances cannot see past. Amen.","Tuhan, aku mengaku bahwa damaiku telah naik turun mengikuti hal-hal yang tidak bisa kukendalikan. Tetapkanlah kembali sauhku hari ini, tertanam dalam hadirat-Mu yang tak tergoyahkan, di balik tabir yang tidak dapat dilihat oleh keadaanku. Amin."
"Peace","Damai","Peace in Life's Storms","Damai di Tengah Badai","An Anchor That Cannot Be Shaken","Sauh yang Tak Tergoyahkan","Three days on peace that lives inside you, not around you","Tiga hari tentang damai yang hidup di dalam dirimu, bukan di sekitarmu","3","A short, focused three-day reset for anyone who has noticed their peace rising and falling with their circumstances. These devotions explore peace as an inner anchor — settled deep enough that it holds steady no matter what the outer weather is doing.","Penyegaran singkat dan terfokus selama tiga hari bagi siapa pun yang menyadari damainya naik turun mengikuti keadaan. Renungan ini menjelajahi damai sebagai sauh batin — tertanam cukup dalam sehingga tetap teguh apa pun cuaca di luar sana.","A portrait-orientation 3:4 ink-wash (sumi-e style) illustration of a single heavy iron ship's anchor resting motionless on the seabed, rendered in soft graduated black and grey ink washes, while above it the water's surface is suggested with a few loose, energetic brushstrokes showing turbulence and foam, sunlight breaking through in pale washes toward the top. The anchor itself is drawn with confident, minimal, deliberate linework, contrasted against the looser, more chaotic strokes of the water above. Palette: charcoal black ink, soft warm grey washes, pale parchment cream background, one restrained touch of muted gold where light reaches the anchor. Mood: quiet, grounded, unmoved. All lettering is grouped together at the very top of the composition for maximum legibility, stacked on a soft solid-color band or gentle scrim so it stays readable against the artwork behind it: the title ""An Anchor That Cannot Be Shaken"" first, largest, in an elegant thin-stroke serif lettering with calligraphic restraint; directly beneath it the smaller subtitle ""Three days on peace that lives inside you, not around you""; and directly beneath the subtitle a compact rounded pill reading ""3 DAYS"" in bold small caps. Nothing else overlaps the illustration below. Mood: grounded stillness · deep, unmoved calm beneath a restless surface.","","2","Because He Is Near, I Will Not Be Shaken","Sebab Ia di Sampingku, Aku Tidak Goyah","David wrote Psalm 16 not from a season of comfort but from a life marked by real threat — pursued, exiled at points, surrounded by genuine danger more than once. And yet buried in the middle of that psalm is one of the most quietly confident lines in all of Scripture: 'I have set the Lord always before me. Because he is at my right hand, I will not be shaken.'

Notice the structure of that sentence carefully. The steadiness — 'I will not be shaken' — is not the first move. It is the result of something else: 'I have set the Lord always before me.' This is deliberate, ongoing, repeated positioning, not a one-time decision made and forgotten. David is describing a practiced discipline of keeping his attention fixed on God's presence, and it is that fixed attention which produces the unshakability, not the other way around.

This matters for anyone who wants an inner anchor rather than a circumstantial one. Unshaken-ness is rarely something we simply feel our way into. It is something built, day after day, through the habit of consciously setting God before us — before our fears, before our to-do lists, before the noise of everything competing for our attention. The anchor holds because the placement is deliberate and renewed, not accidental.

Today, try David's practice literally: pause, and set the Lord before you — not as a background idea but as the deliberate center of your attention, right now, in this exact moment. Notice what happens to the shaking when your gaze is genuinely fixed there, even briefly. This is not a single breakthrough experience; it is a discipline you will return to tomorrow, and the day after, for the rest of your life.","Daud menulis Mazmur 16 bukan dari masa yang nyaman, melainkan dari kehidupan yang diwarnai ancaman nyata — dikejar, diasingkan pada titik-titik tertentu, dikelilingi bahaya yang sungguh nyata lebih dari sekali. Namun terkubur di tengah mazmur itu ada salah satu kalimat paling tenang dan penuh keyakinan dalam seluruh Alkitab: 'Aku senantiasa memandang kepada TUHAN, sebab Ia berdiri di sebelah kananku, aku tidak goyah.'

Perhatikan struktur kalimat itu dengan saksama. Keteguhan — 'aku tidak goyah' — bukanlah langkah pertama. Itu adalah hasil dari sesuatu yang lain: 'aku senantiasa memandang kepada TUHAN.' Ini adalah penempatan yang disengaja, berkelanjutan, berulang, bukan keputusan sekali jadi yang dibuat lalu dilupakan. Daud menggambarkan disiplin yang dilatih untuk menjaga perhatiannya tetap tertuju pada hadirat Allah, dan justru perhatian yang tetap terarah itulah yang menghasilkan ketidakgoyahan, bukan sebaliknya.

Ini penting bagi siapa pun yang menginginkan sauh batin, bukan sauh yang bergantung keadaan. Ketidakgoyahan jarang sekali sesuatu yang bisa kita rasakan begitu saja masuk ke dalamnya. Itu adalah sesuatu yang dibangun, hari demi hari, melalui kebiasaan dengan sadar menetapkan Allah di hadapan kita — sebelum ketakutan kita, sebelum daftar tugas kita, sebelum kebisingan segala sesuatu yang bersaing untuk mendapatkan perhatian kita. Sauh itu berlabuh karena penempatannya disengaja dan diperbarui, bukan kebetulan.

Hari ini, cobalah praktik Daud secara harfiah: berhentilah sejenak, dan tetapkanlah TUHAN di hadapanmu — bukan sebagai gagasan latar belakang, melainkan sebagai pusat perhatianmu yang disengaja, sekarang juga, pada saat ini persis. Perhatikan apa yang terjadi pada goncangan itu ketika pandanganmu sungguh-sungguh tertuju di sana, bahkan sebentar saja. Ini bukan pengalaman terobosan yang terjadi sekali saja; ini adalah disiplin yang akan kau kembali lakukan besok, dan hari berikutnya, sepanjang sisa hidupmu.","Psalm 16:8 | I keep my eyes always on the Lord. With him at my right hand, I will not be shaken.","Mazmur 16:8 | Aku senantiasa memandang kepada TUHAN; sebab Ia berdiri di sebelah kananku, aku tidak goyah.","Unshakability is not a feeling we stumble into; it is a discipline of setting God before us, renewed daily.","Ketidakgoyahan bukanlah perasaan yang kita temukan secara kebetulan; itu adalah disiplin menetapkan Allah di hadapan kita, diperbarui setiap hari.","Lord, I set You before me right now, deliberately, above every worry competing for my attention. Because You are near, let me not be shaken today. Amen.","Tuhan, aku menetapkan Engkau di hadapanku sekarang, dengan sengaja, di atas setiap kekhawatiran yang bersaing mendapatkan perhatianku. Sebab Engkau dekat, biarlah aku tidak goyah hari ini. Amin."
"Peace","Damai","Peace in Life's Storms","Damai di Tengah Badai","An Anchor That Cannot Be Shaken","Sauh yang Tak Tergoyahkan","Three days on peace that lives inside you, not around you","Tiga hari tentang damai yang hidup di dalam dirimu, bukan di sekitarmu","3","A short, focused three-day reset for anyone who has noticed their peace rising and falling with their circumstances. These devotions explore peace as an inner anchor — settled deep enough that it holds steady no matter what the outer weather is doing.","Penyegaran singkat dan terfokus selama tiga hari bagi siapa pun yang menyadari damainya naik turun mengikuti keadaan. Renungan ini menjelajahi damai sebagai sauh batin — tertanam cukup dalam sehingga tetap teguh apa pun cuaca di luar sana.","A portrait-orientation 3:4 ink-wash (sumi-e style) illustration of a single heavy iron ship's anchor resting motionless on the seabed, rendered in soft graduated black and grey ink washes, while above it the water's surface is suggested with a few loose, energetic brushstrokes showing turbulence and foam, sunlight breaking through in pale washes toward the top. The anchor itself is drawn with confident, minimal, deliberate linework, contrasted against the looser, more chaotic strokes of the water above. Palette: charcoal black ink, soft warm grey washes, pale parchment cream background, one restrained touch of muted gold where light reaches the anchor. Mood: quiet, grounded, unmoved. All lettering is grouped together at the very top of the composition for maximum legibility, stacked on a soft solid-color band or gentle scrim so it stays readable against the artwork behind it: the title ""An Anchor That Cannot Be Shaken"" first, largest, in an elegant thin-stroke serif lettering with calligraphic restraint; directly beneath it the smaller subtitle ""Three days on peace that lives inside you, not around you""; and directly beneath the subtitle a compact rounded pill reading ""3 DAYS"" in bold small caps. Nothing else overlaps the illustration below. Mood: grounded stillness · deep, unmoved calm beneath a restless surface.","","3","Letting Peace Rule, Not React","Membiarkan Damai Memerintah, Bukan Bereaksi","Paul's instruction to the church at Colossae uses an unusual word for peace's role in our lives: he says to let the peace of Christ 'rule' in our hearts. The Greek word carries the image of an umpire or arbiter — something that settles disputes, that has the final say when competing voices are all clamoring to be heard inside us. This is a strikingly active picture of peace, not a passive feeling that simply happens to arrive.

Think about what is actually competing for authority inside you on any given day — anxiety making its case, irritation making its case, fear insisting it knows best, old wounds arguing for attention. Paul is not suggesting these voices won't show up. He is instructing us to let something specific have the deciding vote when they do: not the loudest emotion, not the most recent trigger, but the peace of Christ, seated as arbiter over the whole internal courtroom.

This is what makes peace an anchor rather than a mood. A mood simply happens to us, rising and falling with whatever we've just experienced. An anchor is something we deliberately let rule, again and again, choosing its verdict over the louder, more immediate voices competing for the same authority. This is a lifelong practice, not a one-time achievement — which is precisely why Paul frames it as an ongoing instruction, not a single event.

As you close this three-day journey, take a moment to notice which voices have been ruling your heart lately, and consciously invite the peace of Christ to take the seat of authority instead — not because the competing voices go silent, but because you have decided, deliberately, who gets the final say. Let that be your practice today, and every day the storms of life bring their arguments to your door.","Instruksi Paulus kepada jemaat di Kolose menggunakan kata yang tidak biasa untuk peran damai dalam hidup kita: ia berkata biarlah damai sejahtera Kristus 'memerintah' dalam hati kita. Kata Yunani di baliknya membawa gambaran seorang wasit atau penengah — sesuatu yang menyelesaikan perselisihan, yang memiliki keputusan akhir ketika suara-suara yang bersaing semuanya menuntut untuk didengar di dalam diri kita. Ini adalah gambaran damai yang luar biasa aktif, bukan perasaan pasif yang begitu saja tiba.

Pikirkan apa yang sebenarnya bersaing untuk mendapatkan otoritas di dalam dirimu pada hari-hari biasa — kecemasan yang mengajukan argumennya, kejengkelan yang mengajukan argumennya, ketakutan yang bersikeras bahwa ia tahu yang terbaik, luka lama yang berdebat untuk mendapatkan perhatian. Paulus tidak menyarankan bahwa suara-suara ini tidak akan muncul. Ia menginstruksikan kita untuk membiarkan sesuatu yang spesifik memiliki suara penentu ketika suara-suara itu muncul: bukan emosi yang paling keras, bukan pemicu yang paling baru, melainkan damai sejahtera Kristus, yang duduk sebagai penengah atas seluruh ruang sidang batin itu.

Inilah yang membuat damai menjadi sauh, bukan sekadar suasana hati. Suasana hati begitu saja terjadi pada kita, naik turun mengikuti apa pun yang baru saja kita alami. Sauh adalah sesuatu yang dengan sengaja kita biarkan memerintah, berulang kali, memilih putusannya di atas suara-suara yang lebih keras dan lebih mendesak yang bersaing untuk otoritas yang sama. Ini adalah praktik seumur hidup, bukan pencapaian sekali jadi — itulah tepatnya sebabnya Paulus membingkainya sebagai instruksi yang berkelanjutan, bukan satu peristiwa tunggal.

Saat kau menutup perjalanan tiga hari ini, luangkan waktu sejenak untuk memperhatikan suara-suara mana yang belakangan ini memerintah hatimu, dan dengan sadar undanglah damai sejahtera Kristus untuk mengambil kursi otoritas itu — bukan karena suara-suara yang bersaing itu menjadi diam, melainkan karena kau telah memutuskan, dengan sengaja, siapa yang mendapat keputusan akhir. Biarlah itu menjadi praktikmu hari ini, dan setiap hari ketika badai kehidupan membawa argumen-argumennya ke depan pintumu.","Colossians 3:15 | Let the peace of Christ rule in your hearts, since as members of one body you were called to peace. And be thankful.","Kolose 3:15 | Hendaklah damai sejahtera Kristus memerintah dalam hatimu, karena untuk itulah kamu telah dipanggil menjadi satu tubuh. Dan bersyukurlah.","Peace becomes an anchor, not a mood, the moment you let it rule as the deciding vote over the louder voices inside you.","Damai menjadi sauh, bukan sekadar suasana hati, pada saat kau membiarkannya memerintah sebagai suara penentu di atas suara-suara yang lebih keras di dalam dirimu.","Christ, let Your peace rule in my heart today — not the loudest fear, not the newest worry, but Your peace, seated over all of it. I choose to let it have the final say. Amen.","Kristus, biarlah damai sejahtera-Mu memerintah dalam hatiku hari ini — bukan ketakutan yang paling keras, bukan kekhawatiran yang paling baru, melainkan damai-Mu, yang duduk di atas semuanya itu. Aku memilih untuk membiarkannya memiliki keputusan akhir. Amin."
